                  Temp     Hi    Low   Out    Dew  Wind  Wind   Wind    Hi    Hi   Wind   Heat    THW                Rain    Heat    Cool    In     In    In     In   Wind  Wind    ISS   Arc.
  Date    Time     Out   Temp   Temp   Hum    Pt. Speed   Dir    Run Speed   Dir  Chill  Index  Index   Bar    Rain  Rate    D-D     D-D    Temp   Hum    Dew   Heat  Samp   Tx   Recept  Int.
------------------------------------------------------------------------------------------------------------------------------------------------------------------------------------------------
 2/10/26   0:05    8.7    8.8    8.7    80    5.5   0.0   ---   0.00   0.0   ---    8.7    8.7    8.7  1020.7  0.00   0.0   0.033   0.000   17.2    68   11.3   17.0    93    8     95.9    5 
 2/10/26   0:10    8.6    8.7    8.6    80    5.4   0.0   ---   0.00   0.0   ---    8.6    8.5    8.5  1020.6  0.00   0.0   0.034   0.000   17.2    68   11.3   17.0    92    8     94.8    5 
 2/10/26   0:15    8.5    8.7    8.5    80    5.2   0.0   ---   0.00   0.0   ---    8.5    8.4    8.4  1020.7  0.00   0.0   0.034   0.000   17.2    68   11.3   17.0    93    8     95.9    5 
 2/10/26   0:20    8.4    8.6    8.4    80    5.2   0.0   ---   0.00   0.0   ---    8.4    8.3    8.3  1020.7  0.00   0.0   0.034   0.000   17.2    68   11.3   17.0    90    8     92.8    5 
 2/10/26   0:25    8.4    8.4    8.4    81    5.3   0.0   ---   0.00   0.0   ---    8.4    8.3    8.3  1020.7  0.00   0.0   0.035   0.000   17.2    68   11.3   17.0    95    8     97.9    5 
 2/10/26   0:30    8.3    8.4    8.3    81    5.3   0.0   ---   0.00   0.0   ---    8.3    8.2    8.2  1020.7  0.00   0.0   0.035   0.000   17.2    68   11.3   17.0    91    8     93.8    5 
 2/10/26   0:35    8.2    8.3    8.2    81    5.2   0.0   ---   0.00   0.0   ---    8.2    8.1    8.1  1020.5  0.00   0.0   0.035   0.000   17.2    68   11.2   16.9    93    8     95.9    5 
 2/10/26   0:40    8.2    8.3    8.2    81    5.2   0.0   ---   0.00   0.0   ---    8.2    8.1    8.1  1020.4  0.00   0.0   0.035   0.000   17.2    68   11.3   17.0    93    8     95.9    5 
 2/10/26   0:45    8.1    8.2    8.1    81    5.0   0.0   ---   0.00   0.0   ---    8.1    8.0    8.0  1020.3  0.00   0.0   0.035   0.000   17.2    68   11.3   17.0    93    8     95.9    5 
 2/10/26   0:50    8.1    8.1    8.1    82    5.2   0.0   ---   0.00   0.0   ---    8.1    8.1    8.1  1020.3  0.00   0.0   0.035   0.000   17.2    68   11.2   16.9    94    8     96.9    5 
 2/10/26   0:55    8.1    8.1    8.0    82    5.2   0.0   ---   0.00   0.0   ---    8.1    8.0    8.0  1020.2  0.00   0.0   0.036   0.000   17.2    68   11.2   16.9    94    8     96.9    5 
 2/10/26   1:00    8.0    8.1    7.9    81    4.9   0.0   ---   0.00   0.0   ---    8.0    7.9    7.9  1020.0  0.00   0.0   0.036   0.000   17.2    68   11.2   16.9    93    8     95.9    5 
 2/10/26   1:05    7.9    7.9    7.9    82    5.0   0.0   ---   0.00   0.0   ---    7.9    7.8    7.8  1020.0  0.00   0.0   0.036   0.000   17.2    68   11.2   16.9    94    8     96.9    5 
 2/10/26   1:10    7.9    7.9    7.8    82    5.0   0.0   ---   0.00   0.0   ---    7.9    7.8    7.8  1020.0  0.00   0.0   0.036   0.000   17.2    68   11.2   16.9    95    8     97.9    5 
 2/10/26   1:15    7.8    7.9    7.8    82    4.9   0.0   ---   0.00   0.0   ---    7.8    7.8    7.8  1020.0  0.00   0.0   0.036   0.000   17.2    68   11.2   16.9    94    8     96.9    5 
 2/10/26   1:20    7.7    7.8    7.7    82    4.8   0.0   ---   0.00   0.0   ---    7.7    7.6    7.6  1020.1  0.00   0.0   0.037   0.000   17.2    68   11.2   16.9    94    8     96.9    5 
 2/10/26   1:25    7.6    7.7    7.6    83    4.9   0.0   ---   0.00   0.0   ---    7.6    7.6    7.6  1020.2  0.00   0.0   0.037   0.000   17.2    68   11.2   16.9    97    8    100.0    5 
 2/10/26   1:30    7.6    7.7    7.6    83    4.9   0.0   ---   0.00   0.0   ---    7.6    7.6    7.6  1020.3  0.00   0.0   0.037   0.000   17.2    68   11.2   16.9    94    8     96.9    5 
 2/10/26   1:35    7.6    7.6    7.6    83    4.9   0.0   ---   0.00   0.0   ---    7.6    7.6    7.6  1020.3  0.00   0.0   0.037   0.000   17.2    68   11.2   16.9    94    8     96.9    5 
 2/10/26   1:40    7.6    7.6    7.6    83    4.9   0.0   ---   0.00   0.0   ---    7.6    7.6    7.6  1020.4  0.00   0.0   0.037   0.000   17.2    68   11.2   16.9    95    8     97.9    5 
 2/10/26   1:45    7.6    7.6    7.6    83    4.9   0.0   ---   0.00   0.0   ---    7.6    7.5    7.5  1020.5  0.00   0.0   0.037   0.000   17.2    68   11.2   16.9    93    8     95.9    5 
 2/10/26   1:50    7.6    7.6    7.5    83    4.9   0.0   ---   0.00   0.0   ---    7.6    7.6    7.6  1020.5  0.00   0.0   0.037   0.000   17.2    68   11.2   16.9    96    8     99.0    5 
 2/10/26   1:55    7.6    7.6    7.6    83    4.9   0.0   ---   0.00   0.0   ---    7.6    7.6    7.6  1020.5  0.00   0.0   0.037   0.000   17.2    68   11.2   16.9    96    8     99.0    5 
 2/10/26   2:00    7.6    7.6    7.6    82    4.7   0.0   ---   0.00   0.0   ---    7.6    7.5    7.5  1020.4  0.00   0.0   0.037   0.000   17.2    68   11.2   16.9    96    8     99.0    5 
 2/10/26   2:05    7.6    7.6    7.5    82    4.7   0.0   ---   0.00   0.0   ---    7.6    7.5    7.5  1020.4  0.00   0.0   0.037   0.000   17.2    68   11.2   16.9    92    8     94.8    5 
 2/10/26   2:10    7.5    7.6    7.5    82    4.6   0.0   ---   0.00   0.0   ---    7.5    7.4    7.4  1020.3  0.00   0.0   0.038   0.000   17.2    68   11.2   16.9    94    8     96.9    5 
 2/10/26   2:15    7.5    7.6    7.5    82    4.6   0.0   ---   0.00   0.0   ---    7.5    7.4    7.4  1020.3  0.00   0.0   0.038   0.000   17.1    68   11.2   16.8    95    8     97.9    5 
 2/10/26   2:20    7.4    7.5    7.4    82    4.6   0.0   ---   0.00   0.0   ---    7.4    7.4    7.4  1020.3  0.00   0.0   0.038   0.000   17.1    68   11.2   16.8    95    8     97.9    5 
 2/10/26   2:25    7.3    7.4    7.3    81    4.3   0.0   ---   0.00   0.0   ---    7.3    7.2    7.2  1020.3  0.00   0.0   0.038   0.000   17.1    68   11.2   16.8    94    8     96.9    5 
 2/10/26   2:30    7.3    7.3    7.3    82    4.4   0.0   ---   0.00   0.0   ---    7.3    7.2    7.2  1020.2  0.00   0.0   0.038   0.000   17.1    68   11.2   16.8    95    8     97.9    5 
 2/10/26   2:35    7.2    7.3    7.2    82    4.3   0.0   ---   0.00   0.0   ---    7.2    7.1    7.1  1020.2  0.00   0.0   0.039   0.000   17.1    68   11.2   16.8    92    8     94.8    5 
 2/10/26   2:40    7.1    7.2    7.1    82    4.2   0.0   ---   0.00   0.0   ---    7.1    7.0    7.0  1020.1  0.00   0.0   0.039   0.000   17.1    68   11.2   16.8    91    8     93.8    5 
 2/10/26   2:45    7.0    7.1    7.0    83    4.3   0.0   ---   0.00   0.0   ---    7.0    6.9    6.9  1020.1  0.00   0.0   0.039   0.000   17.1    68   11.2   16.8    93    8     95.9    5 
 2/10/26   2:50    7.0    7.1    7.0    83    4.3   0.0   ---   0.00   0.0   ---    7.0    6.9    6.9  1020.2  0.00   0.0   0.039   0.000   17.1    68   11.2   16.8    95    8     97.9    5 
 2/10/26   2:55    6.9    7.0    6.9    83    4.2   0.0   ---   0.00   0.0   ---    6.9    6.8    6.8  1020.0  0.00   0.0   0.040   0.000   17.1    68   11.2   16.8    94    8     96.9    5 
 2/10/26   3:00    6.7    6.9    6.7    82    3.9   0.0   ---   0.00   0.0   ---    6.7    6.6    6.6  1020.0  0.00   0.0   0.040   0.000   17.1    68   11.2   16.8    95    8     97.9    5 
 2/10/26   3:05    6.6    6.7    6.6    83    3.9   0.0   ---   0.00   0.0   ---    6.6    6.6    6.6  1019.9  0.00   0.0   0.041   0.000   17.1    68   11.2   16.8    93    8     95.9    5 
 2/10/26   3:10    6.5    6.6    6.5    83    3.8   0.0   ---   0.00   0.0   ---    6.5    6.4    6.4  1019.8  0.00   0.0   0.041   0.000   17.1    68   11.2   16.8    93    8     95.9    5 
 2/10/26   3:15    6.3    6.5    6.3    83    3.7   0.0   ---   0.00   0.0   ---    6.3    6.2    6.2  1019.7  0.00   0.0   0.042   0.000   17.1    68   11.1   16.8    94    8     96.9    5 
 2/10/26   3:20    6.3    6.3    6.2    84    3.8   0.0   ---   0.00   0.0   ---    6.3    6.2    6.2  1019.5  0.00   0.0   0.042   0.000   17.1    68   11.2   16.8    93    8     95.9    5 
 2/10/26   3:25    6.2    6.3    6.2    84    3.7   0.0   ---   0.00   0.0   ---    6.2    6.1    6.1  1019.5  0.00   0.0   0.042   0.000   17.1    68   11.2   16.8    93    8     95.9    5 
 2/10/26   3:30    6.1    6.2    6.1    85    3.8   0.0   ---   0.00   0.0   ---    6.1    6.1    6.1  1019.4  0.00   0.0   0.042   0.000   17.1    68   11.2   16.8    93    8     95.9    5 
 2/10/26   3:35    6.1    6.1    6.1    86    3.9   0.0   ---   0.00   0.0   ---    6.1    6.0    6.0  1019.4  0.00   0.0   0.043   0.000   17.1    68   11.1   16.8    95    8     97.9    5 
 2/10/26   3:40    6.0    6.1    6.0    86    3.8   0.0   ---   0.00   0.0   ---    6.0    5.9    5.9  1019.3  0.00   0.0   0.043   0.000   17.1    68   11.1   16.8    95    8     97.9    5 
 2/10/26   3:45    6.0    6.1    6.0    86    3.8   0.0   ---   0.00   0.0   ---    6.0    5.9    5.9  1019.4  0.00   0.0   0.043   0.000   17.1    68   11.1   16.8    96    8     99.0    5 
 2/10/26   3:50    6.1    6.1    6.0    87    4.1   0.0   ---   0.00   0.0   ---    6.1    6.0    6.0  1019.4  0.00   0.0   0.043   0.000   17.1    68   11.1   16.8    93    8     95.9    5 
 2/10/26   3:55    6.0    6.1    6.0    86    3.8   0.0   ---   0.00   0.0   ---    6.0    5.9    5.9  1019.4  0.00   0.0   0.043   0.000   17.1    68   11.1   16.8    95    8     97.9    5 
 2/10/26   4:00    6.0    6.1    6.0    87    4.0   0.0   ---   0.00   0.0   ---    6.0    5.9    5.9  1019.5  0.00   0.0   0.043   0.000   17.1    68   11.1   16.8    93    8     95.9    5 
 2/10/26   4:05    6.1    6.1    6.0    87    4.1   0.0   ---   0.00   0.0   ---    6.1    6.1    6.1  1019.6  0.00   0.0   0.042   0.000   17.1    68   11.1   16.8    93    8     95.9    5 
 2/10/26   4:10    6.1    6.1    6.1    87    4.1   0.0   ---   0.00   0.0   ---    6.1    6.1    6.1  1019.7  0.00   0.0   0.042   0.000   17.1    68   11.1   16.8    93    8     95.9    5 
 2/10/26   4:15    6.1    6.1    6.1    87    4.1   0.0   ---   0.00   0.0   ---    6.1    6.0    6.0  1019.8  0.00   0.0   0.043   0.000   17.1    68   11.1   16.8    93    8     95.9    5 
 2/10/26   4:20    6.0    6.1    6.0    87    4.0   0.0   ---   0.00   0.0   ---    6.0    5.9    5.9  1019.6  0.00   0.0   0.043   0.000   17.1    68   11.1   16.8    92    8     94.8    5 
 2/10/26   4:25    5.9    6.1    5.9    87    3.9   0.0   ---   0.00   0.0   ---    5.9    5.9    5.9  1019.4  0.00   0.0   0.043   0.000   17.0    68   11.0   16.7    94    8     96.9    5 
 2/10/26   4:30    5.9    5.9    5.9    87    3.9   0.0   ---   0.00   0.0   ---    5.9    5.8    5.8  1019.5  0.00   0.0   0.043   0.000   17.0    68   11.0   16.7    93    8     95.9    5 
 2/10/26   4:35    5.8    5.9    5.8    87    3.8   0.0   ---   0.00   0.0   ---    5.8    5.8    5.8  1019.5  0.00   0.0   0.043   0.000   17.0    68   11.0   16.7    94    8     96.9    5 
 2/10/26   4:40    5.8    5.9    5.8    87    3.8   0.0   ---   0.00   0.0   ---    5.8    5.8    5.8  1019.4  0.00   0.0   0.043   0.000   17.0    68   11.0   16.7    87    8     89.7    5 
 2/10/26   4:45    5.8    5.8    5.8    87    3.8   0.0   ---   0.00   0.0   ---    5.8    5.7    5.7  1019.4  0.00   0.0   0.044   0.000   17.0    68   11.0   16.7    82    8     84.5    5 
 2/10/26   4:50    5.8    5.8    5.8    88    3.9   0.0   ---   0.00   0.0   ---    5.8    5.7    5.7  1019.5  0.00   0.0   0.044   0.000   17.0    68   11.0   16.7    81    8     83.5    5 
 2/10/26   4:55    5.8    5.8    5.8    88    3.9   0.0   ---   0.00   0.0   ---    5.8    5.7    5.7  1019.3  0.00   0.0   0.044   0.000   17.0    68   11.0   16.7    82    8     84.5    5 
 2/10/26   5:00    5.7    5.8    5.7    88    3.9   0.0   ---   0.00   0.0   ---    5.7    5.7    5.7  1019.2  0.00   0.0   0.044   0.000   17.0    68   11.0   16.7    78    8     80.4    5 
 2/10/26   5:05    5.7    5.7    5.7    88    3.9   0.0   ---   0.00   0.0   ---    5.7    5.7    5.7  1019.2  0.00   0.0   0.044   0.000   17.0    68   11.0   16.7    91    8     93.8    5 
 2/10/26   5:10    5.7    5.7    5.7    88    3.9   0.0   ---   0.00   0.0   ---    5.7    5.7    5.7  1019.2  0.00   0.0   0.044   0.000   17.0    68   11.0   16.7    92    8     94.8    5 
 2/10/26   5:15    5.7    5.7    5.7    88    3.8   0.0   ---   0.00   0.0   ---    5.7    5.6    5.6  1019.2  0.00   0.0   0.044   0.000   16.9    68   11.0   16.7    91    8     93.8    5 
 2/10/26   5:20    5.7    5.7    5.7    88    3.8   0.0   ---   0.00   0.0   ---    5.7    5.6    5.6  1019.2  0.00   0.0   0.044   0.000   16.9    68   11.0   16.7    94    8     96.9    5 
 2/10/26   5:25    5.7    5.7    5.7    88    3.8   0.0   ---   0.00   0.0   ---    5.7    5.6    5.6  1019.3  0.00   0.0   0.044   0.000   16.9    68   11.0   16.7    94    8     96.9    5 
 2/10/26   5:30    5.7    5.7    5.7    88    3.8   0.0   ---   0.00   0.0   ---    5.7    5.6    5.6  1019.2  0.00   0.0   0.044   0.000   16.9    68   11.0   16.7    94    8     96.9    5 
 2/10/26   5:35    5.6    5.7    5.6    87    3.6   0.0   ---   0.00   0.0   ---    5.6    5.6    5.6  1019.2  0.00   0.0   0.044   0.000   16.9    68   11.0   16.7    92    8     94.8    5 
 2/10/26   5:40    5.5    5.6    5.5    87    3.5   0.0   ---   0.00   0.0   ---    5.5    5.4    5.4  1019.3  0.00   0.0   0.045   0.000   16.9    68   11.0   16.7    93    8     95.9    5 
 2/10/26   5:45    5.5    5.6    5.5    87    3.5   0.0   ---   0.00   0.0   ---    5.5    5.4    5.4  1019.4  0.00   0.0   0.045   0.000   16.9    68   11.0   16.7    92    8     94.8    5 
 2/10/26   5:50    5.5    5.5    5.5    87    3.5   0.0   ---   0.00   0.0   ---    5.5    5.4    5.4  1019.3  0.00   0.0   0.045   0.000   16.9    68   11.0   16.7    94    8     96.9    5 
 2/10/26   5:55    5.5    5.5    5.4    87    3.5   0.0   ---   0.00   0.0   ---    5.5    5.4    5.4  1019.2  0.00   0.0   0.045   0.000   16.9    68   11.0   16.7    95    8     97.9    5 
 2/10/26   6:00    5.4    5.5    5.4    87    3.4   0.0   ---   0.00   0.0   ---    5.4    5.3    5.3  1019.2  0.00   0.0   0.045   0.000   16.9    68   11.0   16.7    92    8     94.8    5 
 2/10/26   6:05    5.3    5.4    5.3    87    3.3   0.0   ---   0.00   0.0   ---    5.3    5.3    5.3  1019.3  0.00   0.0   0.045   0.000   16.9    68   11.0   16.7    94    8     96.9    5 
 2/10/26   6:10    5.3    5.3    5.3    87    3.3   0.0   ---   0.00   0.0   ---    5.3    5.2    5.2  1019.4  0.00   0.0   0.045   0.000   16.9    68   11.0   16.7    90    8     92.8    5 
 2/10/26   6:15    5.2    5.2    5.2    87    3.2   0.0   ---   0.00   0.0   ---    5.2    5.1    5.1  1019.5  0.00   0.0   0.046   0.000   16.9    68   11.0   16.7    93    8     95.9    5 
 2/10/26   6:20    5.1    5.2    5.1    87    3.1   0.0   ---   0.00   0.0   ---    5.1    5.0    5.0  1019.4  0.00   0.0   0.046   0.000   16.9    68   10.9   16.6    95    8     97.9    5 
 2/10/26   6:25    5.1    5.1    5.0    87    3.1   0.0   ---   0.00   0.0   ---    5.1    4.9    4.9  1019.3  0.00   0.0   0.046   0.000   16.9    68   10.9   16.6    95    8     97.9    5 
 2/10/26   6:30    5.0    5.1    4.9    87    3.0   0.0   ---   0.00   0.0   ---    5.0    4.9    4.9  1019.4  0.00   0.0   0.046   0.000   16.9    68   10.9   16.6    93    8     95.9    5 
 2/10/26   6:35    5.0    5.0    4.9    88    3.2   0.0   ---   0.00   0.0   ---    5.0    4.9    4.9  1019.4  0.00   0.0   0.046   0.000   16.8    68   10.9   16.6    95    8     97.9    5 
 2/10/26   6:40    5.0    5.0    4.9    88    3.2   0.0   ---   0.00   0.0   ---    5.0    4.9    4.9  1019.6  0.00   0.0   0.046   0.000   16.9    68   10.9   16.6    92    8     94.8    5 
 2/10/26   6:45    5.0    5.1    5.0    88    3.2   0.0   ---   0.00   0.0   ---    5.0    4.9    4.9  1019.7  0.00   0.0   0.046   0.000   16.8    68   10.9   16.6    95    8     97.9    5 
 2/10/26   6:50    5.1    5.1    5.0    88    3.2   0.0   ---   0.00   0.0   ---    5.1    5.0    5.0  1019.7  0.00   0.0   0.046   0.000   16.8    68   10.9   16.6    94    8     96.9    5 
 2/10/26   6:55    5.0    5.1    5.0    88    3.2   0.0   ---   0.00   0.0   ---    5.0    4.9    4.9  1019.6  0.00   0.0   0.046   0.000   16.8    68   10.9   16.6    98    8    100.0    5 
 2/10/26   7:00    5.0    5.1    5.0    88    3.2   0.0   ---   0.00   0.0   ---    5.0    4.9    4.9  1019.6  0.00   0.0   0.046   0.000   16.8    68   10.9   16.6    97    8    100.0    5 
 2/10/26   7:05    5.1    5.1    5.0    88    3.2   0.0   ---   0.00   0.0   ---    5.1    5.0    5.0  1019.4  0.00   0.0   0.046   0.000   16.8    68   10.9   16.6    94    8     96.9    5 
 2/10/26   7:10    5.1    5.1    5.1    88    3.3   0.0   ---   0.00   0.0   ---    5.1    5.1    5.1  1019.2  0.00   0.0   0.046   0.000   16.8    68   10.9   16.6    98    8    100.0    5 
 2/10/26   7:15    5.2    5.2    5.1    88    3.4   0.0   ---   0.00   0.0   ---    5.2    5.2    5.2  1019.1  0.00   0.0   0.046   0.000   16.8    68   10.9   16.6    93    8     95.9    5 
 2/10/26   7:20    5.4    5.4    5.2    88    3.6   0.0   ---   0.00   0.0   ---    5.4    5.3    5.3  1019.1  0.00   0.0   0.045   0.000   16.8    68   10.9   16.6    97    8    100.0    5 
 2/10/26   7:25    5.5    5.6    5.4    87    3.5   0.0   ---   0.00   0.0   ---    5.5    5.4    5.4  1019.2  0.00   0.0   0.045   0.000   16.8    68   10.8   16.5    95    8     97.9    5 
 2/10/26   7:30    5.7    5.7    5.5    87    3.7   0.0   ---   0.00   0.0   ---    5.7    5.7    5.7  1019.3  0.00   0.0   0.044   0.000   16.8    68   10.8   16.5    95    8     97.9    5 
 2/10/26   7:35    6.0    6.0    5.7    86    3.8   0.0   ---   0.00   0.0   ---    6.0    5.9    5.9  1019.4  0.00   0.0   0.043   0.000   16.8    68   10.8   16.5    96    8     99.0    5 
 2/10/26   7:40    6.3    6.3    5.9    84    3.8   0.0   ---   0.00   0.0   ---    6.3    6.2    6.2  1019.3  0.00   0.0   0.042   0.000   16.8    68   10.8   16.5    97    8    100.0    5 
 2/10/26   7:45    6.5    6.5    6.3    83    3.8   0.0   ---   0.00   0.0   ---    6.5    6.4    6.4  1019.5  0.00   0.0   0.041   0.000   16.8    68   10.8   16.5    96    8     99.0    5 
 2/10/26   7:50    6.8    6.8    6.5    82    3.9   0.0   ---   0.00   0.0   ---    6.8    6.7    6.7  1019.6  0.00   0.0   0.040   0.000   16.8    68   10.8   16.5    94    8     96.9    5 
 2/10/26   7:55    7.1    7.1    6.8    80    3.9   0.0   ---   0.00   0.0   ---    7.1    7.0    7.0  1019.6  0.00   0.0   0.039   0.000   16.8    68   10.8   16.5    95    8     97.9    5 
 2/10/26   8:00    7.4    7.4    7.1    79    4.0   0.0   ---   0.00   0.0   ---    7.4    7.3    7.3  1019.7  0.00   0.0   0.038   0.000   16.8    68   10.8   16.5    95    8     97.9    5 
 2/10/26   8:05    8.0    8.0    7.4    79    4.6   0.0   ---   0.00   0.0   ---    8.0    7.9    7.9  1019.6  0.00   0.0   0.036   0.000   16.8    68   10.8   16.5    97    8    100.0    5 
 2/10/26   8:10    8.6    8.6    8.0    76    4.6   0.0   ---   0.00   0.0   ---    8.6    8.4    8.4  1019.6  0.00   0.0   0.034   0.000   16.8    68   10.8   16.5    96    8     99.0    5 
 2/10/26   8:15    9.0    9.0    8.6    75    4.8   0.0   ---   0.00   0.0   ---    9.0    8.8    8.8  1019.5  0.00   0.0   0.032   0.000   16.8    68   10.8   16.5    96    8     99.0    5 
 2/10/26   8:20    9.7    9.7    9.1    75    5.4   0.0   ---   0.00   0.0   ---    9.7    9.5    9.5  1019.5  0.00   0.0   0.030   0.000   16.8    68   10.8   16.5    95    8     97.9    5 
 2/10/26   8:25   10.1   10.1    9.7    73    5.4   0.0   ---   0.00   0.0   ---   10.1    9.9    9.9  1019.5  0.00   0.0   0.029   0.000   16.8    68   10.8   16.5    97    8    100.0    5 
 2/10/26   8:30   10.5   10.5   10.1    74    6.1   0.0   ---   0.00   0.0   ---   10.5   10.3   10.3  1019.7  0.00   0.0   0.027   0.000   16.8    68   10.8   16.5    99    8    100.0    5 
 2/10/26   8:35   10.7   10.7   10.5    69    5.3   0.0   ---   0.00   0.0   ---   10.7   10.4   10.4  1019.7  0.00   0.0   0.026   0.000   16.8    68   10.8   16.5    95    8     97.9    5 
 2/10/26   8:40   10.9   10.9   10.7    68    5.2   0.0   ---   0.00   0.0   ---   10.9   10.6   10.6  1019.7  0.00   0.0   0.026   0.000   16.8    68   10.8   16.5    98    8    100.0    5 
 2/10/26   8:45   11.1   11.1   10.9    67    5.2   0.0   ---   0.00   0.0   ---   11.1   10.7   10.7  1019.7  0.00   0.0   0.025   0.000   16.8    68   10.8   16.5   100    8    100.0    5 
 2/10/26   8:50   11.5   11.5   11.1    68    5.8   0.0   ---   0.00   0.0   ---   11.5   11.1   11.1  1019.7  0.00   0.0   0.024   0.000   16.8    68   10.8   16.5    97    8    100.0    5 
 2/10/26   8:55   11.9   11.9   11.5    67    6.0   0.0   ---   0.00   0.0   ---   11.9   11.4   11.4  1019.7  0.00   0.0   0.022   0.000   16.7    67   10.6   16.4    99    8    100.0    5 
 2/10/26   9:00   12.1   12.1   11.8    67    6.2   0.0   ---   0.00   0.0   ---   12.1   11.6   11.6  1019.8  0.00   0.0   0.022   0.000   16.7    65   10.1   16.3    97    8    100.0    5 
 2/10/26   9:05   12.4   12.4   12.1    65    6.0   0.0   ---   0.00   0.0   ---   12.4   11.8   11.8  1019.8  0.00   0.0   0.021   0.000   16.6    65   10.0   16.2    97    8    100.0    5 
 2/10/26   9:10   12.8   12.8   12.4    66    6.6   0.0   ---   0.00   0.0   ---   12.8   12.3   12.3  1019.8  0.00   0.0   0.019   0.000   16.6    66   10.2   16.2    97    8    100.0    5 
 2/10/26   9:15   13.0   13.1   12.8    64    6.3   0.0   ---   0.00   0.0   ---   13.0   12.4   12.4  1019.8  0.00   0.0   0.019   0.000   16.6    67   10.4   16.2    97    8    100.0    5 
 2/10/26   9:20   13.1   13.1   13.0    66    6.8   0.0   ---   0.00   0.0   ---   13.1   12.5   12.5  1019.8  0.00   0.0   0.018   0.000   16.6    67   10.5   16.3    98    8    100.0    5 
 2/10/26   9:25   13.2   13.2   13.0    66    7.0   0.0   ---   0.00   0.0   ---   13.2   12.6   12.6  1019.8  0.00   0.0   0.018   0.000   16.6    67   10.5   16.3    96    8     99.0    5 
 2/10/26   9:30   13.3   13.3   13.2    68    7.5   0.0   ---   0.00   0.0   ---   13.3   12.8   12.8  1019.7  0.00   0.0   0.017   0.000   16.6    67   10.5   16.3    98    8    100.0    5 
 2/10/26   9:35   13.4   13.4   13.3    65    6.9   0.0   ---   0.00   0.0   ---   13.4   12.8   12.8  1019.6  0.00   0.0   0.017   0.000   16.6    67   10.5   16.3    97    8    100.0    5 
 2/10/26   9:40   13.6   13.6   13.4    67    7.5   0.0   ---   0.00   0.0   ---   13.6   13.1   13.1  1019.6  0.00   0.0   0.017   0.000   16.6    67   10.5   16.3    96    8     99.0    5 
 2/10/26   9:45   13.7   13.7   13.6    65    7.3   0.0   ---   0.00   0.0   ---   13.7   13.2   13.2  1019.4  0.00   0.0   0.016   0.000   16.6    68   10.7   16.3    95    8     97.9    5 
 2/10/26   9:50   13.9   13.9   13.7    67    7.9   0.0   ---   0.00   0.0   ---   13.9   13.4   13.4  1019.4  0.00   0.0   0.015   0.000   16.6    68   10.7   16.3    99    8    100.0    5 
 2/10/26   9:55   14.1   14.1   13.9    67    8.1   0.0   ---   0.00   0.0   ---   14.1   13.6   13.6  1019.5  0.00   0.0   0.015   0.000   16.6    68   10.7   16.3    97    8    100.0    5 
 2/10/26  10:00   14.2   14.4   14.1    62    7.0   0.0   ---   0.00   0.0   ---   14.2   13.6   13.6  1019.5  0.00   0.0   0.014   0.000   16.6    68   10.7   16.3    97    8    100.0    5 
 2/10/26  10:05   13.8   14.2   13.8    64    7.1   0.0   ---   0.00   0.0   ---   13.8   13.2   13.2  1019.5  0.00   0.0   0.016   0.000   16.6    68   10.7   16.3    99    8    100.0    5 
 2/10/26  10:10   13.4   13.8   13.4    65    6.9   0.0   ---   0.00   0.0   ---   13.4   12.8   12.8  1019.5  0.00   0.0   0.017   0.000   16.6    68   10.7   16.3    97    8    100.0    5 
 2/10/26  10:15   13.2   13.4   13.2    66    7.0   0.0   ---   0.00   0.0   ---   13.2   12.7   12.7  1019.4  0.00   0.0   0.018   0.000   16.6    68   10.7   16.3    98    8    100.0    5 
 2/10/26  10:20   12.9   13.2   12.9    68    7.2   0.0   ---   0.00   0.0   ---   12.9   12.4   12.4  1019.4  0.00   0.0   0.019   0.000   16.6    68   10.7   16.3    95    8     97.9    5 
 2/10/26  10:25   12.9   12.9   12.9    66    6.7   0.0   ---   0.00   0.0   ---   12.9   12.3   12.3  1019.2  0.00   0.0   0.019   0.000   16.6    69   10.9   16.3    86    8     88.7    5 
 2/10/26  10:30   13.4   13.4   12.9    66    7.2   0.0   ---   0.00   0.0   ---   13.4   12.8   12.8  1019.1  0.00   0.0   0.017   0.000   16.6    69   10.9   16.3    84    8     86.6    5 
 2/10/26  10:35   13.4   13.4   13.4    67    7.4   0.0   ---   0.00   0.0   ---   13.4   12.9   12.9  1019.1  0.00   0.0   0.017   0.000   16.6    69   10.9   16.3    91    8     93.8    5 
 2/10/26  10:40   13.4   13.4   13.4    66    7.2   0.0   ---   0.00   0.0   ---   13.4   12.8   12.8  1019.1  0.00   0.0   0.017   0.000   16.6    69   10.9   16.3    98    8    100.0    5 
 2/10/26  10:45   13.4   13.4   13.4    66    7.2   0.0   ---   0.00   0.0   ---   13.4   12.9   12.9  1019.0  0.00   0.0   0.017   0.000   16.6    69   10.9   16.3    96    8     99.0    5 
 2/10/26  10:50   13.3   13.4   13.3    66    7.1   0.0   ---   0.00   0.0   ---   13.3   12.8   12.8  1018.9  0.00   0.0   0.017   0.000   16.6    69   10.9   16.3    98    8    100.0    5 
 2/10/26  10:55   13.4   13.4   13.3    69    7.9   0.0   ---   0.00   0.0   ---   13.4   13.0   13.0  1018.8  0.00   0.0   0.017   0.000   16.6    69   10.9   16.3    96    8     99.0    5 
 2/10/26  11:00   13.9   13.9   13.4    67    7.9   0.0   ---   0.00   0.0   ---   13.9   13.4   13.4  1018.8  0.00   0.0   0.015   0.000   16.6    69   10.8   16.2    97    8    100.0    5 
 2/10/26  11:05   13.7   13.9   13.7    67    7.6   0.0   ---   0.00   0.0   ---   13.7   13.2   13.2  1018.7  0.00   0.0   0.016   0.000   16.6    69   10.8   16.2    98    8    100.0    5 
 2/10/26  11:10   13.8   13.8   13.6    71    8.6   0.0   ---   0.00   0.0   ---   13.8   13.4   13.4  1018.6  0.00   0.0   0.016   0.000   16.6    69   10.8   16.2    96    8     99.0    5 
 2/10/26  11:15   14.0   14.0   13.8    66    7.7   0.0   ---   0.00   0.0   ---   14.0   13.4   13.4  1018.6  0.00   0.0   0.015   0.000   16.6    69   10.8   16.2   100    8    100.0    5 
 2/10/26  11:20   14.1   14.1   13.9    70    8.7   0.0   ---   0.00   0.0   ---   14.1   13.7   13.7  1018.6  0.00   0.0   0.015   0.000   16.6    69   10.8   16.2    98    8    100.0    5 
 2/10/26  11:25   14.2   14.2   14.1    64    7.5   0.0   ---   0.00   0.0   ---   14.2   13.6   13.6  1018.5  0.00   0.0   0.014   0.000   16.6    68   10.6   16.2    96    8     99.0    5 
 2/10/26  11:30   14.1   14.2   14.1    64    7.4   0.0   ---   0.00   0.0   ---   14.1   13.5   13.5  1018.5  0.00   0.0   0.015   0.000   16.6    67   10.4   16.2    97    8    100.0    5 
 2/10/26  11:35   14.2   14.2   14.2    66    8.0   0.0   ---   0.00   0.0   ---   14.2   13.7   13.7  1018.3  0.00   0.0   0.014   0.000   16.6    69   10.8   16.2    99    8    100.0    5 
 2/10/26  11:40   14.6   14.6   14.2    70    9.2   0.0   ---   0.00   0.0   ---   14.6   14.2   14.2  1018.2  0.00   0.0   0.013   0.000   16.6    69   10.9   16.3    99    8    100.0    5 
 2/10/26  11:45   15.2   15.2   14.6    67    9.1   0.0   ---   0.00   0.0   ---   15.2   14.7   14.7  1018.1  0.00   0.0   0.011   0.000   16.6    69   10.9   16.3    97    8    100.0    5 
 2/10/26  11:50   15.5   15.5   15.2    63    8.5   0.0   ---   0.00   0.0   ---   15.5   14.9   14.9  1017.9  0.00   0.0   0.010   0.000   16.6    69   10.9   16.3    98    8    100.0    5 
 2/10/26  11:55   15.2   15.5   15.2    65    8.6   0.0   ---   0.00   0.0   ---   15.2   14.6   14.6  1017.9  0.00   0.0   0.011   0.000   16.6    69   10.9   16.3    96    8     99.0    5 
 2/10/26  12:00   14.9   15.2   14.9    66    8.6   0.0   ---   0.00   0.0   ---   14.9   14.4   14.4  1018.0  0.00   0.0   0.012   0.000   16.6    69   10.9   16.3    93    8     95.9    5 
 2/10/26  12:05   14.8   15.0   14.8    63    7.9   0.0   ---   0.00   0.0   ---   14.8   14.2   14.2  1017.9  0.00   0.0   0.012   0.000   16.6    69   10.9   16.3    95    8     97.9    5 
 2/10/26  12:10   15.1   15.1   14.8    63    8.1   0.0   ---   0.00   0.0   ---   15.1   14.5   14.5  1017.8  0.00   0.0   0.011   0.000   16.6    70   11.1   16.3    98    8    100.0    5 
 2/10/26  12:15   15.5   15.5   15.1    64    8.7   0.0   ---   0.00   0.0   ---   15.5   14.9   14.9  1017.7  0.00   0.0   0.010   0.000   16.6    70   11.1   16.3    97    8    100.0    5 
 2/10/26  12:20   15.8   15.8   15.6    67    9.7   0.0   ---   0.00   0.0   ---   15.8   15.4   15.4  1017.7  0.00   0.0   0.009   0.000   16.6    70   11.1   16.3    97    8    100.0    5 
 2/10/26  12:25   15.9   16.0   15.9    62    8.7   0.0   ---   0.00   0.0   ---   15.9   15.3   15.3  1017.6  0.00   0.0   0.008   0.000   16.6    70   11.1   16.3    95    8     97.9    5 
 2/10/26  12:30   15.9   16.0   15.9    58    7.7   0.0   ---   0.00   0.0   ---   15.9   15.2   15.2  1017.5  0.00   0.0   0.008   0.000   16.6    70   11.1   16.3    94    8     96.9    5 
 2/10/26  12:35   15.9   15.9   15.8    62    8.6   0.0   ---   0.00   0.0   ---   15.9   15.3   15.3  1017.5  0.00   0.0   0.008   0.000   16.6    70   11.1   16.3    96    8     99.0    5 
 2/10/26  12:40   16.1   16.1   15.9    64    9.3   0.0   ---   0.00   0.0   ---   16.1   15.6   15.6  1017.3  0.00   0.0   0.008   0.000   16.6    70   11.1   16.3    97    8    100.0    5 
 2/10/26  12:45   16.1   16.3   16.1    59    8.1   0.0   ---   0.00   0.0   ---   16.1   15.4   15.4  1017.4  0.00   0.0   0.008   0.000   16.6    70   11.1   16.3    96    8     99.0    5 
 2/10/26  12:50   16.0   16.1   16.0    59    8.0   0.0   ---   0.00   0.0   ---   16.0   15.3   15.3  1017.2  0.00   0.0   0.008   0.000   16.6    70   11.1   16.3    96    8     99.0    5 
 2/10/26  12:55   16.2   16.2   16.1    59    8.2   0.0   ---   0.00   0.0   ---   16.2   15.5   15.5  1017.0  0.00   0.0   0.007   0.000   16.6    70   11.1   16.3    93    8     95.9    5 
 2/10/26  13:00   16.2   16.3   16.2    60    8.4   0.0   ---   0.00   0.0   ---   16.2   15.6   15.6  1016.7  0.00   0.0   0.007   0.000   16.6    70   11.1   16.3    97    8    100.0    5 
 2/10/26  13:05   16.1   16.2   16.1    57    7.6   0.0   ---   0.00   0.0   ---   16.1   15.3   15.3  1016.6  0.00   0.0   0.008   0.000   16.6    70   11.1   16.3    94    8     96.9    5 
 2/10/26  13:10   16.1   16.1   16.1    63    9.1   0.0   ---   0.00   0.0   ---   16.1   15.6   15.6  1016.4  0.00   0.0   0.008   0.000   16.6    70   11.1   16.3    98    8    100.0    5 
 2/10/26  13:15   16.0   16.1   16.0    63    9.0   0.0   ---   0.00   0.0   ---   16.0   15.4   15.4  1016.2  0.00   0.0   0.008   0.000   16.6    70   11.1   16.3    95    8     97.9    5 
 2/10/26  13:20   15.8   16.0   15.8    61    8.3   0.0   ---   0.00   0.0   ---   15.8   15.1   15.1  1015.9  0.00   0.0   0.009   0.000   16.6    70   11.1   16.3    96    8     99.0    5 
 2/10/26  13:25   15.7   15.8   15.7    66    9.4   0.0   ---   0.00   0.0   ---   15.7   15.3   15.3  1015.7  0.00   0.0   0.009   0.000   16.6    70   11.1   16.3    94    8     96.9    5 
 2/10/26  13:30   15.9   15.9   15.7    64    9.1   0.0   ---   0.00   0.0   ---   15.9   15.4   15.4  1015.7  0.00   0.0   0.008   0.000   16.6    70   11.1   16.3    97    8    100.0    5 
 2/10/26  13:35   16.3   16.3   16.0    60    8.5   0.0   ---   0.00   0.0   ---   16.3   15.6   15.6  1015.8  0.00   0.0   0.007   0.000   16.6    70   11.1   16.3    98    8    100.0    5 
 2/10/26  13:40   16.0   16.3   16.0    61    8.5   0.0   ---   0.00   0.0   ---   16.0   15.4   15.4  1015.8  0.00   0.0   0.008   0.000   16.6    70   11.1   16.3    92    8     94.8    5 
 2/10/26  13:45   15.5   15.9   15.5    62    8.2   0.0   ---   0.00   0.0   ---   15.5   14.9   14.9  1015.7  0.00   0.0   0.010   0.000   16.6    70   11.1   16.3    93    8     95.9    5 
 2/10/26  13:50   15.4   15.5   15.4    63    8.4   0.0   ---   0.00   0.0   ---   15.4   14.8   14.8  1015.7  0.00   0.0   0.010   0.000   16.6    70   11.1   16.3    95    8     97.9    5 
 2/10/26  13:55   15.6   15.6   15.4    61    8.1   0.0   ---   0.00   0.0   ---   15.6   14.9   14.9  1015.6  0.00   0.0   0.009   0.000   16.6    70   11.1   16.3    92    8     94.8    5 
 2/10/26  14:00   15.8   15.8   15.6    63    8.7   0.0   ---   0.00   0.0   ---   15.8   15.2   15.2  1015.4  0.00   0.0   0.009   0.000   16.6    70   11.1   16.3    95    8     97.9    5 
 2/10/26  14:05   15.9   15.9   15.7    64    9.1   0.0   ---   0.00   0.0   ---   15.9   15.4   15.4  1015.5  0.00   0.0   0.008   0.000   16.6    70   11.1   16.3    83    8     85.6    5 
 2/10/26  14:10   16.3   16.3   15.9    63    9.2   0.0   ---   0.00   0.0   ---   16.3   15.8   15.8  1015.4  0.00   0.0   0.007   0.000   16.6    70   11.1   16.3    84    8     86.6    5 
 2/10/26  14:15   16.3   16.3   16.3    62    9.0   0.0   ---   0.00   0.0   ---   16.3   15.7   15.7  1015.3  0.00   0.0   0.007   0.000   16.6    70   11.1   16.3    95    8     97.9    5 
 2/10/26  14:20   16.3   16.3   16.2    62    9.0   0.0   ---   0.00   0.0   ---   16.3   15.7   15.7  1015.3  0.00   0.0   0.007   0.000   16.6    70   11.1   16.3    99    8    100.0    5 
 2/10/26  14:25   16.3   16.3   16.2    64    9.5   0.0   ---   0.00   0.0   ---   16.3   15.8   15.8  1015.2  0.00   0.0   0.007   0.000   16.7    70   11.2   16.4    96    8     99.0    5 
 2/10/26  14:30   16.3   16.3   16.3    65    9.7   0.0   ---   0.00   0.0   ---   16.3   15.9   15.9  1015.1  0.00   0.0   0.007   0.000   16.7    70   11.2   16.4    95    8     97.9    5 
 2/10/26  14:35   16.6   16.6   16.3    66   10.2   0.0   ---   0.00   0.0   ---   16.6   16.2   16.2  1015.0  0.00   0.0   0.006   0.000   16.6    70   11.1   16.3   100    8    100.0    5 
 2/10/26  14:40   16.8   16.8   16.7    62    9.5   0.0   ---   0.00   0.0   ---   16.8   16.3   16.3  1015.0  0.00   0.0   0.005   0.000   16.7    70   11.2   16.4    98    8    100.0    5 
 2/10/26  14:45   16.9   16.9   16.7    66   10.5   0.0   ---   0.00   0.0   ---   16.9   16.6   16.6  1014.9  0.00   0.0   0.005   0.000   16.7    70   11.2   16.4    98    8    100.0    5 
 2/10/26  14:50   16.9   17.0   16.9    61    9.3   0.0   ---   0.00   0.0   ---   16.9   16.3   16.3  1015.0  0.00   0.0   0.005   0.000   16.7    70   11.2   16.4    96    8     99.0    5 
 2/10/26  14:55   16.8   16.9   16.8    60    9.0   0.0   ---   0.00   0.0   ---   16.8   16.1   16.1  1014.9  0.00   0.0   0.005   0.000   16.7    70   11.2   16.4    99    8    100.0    5 
 2/10/26  15:00   16.7   16.8   16.7    61    9.1   0.0   ---   0.00   0.0   ---   16.7   16.1   16.1  1014.8  0.00   0.0   0.006   0.000   16.7    69   11.0   16.4    96    8     99.0    5 
 2/10/26  15:05   16.6   16.7   16.6    64    9.8   0.0   ---   0.00   0.0   ---   16.6   16.2   16.2  1014.7  0.00   0.0   0.006   0.000   16.7    69   11.0   16.4    95    8     97.9    5 
 2/10/26  15:10   16.6   16.7   16.6    62    9.3   0.0   ---   0.00   0.0   ---   16.6   16.1   16.1  1014.7  0.00   0.0   0.006   0.000   16.7    69   11.0   16.4    97    8    100.0    5 
 2/10/26  15:15   16.8   16.8   16.6    64    9.9   0.0   ---   0.00   0.0   ---   16.8   16.3   16.3  1014.5  0.00   0.0   0.005   0.000   16.6    69   10.9   16.3    96    8     99.0    5 
 2/10/26  15:20   17.1   17.1   16.8    63   10.0   0.0   ---   0.00   0.0   ---   17.1   16.6   16.6  1014.5  0.00   0.0   0.004   0.000   16.7    69   11.0   16.4    97    8    100.0    5 
 2/10/26  15:25   17.2   17.2   17.1    62    9.9   0.0   ---   0.00   0.0   ---   17.2   16.7   16.7  1014.4  0.00   0.0   0.004   0.000   16.7    69   11.0   16.4   100    8    100.0    5 
 2/10/26  15:30   17.1   17.3   17.1    61    9.5   0.0   ---   0.00   0.0   ---   17.1   16.6   16.6  1014.3  0.00   0.0   0.004   0.000   16.7    69   11.0   16.4    98    8    100.0    5 
 2/10/26  15:35   16.9   17.2   16.8    62    9.6   0.0   ---   0.00   0.0   ---   16.9   16.3   16.3  1014.2  0.00   0.0   0.005   0.000   16.7    69   11.0   16.4    98    8    100.0    5 
 2/10/26  15:40   17.2   17.2   16.8    62    9.8   0.0   ---   0.00   0.0   ---   17.2   16.7   16.7  1014.0  0.00   0.0   0.004   0.000   16.7    69   11.0   16.4    98    8    100.0    5 
 2/10/26  15:45   17.3   17.3   17.2    64   10.5   0.0   ---   0.00   0.0   ---   17.3   16.9   16.9  1014.0  0.00   0.0   0.003   0.000   16.8    69   11.1   16.5   100    8    100.0    5 
 2/10/26  15:50   17.2   17.3   17.2    60    9.4   0.0   ---   0.00   0.0   ---   17.2   16.6   16.6  1013.8  0.00   0.0   0.004   0.000   16.8    69   11.1   16.6    98    8    100.0    5 
 2/10/26  15:55   17.0   17.2   17.0    62    9.7   0.0   ---   0.00   0.0   ---   17.0   16.5   16.5  1013.8  0.00   0.0   0.005   0.000   16.8    69   11.1   16.6   100    8    100.0    5 
 2/10/26  16:00   16.7   17.0   16.7    62    9.4   0.0   ---   0.00   0.0   ---   16.7   16.2   16.2  1013.8  0.00   0.0   0.006   0.000   16.8    68   10.9   16.6    97    8    100.0    5 
 2/10/26  16:05   16.8   16.8   16.7    63    9.7   0.0   ---   0.00   0.0   ---   16.8   16.3   16.3  1013.7  0.00   0.0   0.005   0.000   16.9    68   10.9   16.6    99    8    100.0    5 
 2/10/26  16:10   16.8   16.9   16.8    63    9.7   0.0   ---   0.00   0.0   ---   16.8   16.3   16.3  1013.6  0.00   0.0   0.005   0.000   16.9    68   10.9   16.6    96    8     99.0    5 
 2/10/26  16:15   16.7   16.9   16.7    65   10.1   0.0   ---   0.00   0.0   ---   16.7   16.3   16.3  1013.5  0.00   0.0   0.006   0.000   16.9    68   10.9   16.6    98    8    100.0    5 
 2/10/26  16:20   16.7   16.7   16.7    65   10.1   0.0   ---   0.00   0.0   ---   16.7   16.3   16.3  1013.5  0.00   0.0   0.006   0.000   16.9    68   10.9   16.6    97    8    100.0    5 
 2/10/26  16:25   16.8   16.8   16.7    63    9.7   0.0   ---   0.00   0.0   ---   16.8   16.3   16.3  1013.3  0.00   0.0   0.005   0.000   16.9    68   10.9   16.6    99    8    100.0    5 
 2/10/26  16:30   16.6   16.8   16.6    64    9.8   0.0   ---   0.00   0.0   ---   16.6   16.2   16.2  1013.3  0.00   0.0   0.006   0.000   16.9    68   10.9   16.6    99    8    100.0    5 
 2/10/26  16:35   16.4   16.6   16.4    66   10.1   0.0   ---   0.00   0.0   ---   16.4   16.1   16.1  1013.0  0.00   0.0   0.007   0.000   16.9    68   11.0   16.7   100    8    100.0    5 
 2/10/26  16:40   16.4   16.5   16.3    64    9.6   0.0   ---   0.00   0.0   ---   16.4   15.9   15.9  1013.0  0.00   0.0   0.007   0.000   16.9    69   11.2   16.6    96    8     99.0    5 
 2/10/26  16:45   16.3   16.4   16.3    65    9.7   0.0   ---   0.00   0.0   ---   16.3   15.9   15.9  1013.0  0.00   0.0   0.007   0.000   16.9    69   11.2   16.6    96    8     99.0    5 
 2/10/26  16:50   16.1   16.3   16.1    63    9.1   0.0   ---   0.00   0.0   ---   16.1   15.6   15.6  1013.0  0.00   0.0   0.008   0.000   16.9    69   11.2   16.6   100    8    100.0    5 
 2/10/26  16:55   15.9   16.1   15.9    63    8.9   0.0   ---   0.00   0.0   ---   15.9   15.4   15.4  1013.0  0.00   0.0   0.008   0.000   16.9    69   11.2   16.6    96    8     99.0    5 
 2/10/26  17:00   15.7   15.9   15.7    63    8.7   0.0   ---   0.00   0.0   ---   15.7   15.2   15.2  1012.8  0.00   0.0   0.009   0.000   16.9    69   11.2   16.6    98    8    100.0    5 
 2/10/26  17:05   15.4   15.7   15.4    64    8.7   0.0   ---   0.00   0.0   ---   15.4   14.9   14.9  1012.8  0.00   0.0   0.010   0.000   16.8    69   11.1   16.6    98    8    100.0    5 
 2/10/26  17:10   15.4   15.4   15.4    66    9.1   0.0   ---   0.00   0.0   ---   15.4   14.9   14.9  1012.7  0.00   0.0   0.010   0.000   16.8    69   11.1   16.6    98    8    100.0    5 
 2/10/26  17:15   15.3   15.4   15.3    65    8.7   0.0   ---   0.00   0.0   ---   15.3   14.7   14.7  1012.6  0.00   0.0   0.011   0.000   16.8    69   11.1   16.6    96    8     99.0    5 
 2/10/26  17:20   15.0   15.3   15.0    65    8.5   0.0   ---   0.00   0.0   ---   15.0   14.4   14.4  1012.7  0.00   0.0   0.012   0.000   16.8    69   11.1   16.6    98    8    100.0    5 
 2/10/26  17:25   14.8   15.0   14.8    65    8.3   0.0   ---   0.00   0.0   ---   14.8   14.3   14.3  1012.7  0.00   0.0   0.012   0.000   16.8    69   11.1   16.6    99    8    100.0    5 
 2/10/26  17:30   14.7   14.8   14.7    68    8.8   0.0   ---   0.00   0.0   ---   14.7   14.2   14.2  1012.7  0.00   0.0   0.013   0.000   16.8    69   11.1   16.6    99    8    100.0    5 
 2/10/26  17:35   14.5   14.7   14.5    68    8.7   0.0   ---   0.00   0.0   ---   14.5   14.0   14.0  1012.6  0.00   0.0   0.013   0.000   16.8    69   11.1   16.6    88    8     90.7    5 
 2/10/26  17:40   14.4   14.5   14.4    66    8.2   0.0   ---   0.00   0.0   ---   14.4   13.9   13.9  1012.7  0.00   0.0   0.014   0.000   16.8    69   11.1   16.6    80    8     82.5    5 
 2/10/26  17:45   14.3   14.4   14.3    66    8.1   0.0   ---   0.00   0.0   ---   14.3   13.8   13.8  1012.6  0.00   0.0   0.014   0.000   16.8    70   11.3   16.6    86    8     88.7    5 
 2/10/26  17:50   14.2   14.3   14.2    67    8.2   0.0   ---   0.00   0.0   ---   14.2   13.7   13.7  1012.6  0.00   0.0   0.014   0.000   16.8    69   11.1   16.6    96    8     99.0    5 
 2/10/26  17:55   14.1   14.2   14.1    68    8.2   0.0   ---   0.00   0.0   ---   14.1   13.6   13.6  1012.6  0.00   0.0   0.015   0.000   16.8    70   11.3   16.5    96    8     99.0    5 
 2/10/26  18:00   13.9   14.1   13.9    69    8.3   0.0   ---   0.00   0.0   ---   13.9   13.4   13.4  1012.6  0.00   0.0   0.015   0.000   16.8    70   11.3   16.5    98    8    100.0    5 
 2/10/26  18:05   13.8   13.9   13.8    70    8.4   0.0   ---   0.00   0.0   ---   13.8   13.3   13.3  1012.6  0.00   0.0   0.016   0.000   16.8    70   11.3   16.5    97    8    100.0    5 
 2/10/26  18:10   13.7   13.8   13.7    70    8.3   0.0   ---   0.00   0.0   ---   13.7   13.2   13.2  1012.6  0.00   0.0   0.016   0.000   16.8    70   11.3   16.5    98    8    100.0    5 
 2/10/26  18:15   13.6   13.7   13.6    70    8.2   0.0   ---   0.00   0.0   ---   13.6   13.2   13.2  1012.6  0.00   0.0   0.016   0.000   16.8    70   11.3   16.5    99    8    100.0    5 
 2/10/26  18:20   13.6   13.6   13.6    70    8.2   0.0   ---   0.00   0.0   ---   13.6   13.1   13.1  1012.6  0.00   0.0   0.017   0.000   16.8    70   11.3   16.5    98    8    100.0    5 
 2/10/26  18:25   13.6   13.6   13.6    71    8.4   0.0   ---   0.00   0.0   ---   13.6   13.2   13.2  1012.6  0.00   0.0   0.016   0.000   16.8    70   11.3   16.5    98    8    100.0    5 
 2/10/26  18:30   13.6   13.6   13.6    72    8.6   0.0   ---   0.00   0.0   ---   13.6   13.2   13.2  1012.6  0.00   0.0   0.017   0.000   16.8    70   11.3   16.5    98    8    100.0    5 
 2/10/26  18:35   13.5   13.6   13.5    72    8.5   0.0   ---   0.00   0.0   ---   13.5   13.1   13.1  1012.5  0.00   0.0   0.017   0.000   16.8    70   11.3   16.5    96    8     99.0    5 
 2/10/26  18:40   13.4   13.5   13.4    72    8.4   0.0   ---   0.00   0.0   ---   13.4   13.0   13.0  1012.5  0.00   0.0   0.017   0.000   16.8    70   11.3   16.5    95    8     97.9    5 
 2/10/26  18:45   13.2   13.4   13.2    73    8.5   0.0   ---   0.00   0.0   ---   13.2   12.8   12.8  1012.5  0.00   0.0   0.018   0.000   16.8    70   11.3   16.5    98    8    100.0    5 
 2/10/26  18:50   13.1   13.2   13.1    73    8.4   0.0   ---   0.00   0.0   ---   13.1   12.7   12.7  1012.5  0.00   0.0   0.018   0.000   16.8    70   11.3   16.5    97    8    100.0    5 
 2/10/26  18:55   13.0   13.1   13.0    74    8.5   0.0   ---   0.00   0.0   ---   13.0   12.7   12.7  1012.4  0.00   0.0   0.019   0.000   16.8    70   11.3   16.5    98    8    100.0    5 
 2/10/26  19:00   12.9   13.0   12.9    74    8.4   0.0   ---   0.00   0.0   ---   12.9   12.6   12.6  1012.3  0.00   0.0   0.019   0.000   16.8    70   11.3   16.5    97    8    100.0    5 
 2/10/26  19:05   12.8   12.9   12.8    74    8.3   0.0   ---   0.00   0.0   ---   12.8   12.4   12.4  1012.3  0.00   0.0   0.019   0.000   16.8    70   11.3   16.5    97    8    100.0    5 
 2/10/26  19:10   12.7   12.8   12.7    75    8.3   0.0   ---   0.00   0.0   ---   12.7   12.4   12.4  1012.3  0.00   0.0   0.020   0.000   16.8    70   11.3   16.5    96    8     99.0    5 
 2/10/26  19:15   12.6   12.7   12.6    76    8.5   0.0   ---   0.00   0.0   ---   12.6   12.3   12.3  1012.2  0.00   0.0   0.020   0.000   16.8    70   11.3   16.5    99    8    100.0    5 
 2/10/26  19:20   12.6   12.6   12.5    76    8.4   0.0   ---   0.00   0.0   ---   12.6   12.3   12.3  1012.1  0.00   0.0   0.020   0.000   16.8    70   11.3   16.5    99    8    100.0    5 
 2/10/26  19:25   12.5   12.6   12.5    77    8.6   0.0   ---   0.00   0.0   ---   12.5   12.3   12.3  1012.1  0.00   0.0   0.020   0.000   16.8    70   11.3   16.5    96    8     99.0    5 
 2/10/26  19:30   12.4   12.5   12.4    78    8.7   0.0   ---   0.00   0.0   ---   12.4   12.2   12.2  1011.9  0.00   0.0   0.020   0.000   16.8    70   11.3   16.5    95    8     97.9    5 
 2/10/26  19:35   12.4   12.4   12.4    78    8.7   0.0   ---   0.00   0.0   ---   12.4   12.2   12.2  1011.8  0.00   0.0   0.020   0.000   16.8    70   11.3   16.5    96    8     99.0    5 
 2/10/26  19:40   12.4   12.4   12.4    79    8.9   0.0   ---   0.00   0.0   ---   12.4   12.3   12.3  1011.8  0.00   0.0   0.020   0.000   16.8    70   11.3   16.5    98    8    100.0    5 
 2/10/26  19:45   12.4   12.4   12.4    80    9.1   0.0   ---   0.00   0.0   ---   12.4   12.3   12.3  1011.9  0.00   0.0   0.020   0.000   16.8    70   11.3   16.6    98    8    100.0    5 
 2/10/26  19:50   12.5   12.5   12.4    80    9.1   0.0   ---   0.00   0.0   ---   12.5   12.3   12.3  1012.0  0.00   0.0   0.020   0.000   16.8    70   11.3   16.5    94    8     96.9    5 
 2/10/26  19:55   12.6   12.6   12.5    80    9.2   0.0   ---   0.00   0.0   ---   12.6   12.4   12.4  1012.0  0.00   0.0   0.020   0.000   16.8    70   11.3   16.6    93    8     95.9    5 
 2/10/26  20:00   12.7   12.7   12.6    80    9.3   0.0   ---   0.00   0.0   ---   12.7   12.5   12.5  1012.0  0.00   0.0   0.020   0.000   16.8    70   11.3   16.5    94    8     96.9    5 
 2/10/26  20:05   12.8   12.8   12.7    80    9.4   0.0   ---   0.00   0.0   ---   12.8   12.6   12.6  1012.1  0.00   0.0   0.019   0.000   16.8    70   11.3   16.5    96    8     99.0    5 
 2/10/26  20:10   13.0   13.0   12.8    80    9.6   0.0   ---   0.00   0.0   ---   13.0   12.8   12.8  1012.1  0.00   0.0   0.019   0.000   16.8    70   11.3   16.5    96    8     99.0    5 
 2/10/26  20:15   13.1   13.2   13.0    80    9.7   0.0   ---   0.00   0.0   ---   13.1   12.9   12.9  1012.1  0.00   0.0   0.018   0.000   16.8    70   11.3   16.5   100    8    100.0    5 
 2/10/26  20:20   13.3   13.3   13.1    79    9.8   0.0   ---   0.00   0.0   ---   13.3   13.1   13.1  1011.8  0.00   0.0   0.017   0.000   16.8    70   11.3   16.5    96    8     99.0    5 
 2/10/26  20:25   13.4   13.4   13.3    79    9.8   0.0   ---   0.00   0.0   ---   13.4   13.2   13.2  1012.0  0.00   0.0   0.017   0.000   16.8    70   11.3   16.5    95    8     97.9    5 
 2/10/26  20:30   13.5   13.5   13.4    79    9.9   0.0   ---   0.00   0.0   ---   13.5   13.3   13.3  1011.9  0.00   0.0   0.017   0.000   16.8    70   11.3   16.5    95    8     97.9    5 
 2/10/26  20:35   13.6   13.6   13.5    79   10.0   0.0   ---   0.00   0.0   ---   13.6   13.4   13.4  1011.7  0.00   0.0   0.016   0.000   16.8    70   11.3   16.5    97    8    100.0    5 
 2/10/26  20:40   13.6   13.7   13.6    79   10.0   0.0   ---   0.00   0.0   ---   13.6   13.4   13.4  1011.5  0.00   0.0   0.016   0.000   16.8    71   11.5   16.6    97    8    100.0    5 
 2/10/26  20:45   13.7   13.7   13.7    79   10.1   0.0   ---   0.00   0.0   ---   13.7   13.6   13.6  1011.2  0.00   0.0   0.016   0.000   16.8    71   11.5   16.6   100    8    100.0    5 
 2/10/26  20:50   13.7   13.8   13.7    79   10.1   0.0   ---   0.00   0.0   ---   13.7   13.6   13.6  1011.6  0.00   0.0   0.016   0.000   16.8    71   11.5   16.6    95    8     97.9    5 
 2/10/26  20:55   13.8   13.8   13.7    79   10.2   0.0   ---   0.00   0.0   ---   13.8   13.6   13.6  1011.5  0.00   0.0   0.016   0.000   16.8    71   11.5   16.6    95    8     97.9    5 
 2/10/26  21:00   13.8   13.8   13.8    79   10.2   0.0   ---   0.00   0.0   ---   13.8   13.6   13.6  1011.9  0.00   0.0   0.016   0.000   16.8    70   11.3   16.6    94    8     96.9    5 
 2/10/26  21:05   13.8   13.8   13.8    79   10.2   0.0   ---   0.00   0.0   ---   13.8   13.6   13.6  1011.9  0.00   0.0   0.016   0.000   16.9    70   11.4   16.7    95    8     97.9    5 
 2/10/26  21:10   13.8   13.8   13.8    79   10.2   0.0   ---   0.00   0.0   ---   13.8   13.6   13.6  1011.7  0.00   0.0   0.016   0.000   16.9    70   11.4   16.7    97    8    100.0    5 
 2/10/26  21:15   13.8   13.8   13.8    79   10.2   0.0   ---   0.00   0.0   ---   13.8   13.6   13.6  1012.1  0.00   0.0   0.016   0.000   16.9    70   11.4   16.7    95    8     97.9    5 
 2/10/26  21:20   13.8   13.8   13.8    79   10.3   0.0   ---   0.00   0.0   ---   13.8   13.7   13.7  1012.4  0.00   0.0   0.016   0.000   16.9    71   11.6   16.7    95    8     97.9    5 
 2/10/26  21:25   13.9   13.9   13.8    79   10.3   0.0   ---   0.00   0.0   ---   13.9   13.7   13.7  1012.4  0.00   0.0   0.015   0.000   16.9    71   11.6   16.7    94    8     96.9    5 
 2/10/26  21:30   13.9   13.9   13.8    79   10.4   0.0   ---   0.00   0.0   ---   13.9   13.8   13.8  1012.2  0.00   0.0   0.015   0.000   16.9    71   11.6   16.7    95    8     97.9    5 
 2/10/26  21:35   13.9   14.0   13.9    79   10.4   0.0   ---   0.00   0.0   ---   13.9   13.8   13.8  1012.2  0.00   0.0   0.015   0.000   16.9    71   11.6   16.7    97    8    100.0    5 
 2/10/26  21:40   13.9   13.9   13.9    79   10.3   0.0   ---   0.00   0.0   ---   13.9   13.7   13.7  1012.2  0.00   0.0   0.015   0.000   16.9    71   11.6   16.7    95    8     97.9    5 
 2/10/26  21:45   13.8   13.9   13.8    79   10.3   0.0   ---   0.00   0.0   ---   13.8   13.7   13.7  1011.9  0.00   0.0   0.016   0.000   16.9    71   11.6   16.7    94    8     96.9    5 
 2/10/26  21:50   13.8   13.8   13.8    79   10.2   0.0   ---   0.00   0.0   ---   13.8   13.6   13.6  1011.7  0.00   0.0   0.016   0.000   16.9    71   11.6   16.7    93    8     95.9    5 
 2/10/26  21:55   13.7   13.8   13.7    79   10.1   0.0   ---   0.00   0.0   ---   13.7   13.6   13.6  1011.4  0.00   0.0   0.016   0.000   16.9    71   11.6   16.7    95    8     97.9    5 
 2/10/26  22:00   13.7   13.7   13.6    80   10.3   0.0   ---   0.00   0.0   ---   13.7   13.5   13.5  1011.6  0.00   0.0   0.016   0.000   16.9    71   11.6   16.7    83    8     85.6    5 
 2/10/26  22:05   13.6   13.7   13.6    80   10.2   0.0   ---   0.00   0.0   ---   13.6   13.4   13.4  1011.7  0.00   0.0   0.016   0.000   16.9    71   11.6   16.7    83    8     85.6    5 
 2/10/26  22:10   13.6   13.7   13.6    80   10.2   0.0   ---   0.00   0.0   ---   13.6   13.4   13.4  1011.8  0.00   0.0   0.016   0.000   16.9    71   11.6   16.7    89    8     91.8    5 
 2/10/26  22:15   13.6   13.6   13.5    80   10.2   0.0   ---   0.00   0.0   ---   13.6   13.4   13.4  1011.8  0.00   0.0   0.017   0.000   16.9    71   11.6   16.7    97    8    100.0    5 
 2/10/26  22:20   13.6   13.6   13.5    76    9.5   0.0   ---   0.00   0.0   ---   13.6   13.3   13.3  1011.7  0.00   0.0   0.016   0.000   16.9    71   11.6   16.7    95    8     97.9    5 
 2/10/26  22:25   13.9   13.9   13.6    74    9.3   0.0   ---   0.00   0.0   ---   13.9   13.6   13.6  1011.5  0.00   0.0   0.015   0.000   16.9    71   11.6   16.8    95    8     97.9    5 
 2/10/26  22:30   14.2   14.2   13.9    73    9.4   0.0   ---   0.00   0.0   ---   14.2   13.8   13.8  1011.2  0.00   0.0   0.014   0.000   16.9    71   11.6   16.7    95    8     97.9    5 
 2/10/26  22:35   14.2   14.2   14.1    73    9.4   0.0   ---   0.00   0.0   ---   14.2   13.9   13.9  1011.2  0.00   0.0   0.014   0.000   16.9    71   11.6   16.8    96    8     99.0    5 
 2/10/26  22:40   14.3   14.3   14.2    72    9.3   0.0   ---   0.00   0.0   ---   14.3   13.9   13.9  1011.3  0.00   0.0   0.014   0.000   16.9    71   11.6   16.8    97    8    100.0    5 
 2/10/26  22:45   14.4   14.4   14.3    72    9.4   0.0   ---   0.00   0.0   ---   14.4   14.0   14.0  1011.4  0.00   0.0   0.014   0.000   16.9    71   11.6   16.8    97    8    100.0    5 
 2/10/26  22:50   14.4   14.4   14.4    70    9.0   0.0   ---   0.00   0.0   ---   14.4   14.0   14.0  1011.4  0.00   0.0   0.014   0.000   16.9    71   11.6   16.8    96    8     99.0    5 
 2/10/26  22:55   14.6   14.6   14.4    69    9.0   0.0   ---   0.00   0.0   ---   14.6   14.2   14.2  1011.3  0.00   0.0   0.013   0.000   16.9    71   11.6   16.8    95    8     97.9    5 
 2/10/26  23:00   14.6   14.7   14.6    70    9.2   0.0   ---   0.00   0.0   ---   14.6   14.2   14.2  1011.1  0.00   0.0   0.013   0.000   16.9    71   11.6   16.8    96    8     99.0    5 
 2/10/26  23:05   14.7   14.7   14.6    70    9.3   0.0   ---   0.00   0.0   ---   14.7   14.2   14.2  1011.4  0.00   0.0   0.013   0.000   16.9    71   11.6   16.8    96    8     99.0    5 
 2/10/26  23:10   14.6   14.7   14.6    71    9.4   0.0   ---   0.00   0.0   ---   14.6   14.2   14.2  1011.6  0.00   0.0   0.013   0.000   16.9    71   11.6   16.8    95    8     97.9    5 
 2/10/26  23:15   14.4   14.6   14.4    71    9.2   0.0   ---   0.00   0.0   ---   14.4   14.0   14.0  1011.3  0.00   0.0   0.014   0.000   16.9    71   11.6   16.8    96    8     99.0    5 
 2/10/26  23:20   14.3   14.4   14.3    71    9.1   0.0   ---   0.00   0.0   ---   14.3   13.9   13.9  1011.2  0.00   0.0   0.014   0.000   16.9    71   11.6   16.8    99    8    100.0    5 
 2/10/26  23:25   14.4   14.5   14.3    70    9.0   0.0   ---   0.00   0.0   ---   14.4   14.0   14.0  1010.9  0.00   0.0   0.014   0.000   16.9    71   11.6   16.8    97    8    100.0    5 
 2/10/26  23:30   14.5   14.5   14.4    70    9.1   0.0   ---   0.00   0.0   ---   14.5   14.1   14.1  1010.9  0.00   0.0   0.013   0.000   16.9    71   11.6   16.7    97    8    100.0    5 
 2/10/26  23:35   14.4   14.5   14.4    70    9.0   0.0   ---   0.00   0.0   ---   14.4   14.0   14.0  1011.1  0.00   0.0   0.014   0.000   16.9    71   11.6   16.8    98    8    100.0    5 
 2/10/26  23:40   14.4   14.4   14.4    70    9.0   0.0   ---   0.00   0.0   ---   14.4   14.0   14.0  1011.1  0.00   0.0   0.014   0.000   16.9    71   11.6   16.8    95    8     97.9    5 
 2/10/26  23:45   14.4   14.4   14.4    69    8.8   0.0   ---   0.00   0.0   ---   14.4   14.0   14.0  1011.0  0.00   0.0   0.014   0.000   16.9    71   11.6   16.8    93    8     95.9    5 
 2/10/26  23:50   14.4   14.5   14.4    69    8.8   0.0   ---   0.00   0.0   ---   14.4   13.9   13.9  1011.0  0.00   0.0   0.014   0.000   16.9    71   11.6   16.8    94    8     96.9    5 
 2/10/26  23:55   14.4   14.4   14.4    69    8.8   0.0   ---   0.00   0.0   ---   14.4   14.0   14.0  1010.7  0.00   0.0   0.014   0.000   16.9    71   11.6   16.8    99    8    100.0    5 
 3/10/26  00:00   14.5   14.5   14.4    70    9.1   0.0   ---   0.00   0.0   ---   14.5   14.1   14.1  1010.7  0.00   0.0   0.013   0.000   16.9    71   11.6   16.8    95    8     97.9    5 
 3/10/26   0:05   14.6   14.6   14.4    70    9.1   0.0   ---   0.00   0.0   ---   14.6   14.1   14.1  1010.6  0.00   0.0   0.013   0.000   16.9    71   11.6   16.8    92    8     94.8    5 
 3/10/26   0:10   14.5   14.5   14.5    70    9.1   0.0   ---   0.00   0.0   ---   14.5   14.1   14.1  1010.6  0.00   0.0   0.013   0.000   16.9    71   11.6   16.8    93    8     95.9    5 
 3/10/26   0:15   14.4   14.5   14.4    69    8.8   0.0   ---   0.00   0.0   ---   14.4   14.0   14.0  1010.3  0.00   0.0   0.014   0.000   16.9    71   11.6   16.8    97    8    100.0    5 
 3/10/26   0:20   14.6   14.6   14.5    69    8.9   0.0   ---   0.00   0.0   ---   14.6   14.1   14.1  1010.2  0.00   0.0   0.013   0.000   16.9    71   11.6   16.8    93    8     95.9    5 
 3/10/26   0:25   14.6   14.6   14.6    69    9.0   0.0   ---   0.00   0.0   ---   14.6   14.2   14.2  1010.1  0.00   0.0   0.013   0.000   16.9    71   11.6   16.8    95    8     97.9    5 
 3/10/26   0:30   14.6   14.6   14.5    69    8.9   0.0   ---   0.00   0.0   ---   14.6   14.1   14.1  1010.2  0.00   0.0   0.013   0.000   16.9    71   11.6   16.8    96    8     99.0    5 
 3/10/26   0:35   14.5   14.6   14.5    70    9.1   0.0   ---   0.00   0.0   ---   14.5   14.1   14.1  1010.2  0.00   0.0   0.013   0.000   16.9    71   11.6   16.8    95    8     97.9    5 
 3/10/26   0:40   14.6   14.6   14.5    70    9.1   0.0   ---   0.00   0.0   ---   14.6   14.1   14.1  1010.3  0.00   0.0   0.013   0.000   16.9    71   11.6   16.8    96    8     99.0    5 
 3/10/26   0:45   14.6   14.6   14.6    70    9.2   0.0   ---   0.00   0.0   ---   14.6   14.2   14.2  1010.4  0.00   0.0   0.013   0.000   16.9    71   11.6   16.8    97    8    100.0    5 
 3/10/26   0:50   14.6   14.6   14.6    69    9.0   0.0   ---   0.00   0.0   ---   14.6   14.2   14.2  1010.2  0.00   0.0   0.013   0.000   16.9    71   11.6   16.8    98    8    100.0    5 
 3/10/26   0:55   14.8   14.8   14.6    68    8.9   0.0   ---   0.00   0.0   ---   14.8   14.3   14.3  1010.2  0.00   0.0   0.012   0.000   16.9    71   11.6   16.8    98    8    100.0    5 
 3/10/26   1:00   14.9   14.9   14.8    68    9.0   0.0   ---   0.00   0.0   ---   14.9   14.4   14.4  1010.0  0.00   0.0   0.012   0.000   16.9    71   11.6   16.8    97    8    100.0    5 
 3/10/26   1:05   14.9   14.9   14.9    69    9.2   0.0   ---   0.00   0.0   ---   14.9   14.4   14.4  1010.0  0.00   0.0   0.012   0.000   16.9    71   11.6   16.8    94    8     96.9    5 
 3/10/26   1:10   14.9   14.9   14.8    69    9.2   0.0   ---   0.00   0.0   ---   14.9   14.4   14.4  1010.2  0.00   0.0   0.012   0.000   16.9    71   11.6   16.8    95    8     97.9    5 
 3/10/26   1:15   14.9   14.9   14.8    68    9.0   0.0   ---   0.00   0.0   ---   14.9   14.4   14.4  1010.2  0.00   0.0   0.012   0.000   16.9    71   11.6   16.8    97    8    100.0    5 
 3/10/26   1:20   14.9   14.9   14.9    67    8.9   0.0   ---   0.00   0.0   ---   14.9   14.4   14.4  1010.4  0.00   0.0   0.012   0.000   16.9    71   11.6   16.8    95    8     97.9    5 
 3/10/26   1:25   15.0   15.0   14.9    67    8.9   0.0   ---   0.00   0.0   ---   15.0   14.5   14.5  1010.4  0.00   0.0   0.012   0.000   16.9    71   11.6   16.8    97    8    100.0    5 
 3/10/26   1:30   15.1   15.1   15.0    68    9.2   0.0   ---   0.00   0.0   ---   15.1   14.6   14.6  1009.9  0.00   0.0   0.011   0.000   16.9    71   11.6   16.8    98    8    100.0    5 
 3/10/26   1:35   15.0   15.1   15.0    68    9.1   0.0   ---   0.00   0.0   ---   15.0   14.6   14.6  1009.7  0.00   0.0   0.012   0.000   16.9    71   11.6   16.8    95    8     97.9    5 
 3/10/26   1:40   14.9   15.0   14.9    68    9.1   0.0   ---   0.00   0.0   ---   14.9   14.5   14.5  1009.8  0.00   0.0   0.012   0.000   16.9    71   11.6   16.8    98    8    100.0    5 
 3/10/26   1:45   14.9   14.9   14.9    69    9.2   0.0   ---   0.00   0.0   ---   14.9   14.4   14.4  1010.1  0.00   0.0   0.012   0.000   16.9    71   11.6   16.8    97    8    100.0    5 
 3/10/26   1:50   14.9   14.9   14.9    70    9.5   0.0   ---   0.00   0.0   ---   14.9   14.5   14.5  1010.4  0.00   0.0   0.012   0.000   16.9    71   11.6   16.8    97    8    100.0    5 
 3/10/26   1:55   14.8   14.9   14.8    74   10.2   0.0   ---   0.00   0.0   ---   14.8   14.6   14.6  1010.9  0.20   0.0   0.012   0.000   16.9    71   11.6   16.8    93    8     95.9    5 
 3/10/26   2:00   14.4   14.8   14.4    76   10.2   0.0   ---   0.00   0.0   ---   14.4   14.2   14.2  1011.1  0.00   0.0   0.014   0.000   16.9    71   11.6   16.8    97    8    100.0    5 
 3/10/26   2:05   14.1   14.4   14.1    75    9.7   0.0   ---   0.00   0.0   ---   14.1   13.8   13.8  1011.1  0.00   0.0   0.015   0.000   16.9    71   11.6   16.8    99    8    100.0    5 
 3/10/26   2:10   13.9   14.1   13.9    76    9.7   0.0   ---   0.00   0.0   ---   13.9   13.6   13.6  1011.0  0.00   0.0   0.015   0.000   16.9    71   11.6   16.8    96    8     99.0    5 
 3/10/26   2:15   13.7   13.8   13.7    77    9.7   0.0   ---   0.00   0.0   ---   13.7   13.4   13.4  1010.8  0.20   0.0   0.016   0.000   16.9    71   11.6   16.8    90    8     92.8    5 
 3/10/26   2:20   13.5   13.7   13.5    78    9.7   0.0   ---   0.00   0.0   ---   13.5   13.3   13.3  1010.9  0.00   0.0   0.017   0.000   16.9    71   11.6   16.8    82    8     84.5    5 
 3/10/26   2:25   13.4   13.4   13.4    78    9.6   0.0   ---   0.00   0.0   ---   13.4   13.2   13.2  1010.4  0.00   0.0   0.017   0.000   16.9    71   11.6   16.8    79    8     81.4    5 
 3/10/26   2:30   13.4   13.4   13.3    75    9.0   0.0   ---   0.00   0.0   ---   13.4   13.1   13.1  1010.1  0.00   0.0   0.017   0.000   16.9    71   11.6   16.8    97    8    100.0    5 
 3/10/26   2:35   13.6   13.6   13.4    73    8.9   0.0   ---   0.00   0.0   ---   13.6   13.2   13.2  1010.2  0.00   0.0   0.016   0.000   16.9    71   11.6   16.8    98    8    100.0    5 
 3/10/26   2:40   13.7   13.7   13.6    74    9.1   0.0   ---   0.00   0.0   ---   13.7   13.3   13.3  1009.9  0.00   0.0   0.016   0.000   16.9    71   11.6   16.8    97    8    100.0    5 
 3/10/26   2:45   13.8   13.8   13.7    72    8.8   0.0   ---   0.00   0.0   ---   13.8   13.4   13.4  1009.9  0.00   0.0   0.016   0.000   16.9    71   11.6   16.8    95    8     97.9    5 
 3/10/26   2:50   13.9   13.9   13.8    72    8.9   0.0   ---   0.00   0.0   ---   13.9   13.5   13.5  1009.5  0.00   0.0   0.015   0.000   16.9    71   11.6   16.8    98    8    100.0    5 
 3/10/26   2:55   13.9   13.9   13.9    73    9.1   0.0   ---   0.00   0.0   ---   13.9   13.6   13.6  1009.3  0.00   0.0   0.015   0.000   16.9    71   11.6   16.8    95    8     97.9    5 
 3/10/26   3:00   13.9   13.9   13.9    73    9.1   0.0   ---   0.00   0.0   ---   13.9   13.6   13.6  1009.6  0.00   0.0   0.015   0.000   16.9    71   11.6   16.8    97    8    100.0    5 
 3/10/26   3:05   13.8   13.9   13.8    73    9.1   0.0   ---   0.00   0.0   ---   13.8   13.5   13.5  1009.3  0.00   0.0   0.016   0.000   16.9    71   11.6   16.8    96    8     99.0    5 
 3/10/26   3:10   13.8   13.8   13.8    74    9.2   0.0   ---   0.00   0.0   ---   13.8   13.4   13.4  1009.8  0.00   0.0   0.016   0.000   16.9    71   11.6   16.8    98    8    100.0    5 
 3/10/26   3:15   13.8   13.8   13.7    74    9.2   0.0   ---   0.00   0.0   ---   13.8   13.4   13.4  1010.4  0.00   0.0   0.016   0.000   16.9    71   11.6   16.8    97    8    100.0    5 
 3/10/26   3:20   13.8   13.8   13.8    73    9.1   0.0   ---   0.00   0.0   ---   13.8   13.5   13.5  1010.3  0.00   0.0   0.016   0.000   16.9    71   11.6   16.8    96    8     99.0    5 
 3/10/26   3:25   13.9   13.9   13.8    73    9.2   0.0   ---   0.00   0.0   ---   13.9   13.6   13.6  1009.8  0.00   0.0   0.015   0.000   16.9    71   11.6   16.8    96    8     99.0    5 
 3/10/26   3:30   14.1   14.1   13.9    72    9.1   0.0   ---   0.00   0.0   ---   14.1   13.7   13.7  1009.1  0.00   0.0   0.015   0.000   16.9    71   11.6   16.8    93    8     95.9    5 
 3/10/26   3:35   14.1   14.1   14.0    72    9.1   0.0   ---   0.00   0.0   ---   14.1   13.7   13.7  1009.0  0.00   0.0   0.015   0.000   16.9    71   11.6   16.8    98    8    100.0    5 
 3/10/26   3:40   14.2   14.2   14.1    72    9.2   0.0   ---   0.00   0.0   ---   14.2   13.8   13.8  1008.9  0.00   0.0   0.014   0.000   16.9    71   11.6   16.8    97    8    100.0    5 
 3/10/26   3:45   14.2   14.2   14.2    73    9.4   0.0   ---   0.00   0.0   ---   14.2   13.8   13.8  1008.7  0.00   0.0   0.014   0.000   16.9    71   11.6   16.8    97    8    100.0    5 
 3/10/26   3:50   14.1   14.2   14.0    74    9.5   0.0   ---   0.00   0.0   ---   14.1   13.7   13.7  1008.5  0.00   0.0   0.015   0.000   16.9    71   11.6   16.8    97    8    100.0    5 
 3/10/26   3:55   13.9   14.1   13.9    75    9.5   0.0   ---   0.00   0.0   ---   13.9   13.6   13.6  1008.7  0.00   0.0   0.015   0.000   16.9    71   11.6   16.8    95    8     97.9    5 
 3/10/26   4:00   13.7   13.9   13.7    77    9.8   0.0   ---   0.00   0.0   ---   13.7   13.5   13.5  1008.9  0.00   0.0   0.016   0.000   16.9    71   11.6   16.8    98    8    100.0    5 
 3/10/26   4:05   13.6   13.7   13.6    77    9.6   0.0   ---   0.00   0.0   ---   13.6   13.3   13.3  1008.6  0.00   0.0   0.017   0.000   16.9    71   11.6   16.8    94    8     96.9    5 
 3/10/26   4:10   13.4   13.6   13.4    78    9.7   0.0   ---   0.00   0.0   ---   13.4   13.2   13.2  1008.7  0.00   0.0   0.017   0.000   16.9    71   11.6   16.8    96    8     99.0    5 
 3/10/26   4:15   13.4   13.4   13.4    77    9.4   0.0   ---   0.00   0.0   ---   13.4   13.1   13.1  1008.8  0.00   0.0   0.017   0.000   16.9    71   11.6   16.8    96    8     99.0    5 
 3/10/26   4:20   13.4   13.4   13.4    77    9.5   0.0   ---   0.00   0.0   ---   13.4   13.2   13.2  1008.8  0.00   0.0   0.017   0.000   16.9    71   11.6   16.8    95    8     97.9    5 
 3/10/26   4:25   13.5   13.5   13.4    76    9.4   0.0   ---   0.00   0.0   ---   13.5   13.2   13.2  1009.1  0.00   0.0   0.017   0.000   16.9    71   11.6   16.8    96    8     99.0    5 
 3/10/26   4:30   13.6   13.6   13.5    76    9.4   0.0   ---   0.00   0.0   ---   13.6   13.3   13.3  1009.0  0.00   0.0   0.017   0.000   16.9    71   11.6   16.8    96    8     99.0    5 
 3/10/26   4:35   13.7   13.7   13.6    76    9.5   0.0   ---   0.00   0.0   ---   13.7   13.4   13.4  1008.9  0.00   0.0   0.016   0.000   16.9    71   11.6   16.8    98    8    100.0    5 
 3/10/26   4:40   13.7   13.7   13.6    76    9.5   0.0   ---   0.00   0.0   ---   13.7   13.4   13.4  1009.0  0.00   0.0   0.016   0.000   16.9    71   11.6   16.8    95    8     97.9    5 
 3/10/26   4:45   13.7   13.7   13.7    76    9.5   0.0   ---   0.00   0.0   ---   13.7   13.4   13.4  1008.9  0.00   0.0   0.016   0.000   16.9    71   11.6   16.8    98    8    100.0    5 
 3/10/26   4:50   13.7   13.7   13.7    75    9.3   0.0   ---   0.00   0.0   ---   13.7   13.4   13.4  1008.8  0.00   0.0   0.016   0.000   16.9    71   11.6   16.8    94    8     96.9    5 
 3/10/26   4:55   13.7   13.8   13.7    75    9.4   0.0   ---   0.00   0.0   ---   13.7   13.4   13.4  1008.5  0.00   0.0   0.016   0.000   16.9    71   11.6   16.8    94    8     96.9    5 
 3/10/26   5:00   13.7   13.8   13.7    74    9.2   0.0   ---   0.00   0.0   ---   13.7   13.4   13.4  1008.7  0.00   0.0   0.016   0.000   16.9    71   11.6   16.8    96    8     99.0    5 
 3/10/26   5:05   13.7   13.8   13.7    76    9.6   0.0   ---   0.00   0.0   ---   13.7   13.4   13.4  1008.7  0.00   0.0   0.016   0.000   16.9    71   11.6   16.8    93    8     95.9    5 
 3/10/26   5:10   13.6   13.7   13.6    77    9.7   0.0   ---   0.00   0.0   ---   13.6   13.4   13.4  1008.6  0.00   0.0   0.016   0.000   16.9    71   11.6   16.8    94    8     96.9    5 
 3/10/26   5:15   13.5   13.6   13.5    77    9.5   0.0   ---   0.00   0.0   ---   13.5   13.2   13.2  1008.8  0.00   0.0   0.017   0.000   16.9    71   11.6   16.8    97    8    100.0    5 
 3/10/26   5:20   13.4   13.5   13.4    78    9.7   0.0   ---   0.00   0.0   ---   13.4   13.2   13.2  1008.7  0.00   0.0   0.017   0.000   16.9    71   11.6   16.8    96    8     99.0    5 
 3/10/26   5:25   13.4   13.5   13.4    78    9.7   0.0   ---   0.00   0.0   ---   13.4   13.2   13.2  1009.0  0.00   0.0   0.017   0.000   16.9    71   11.6   16.8    96    8     99.0    5 
 3/10/26   5:30   13.4   13.4   13.4    78    9.6   0.0   ---   0.00   0.0   ---   13.4   13.2   13.2  1009.2  0.00   0.0   0.017   0.000   16.9    71   11.6   16.8    95    8     97.9    5 
 3/10/26   5:35   13.4   13.4   13.4    78    9.6   0.0   ---   0.00   0.0   ---   13.4   13.2   13.2  1009.1  0.00   0.0   0.017   0.000   16.9    71   11.6   16.8    95    8     97.9    5 
 3/10/26   5:40   13.4   13.4   13.4    78    9.6   0.0   ---   0.00   0.0   ---   13.4   13.2   13.2  1009.0  0.00   0.0   0.017   0.000   16.9    71   11.6   16.8    97    8    100.0    5 
 3/10/26   5:45   13.4   13.4   13.4    79    9.8   0.0   ---   0.00   0.0   ---   13.4   13.2   13.2  1009.0  0.00   0.0   0.017   0.000   16.9    71   11.6   16.8    94    8     96.9    5 
 3/10/26   5:50   13.4   13.4   13.3    79    9.8   0.0   ---   0.00   0.0   ---   13.4   13.2   13.2  1009.0  0.00   0.0   0.017   0.000   16.9    71   11.6   16.8    93    8     95.9    5 
 3/10/26   5:55   13.3   13.4   13.3    79    9.8   0.0   ---   0.00   0.0   ---   13.3   13.1   13.1  1009.0  0.00   0.0   0.017   0.000   16.9    71   11.6   16.8    94    8     96.9    5 
 3/10/26   6:00   13.3   13.3   13.3    79    9.8   0.0   ---   0.00   0.0   ---   13.3   13.1   13.1  1009.0  0.00   0.0   0.017   0.000   16.9    71   11.6   16.8    97    8    100.0    5 
 3/10/26   6:05   13.3   13.3   13.3    79    9.8   0.0   ---   0.00   0.0   ---   13.3   13.1   13.1  1008.9  0.00   0.0   0.017   0.000   16.9    71   11.6   16.8    94    8     96.9    5 
 3/10/26   6:10   13.3   13.4   13.3    78    9.6   0.0   ---   0.00   0.0   ---   13.3   13.1   13.1  1008.9  0.00   0.0   0.017   0.000   16.9    71   11.6   16.8    96    8     99.0    5 
 3/10/26   6:15   13.3   13.4   13.3    79    9.8   0.0   ---   0.00   0.0   ---   13.3   13.1   13.1  1008.7  0.00   0.0   0.017   0.000   16.9    71   11.6   16.8    97    8    100.0    5 
 3/10/26   6:20   13.3   13.3   13.3    78    9.6   0.0   ---   0.00   0.0   ---   13.3   13.1   13.1  1008.6  0.00   0.0   0.017   0.000   16.9    71   11.6   16.8    98    8    100.0    5 
 3/10/26   6:25   13.3   13.4   13.3    79    9.8   0.0   ---   0.00   0.0   ---   13.3   13.1   13.1  1008.5  0.00   0.0   0.017   0.000   16.9    71   11.6   16.8    95    8     97.9    5 
 3/10/26   6:30   13.3   13.4   13.3    79    9.8   0.0   ---   0.00   0.0   ---   13.3   13.1   13.1  1008.5  0.00   0.0   0.017   0.000   16.9    71   11.6   16.8    97    8    100.0    5 
 3/10/26   6:35   13.4   13.4   13.3    78    9.6   0.0   ---   0.00   0.0   ---   13.4   13.2   13.2  1008.6  0.00   0.0   0.017   0.000   16.9    71   11.6   16.8    96    8     99.0    5 
 3/10/26   6:40   13.4   13.5   13.4    78    9.7   0.0   ---   0.00   0.0   ---   13.4   13.2   13.2  1008.7  0.00   0.0   0.017   0.000   16.9    71   11.6   16.8    96    8     99.0    5 
 3/10/26   6:45   13.6   13.6   13.4    78    9.8   0.0   ---   0.00   0.0   ---   13.6   13.3   13.3  1008.9  0.00   0.0   0.017   0.000   16.9    71   11.6   16.8    83    8     85.6    5 
 3/10/26   6:50   13.6   13.6   13.5    78    9.8   0.0   ---   0.00   0.0   ---   13.6   13.3   13.3  1009.1  0.00   0.0   0.017   0.000   16.9    71   11.6   16.8    82    8     84.5    5 
 3/10/26   6:55   13.5   13.5   13.5    78    9.7   0.0   ---   0.00   0.0   ---   13.5   13.3   13.3  1009.4  0.00   0.0   0.017   0.000   16.9    71   11.6   16.8    87    8     89.7    5 
 3/10/26   7:00   13.5   13.5   13.5    79    9.9   0.0   ---   0.00   0.0   ---   13.5   13.3   13.3  1009.6  0.00   0.0   0.017   0.000   16.9    71   11.6   16.8    93    8     95.9    5 
 3/10/26   7:05   13.4   13.5   13.4    79    9.9   0.0   ---   0.00   0.0   ---   13.4   13.2   13.2  1009.8  0.00   0.0   0.017   0.000   16.9    71   11.6   16.8    98    8    100.0    5 
 3/10/26   7:10   13.4   13.4   13.4    79    9.8   0.0   ---   0.00   0.0   ---   13.4   13.2   13.2  1010.1  0.00   0.0   0.017   0.000   16.9    71   11.6   16.8    96    8     99.0    5 
 3/10/26   7:15   13.4   13.4   13.4    79    9.8   0.0   ---   0.00   0.0   ---   13.4   13.2   13.2  1010.6  0.00   0.0   0.017   0.000   16.9    71   11.6   16.8    96    8     99.0    5 
 3/10/26   7:20   13.3   13.4   13.3    79    9.8   0.0   ---   0.00   0.0   ---   13.3   13.1   13.1  1011.0  0.00   0.0   0.017   0.000   16.9    71   11.6   16.8    97    8    100.0    5 
 3/10/26   7:25   13.3   13.3   13.3    79    9.8   0.0   ---   0.00   0.0   ---   13.3   13.1   13.1  1011.5  0.00   0.0   0.017   0.000   16.9    71   11.6   16.8    95    8     97.9    5 
 3/10/26   7:30   13.3   13.3   13.3    79    9.7   0.0   ---   0.00   0.0   ---   13.3   13.1   13.1  1011.7  0.00   0.0   0.018   0.000   16.9    71   11.6   16.8    96    8     99.0    5 
 3/10/26   7:35   13.3   13.3   13.2    79    9.7   0.0   ---   0.00   0.0   ---   13.3   13.1   13.1  1011.9  0.00   0.0   0.018   0.000   16.9    71   11.6   16.8    96    8     99.0    5 
 3/10/26   7:40   13.3   13.3   13.2    79    9.7   0.0   ---   0.00   0.0   ---   13.3   13.1   13.1  1011.9  0.00   0.0   0.018   0.000   16.9    71   11.6   16.8    94    8     96.9    5 
 3/10/26   7:45   13.3   13.3   13.3    79    9.7   0.0   ---   0.00   0.0   ---   13.3   13.1   13.1  1012.1  0.00   0.0   0.018   0.000   16.9    71   11.6   16.8    96    8     99.0    5 
 3/10/26   7:50   13.3   13.3   13.3    80    9.9   0.0   ---   0.00   0.0   ---   13.3   13.1   13.1  1012.1  0.00   0.0   0.018   0.000   16.9    71   11.6   16.8    98    8    100.0    5 
 3/10/26   7:55   13.2   13.3   13.2    81   10.0   0.0   ---   0.00   0.0   ---   13.2   13.1   13.1  1012.2  0.00   0.0   0.018   0.000   17.0    71   11.7   16.8    96    8     99.0    5 
 3/10/26   8:00   13.2   13.2   13.2    81   10.0   0.0   ---   0.00   0.0   ---   13.2   13.0   13.0  1012.4  0.00   0.0   0.018   0.000   17.0    71   11.7   16.8    97    8    100.0    5 
 3/10/26   8:05   13.1   13.2   13.1    82   10.1   0.0   ---   0.00   0.0   ---   13.1   13.0   13.0  1012.5  0.00   0.0   0.018   0.000   17.0    71   11.7   16.8    96    8     99.0    5 
 3/10/26   8:10   13.1   13.1   13.1    82   10.1   0.0   ---   0.00   0.0   ---   13.1   13.0   13.0  1012.5  0.00   0.0   0.018   0.000   17.0    71   11.7   16.8    98    8    100.0    5 
 3/10/26   8:15   13.1   13.1   13.1    83   10.3   0.0   ---   0.00   0.0   ---   13.1   13.0   13.0  1012.5  0.00   0.0   0.018   0.000   17.0    71   11.7   16.8    97    8    100.0    5 
 3/10/26   8:20   13.1   13.1   13.0    83   10.2   0.0   ---   0.00   0.0   ---   13.1   12.9   12.9  1012.6  0.20   0.0   0.018   0.000   17.0    71   11.7   16.8    95    8     97.9    5 
 3/10/26   8:25   13.0   13.1   12.9    84   10.4   0.0   ---   0.00   0.0   ---   13.0   12.9   12.9  1012.5  0.20   1.8   0.019   0.000   17.0    71   11.7   16.8   100    8    100.0    5 
 3/10/26   8:30   12.9   13.0   12.9    84   10.2   0.0   ---   0.00   0.0   ---   12.9   12.8   12.8  1012.2  0.20   4.6   0.019   0.000   17.0    71   11.7   16.8    97    8    100.0    5 
 3/10/26   8:35   12.8   12.9   12.8    85   10.4   0.0   ---   0.00   0.0   ---   12.8   12.8   12.8  1012.1  0.40   4.6   0.019   0.000   17.0    71   11.7   16.8    96    8     99.0    5 
 3/10/26   8:40   12.7   12.8   12.7    85   10.3   0.0   ---   0.00   0.0   ---   12.7   12.7   12.7  1012.0  0.20   4.6   0.019   0.000   17.0    71   11.7   16.8    96    8     99.0    5 
 3/10/26   8:45   12.6   12.7   12.6    85   10.2   0.0   ---   0.00   0.0   ---   12.6   12.6   12.6  1011.8  0.40   3.8   0.020   0.000   17.0    71   11.7   16.8    97    8    100.0    5 
 3/10/26   8:50   12.6   12.6   12.6    86   10.3   0.0   ---   0.00   0.0   ---   12.6   12.5   12.5  1011.9  0.40   4.8   0.020   0.000   16.9    71   11.6   16.8    98    8    100.0    5 
 3/10/26   8:55   12.5   12.6   12.5    87   10.4   0.0   ---   0.00   0.0   ---   12.5   12.5   12.5  1011.7  0.20   4.8   0.020   0.000   16.9    72   11.9   16.8    97    8    100.0    5 
 3/10/26   9:00   12.5   12.6   12.5    87   10.4   0.0   ---   0.00   0.0   ---   12.5   12.5   12.5  1011.6  0.20   3.8   0.020   0.000   16.9    72   11.9   16.8    96    8     99.0    5 
 3/10/26   9:05   12.5   12.6   12.5    88   10.6   0.0   ---   0.00   0.0   ---   12.5   12.5   12.5  1011.5  0.20   2.6   0.020   0.000   16.9    72   11.9   16.8    98    8    100.0    5 
 3/10/26   9:10   12.5   12.6   12.5    88   10.6   0.0   ---   0.00   0.0   ---   12.5   12.5   12.5  1011.3  0.20   2.2   0.020   0.000   16.9    72   11.9   16.8    99    8    100.0    5 
 3/10/26   9:15   12.4   12.5   12.4    88   10.5   0.0   ---   0.00   0.0   ---   12.4   12.4   12.4  1011.2  0.00   2.2   0.020   0.000   16.9    72   11.9   16.8    98    8    100.0    5 
 3/10/26   9:20   12.4   12.5   12.4    88   10.5   0.0   ---   0.00   0.0   ---   12.4   12.4   12.4  1011.0  0.20   2.2   0.020   0.000   16.9    72   11.9   16.8    99    8    100.0    5 
 3/10/26   9:25   12.5   12.5   12.4    88   10.6   0.0   ---   0.00   0.0   ---   12.5   12.5   12.5  1010.8  0.20   2.0   0.020   0.000   17.0    72   11.9   16.8    95    8     97.9    5 
 3/10/26   9:30   12.6   12.6   12.5    89   10.8   0.0   ---   0.00   0.0   ---   12.6   12.7   12.7  1010.8  0.20   1.8   0.020   0.000   16.9    72   11.9   16.8    95    8     97.9    5 
 3/10/26   9:35   12.6   12.6   12.6    89   10.8   0.0   ---   0.00   0.0   ---   12.6   12.7   12.7  1010.7  0.00   1.6   0.020   0.000   16.9    72   11.9   16.8    98    8    100.0    5 
 3/10/26   9:40   12.7   12.7   12.6    89   10.9   0.0   ---   0.00   0.0   ---   12.7   12.7   12.7  1010.7  0.20   1.6   0.020   0.000   16.9    72   11.9   16.8    98    8    100.0    5 
 3/10/26   9:45   12.7   12.7   12.6    89   10.9   0.0   ---   0.00   0.0   ---   12.7   12.7   12.7  1010.7  0.20   1.8   0.020   0.000   16.9    72   11.9   16.8    97    8    100.0    5 
 3/10/26   9:50   12.7   12.7   12.6    89   10.9   0.0   ---   0.00   0.0   ---   12.7   12.7   12.7  1010.8  0.20   2.0   0.020   0.000   16.9    72   11.9   16.8    91    8     93.8    5 
 3/10/26   9:55   12.6   12.7   12.5    88   10.6   0.0   ---   0.00   0.0   ---   12.6   12.6   12.6  1010.8  0.00   2.0   0.020   0.000   16.9    72   11.8   16.7    98    8    100.0    5 
 3/10/26  10:00   12.6   12.6   12.5    89   10.8   0.0   ---   0.00   0.0   ---   12.6   12.7   12.7  1010.8  0.20   2.0   0.020   0.000   16.9    72   11.8   16.7    96    8     99.0    5 
 3/10/26  10:05   12.6   12.6   12.6    89   10.8   0.0   ---   0.00   0.0   ---   12.6   12.7   12.7  1010.6  0.00   1.2   0.020   0.000   16.9    72   11.8   16.7    91    8     93.8    5 
 3/10/26  10:10   12.6   12.6   12.6    89   10.8   0.0   ---   0.00   0.0   ---   12.6   12.7   12.7  1010.5  0.00   0.8   0.020   0.000   16.9    72   11.9   16.8    95    8     97.9    5 
 3/10/26  10:15   12.6   12.6   12.6    88   10.7   0.0   ---   0.00   0.0   ---   12.6   12.6   12.6  1010.5  0.20   0.8   0.020   0.000   16.9    72   11.9   16.8    96    8     99.0    5 
 3/10/26  10:20   12.6   12.6   12.6    89   10.8   0.0   ---   0.00   0.0   ---   12.6   12.7   12.7  1010.5  0.00   0.8   0.020   0.000   16.9    72   11.9   16.8    95    8     97.9    5 
 3/10/26  10:25   12.5   12.6   12.5    88   10.6   0.0   ---   0.00   0.0   ---   12.5   12.5   12.5  1010.5  0.00   0.8   0.020   0.000   16.9    72   11.8   16.7    98    8    100.0    5 
 3/10/26  10:30   12.6   12.6   12.5    89   10.8   0.0   ---   0.00   0.0   ---   12.6   12.6   12.6  1010.4  0.00   0.0   0.020   0.000   16.9    72   11.8   16.7   100    8    100.0    5 
 3/10/26  10:35   12.4   12.6   12.4    88   10.5   0.0   ---   0.00   0.0   ---   12.4   12.4   12.4  1010.3  0.20   0.0   0.020   0.000   16.9    72   11.8   16.7    96    8     99.0    5 
 3/10/26  10:40   12.4   12.4   12.3    88   10.5   0.0   ---   0.00   0.0   ---   12.4   12.4   12.4  1010.2  0.00   0.0   0.021   0.000   16.9    72   11.8   16.7    94    8     96.9    5 
 3/10/26  10:45   12.4   12.4   12.4    88   10.5   0.0   ---   0.00   0.0   ---   12.4   12.4   12.4  1010.2  0.20   1.4   0.021   0.000   16.9    72   11.9   16.8    96    8     99.0    5 
 3/10/26  10:50   12.4   12.4   12.4    89   10.7   0.0   ---   0.00   0.0   ---   12.4   12.5   12.5  1010.0  0.20   2.2   0.020   0.000   16.9    72   11.8   16.7    95    8     97.9    5 
 3/10/26  10:55   12.4   12.4   12.4    89   10.7   0.0   ---   0.00   0.0   ---   12.4   12.5   12.5  1010.1  0.20   2.2   0.020   0.000   16.9    72   11.8   16.7    97    8    100.0    5 
 3/10/26  11:00   12.4   12.4   12.4    89   10.7   0.0   ---   0.00   0.0   ---   12.4   12.5   12.5  1010.1  0.20   2.8   0.020   0.000   16.9    72   11.9   16.8    99    8    100.0    5 
 3/10/26  11:05   12.4   12.4   12.4    89   10.6   0.0   ---   0.00   0.0   ---   12.4   12.4   12.4  1010.1  0.40   4.6   0.021   0.000   16.9    72   11.9   16.8    99    8    100.0    5 
 3/10/26  11:10   12.4   12.4   12.4    89   10.7   0.0   ---   0.00   0.0   ---   12.4   12.5   12.5  1010.1  0.40   4.6   0.020   0.000   16.9    72   11.8   16.7    87    8     89.7    5 
 3/10/26  11:15   12.4   12.5   12.4    89   10.7   0.0   ---   0.00   0.0   ---   12.4   12.5   12.5  1010.0  0.20   3.6   0.020   0.000   16.9    72   11.8   16.7    82    8     84.5    5 
 3/10/26  11:20   12.4   12.5   12.4    89   10.6   0.0   ---   0.00   0.0   ---   12.4   12.4   12.4  1010.0  0.40   4.8   0.021   0.000   16.9    72   11.9   16.8    84    8     86.6    5 
 3/10/26  11:25   12.4   12.4   12.4    90   10.8   0.0   ---   0.00   0.0   ---   12.4   12.5   12.5  1009.9  0.20   5.0   0.020   0.000   16.9    72   11.9   16.8    96    8     99.0    5 
 3/10/26  11:30   12.5   12.5   12.4    90   10.9   0.0   ---   0.00   0.0   ---   12.5   12.6   12.6  1009.8  0.40   5.0   0.020   0.000   16.9    72   11.8   16.7    94    8     96.9    5 
 3/10/26  11:35   12.6   12.6   12.5    90   11.0   0.0   ---   0.00   0.0   ---   12.6   12.7   12.7  1009.8  0.40   5.0   0.020   0.000   16.9    72   11.9   16.8    94    8     96.9    5 
 3/10/26  11:40   12.7   12.7   12.6    90   11.1   0.0   ---   0.00   0.0   ---   12.7   12.7   12.7  1009.4  0.20   5.4   0.020   0.000   16.9    72   11.8   16.7    94    8     96.9    5 
 3/10/26  11:45   12.7   12.7   12.7    90   11.1   0.0   ---   0.00   0.0   ---   12.7   12.8   12.8  1009.4  0.40   2.8   0.019   0.000   16.9    72   11.8   16.7    94    8     96.9    5 
 3/10/26  11:50   12.8   12.8   12.7    90   11.2   0.0   ---   0.00   0.0   ---   12.8   12.8   12.8  1009.1  0.00   2.2   0.019   0.000   16.9    72   11.8   16.7    91    8     93.8    5 
 3/10/26  11:55   12.8   12.8   12.7    90   11.2   0.0   ---   0.00   0.0   ---   12.8   12.8   12.8  1008.8  0.00   1.2   0.019   0.000   16.9    72   11.8   16.7    97    8    100.0    5 
 3/10/26  12:00   12.8   12.8   12.7    90   11.2   0.0   ---   0.00   0.0   ---   12.8   12.8   12.8  1008.8  0.00   0.8   0.019   0.000   16.9    73   12.0   16.7    92    8     94.8    5 
 3/10/26  12:05   12.8   12.8   12.7    90   11.2   0.0   ---   0.00   0.0   ---   12.8   12.8   12.8  1009.0  0.00   0.0   0.019   0.000   16.9    73   12.0   16.7    95    8     97.9    5 
 3/10/26  12:10   13.0   13.0   12.8    90   11.4   0.0   ---   0.00   0.0   ---   13.0   13.1   13.1  1008.9  0.20   0.0   0.019   0.000   16.9    73   12.0   16.7   100    8    100.0    5 
 3/10/26  12:15   13.2   13.2   13.0    90   11.6   0.0   ---   0.00   0.0   ---   13.2   13.2   13.2  1008.9  0.00   0.0   0.018   0.000   16.9    73   12.0   16.7    98    8    100.0    5 
 3/10/26  12:20   13.3   13.3   13.2    91   11.9   0.0   ---   0.00   0.0   ---   13.3   13.4   13.4  1009.1  0.00   0.0   0.017   0.000   16.9    73   12.0   16.7    97    8    100.0    5 
 3/10/26  12:25   13.5   13.5   13.3    91   12.1   0.0   ---   0.00   0.0   ---   13.5   13.6   13.6  1009.1  0.00   0.0   0.017   0.000   16.9    73   12.0   16.7   100    8    100.0    5 
 3/10/26  12:30   13.6   13.6   13.5    90   12.0   0.0   ---   0.00   0.0   ---   13.6   13.7   13.7  1008.7  0.00   0.0   0.016   0.000   16.9    73   12.0   16.7   100    8    100.0    5 
 3/10/26  12:35   13.8   13.8   13.6    91   12.4   0.0   ---   0.00   0.0   ---   13.8   13.9   13.9  1008.7  0.00   0.0   0.016   0.000   16.9    73   12.0   16.7   100    8    100.0    5 
 3/10/26  12:40   13.7   13.8   13.7    90   12.1   0.0   ---   0.00   0.0   ---   13.7   13.8   13.8  1007.8  0.00   0.0   0.016   0.000   16.9    73   12.0   16.7    98    8    100.0    5 
 3/10/26  12:45   13.7   13.8   13.7    90   12.1   0.0   ---   0.00   0.0   ---   13.7   13.8   13.8  1008.3  0.00   0.0   0.016   0.000   16.9    73   12.0   16.7   100    8    100.0    5 
 3/10/26  12:50   13.7   13.7   13.7    90   12.1   0.0   ---   0.00   0.0   ---   13.7   13.8   13.8  1008.1  0.00   0.0   0.016   0.000   16.9    73   12.0   16.7    98    8    100.0    5 
 3/10/26  12:55   13.8   13.8   13.7    89   12.0   0.0   ---   0.00   0.0   ---   13.8   13.8   13.8  1007.7  0.00   0.0   0.016   0.000   16.9    73   12.0   16.7    97    8    100.0    5 
 3/10/26  13:00   13.8   13.8   13.7    89   12.0   0.0   ---   0.00   0.0   ---   13.8   13.8   13.8  1007.5  0.00   0.0   0.016   0.000   16.9    73   12.0   16.7    99    8    100.0    5 
 3/10/26  13:05   13.7   13.8   13.7    89   11.9   0.0   ---   0.00   0.0   ---   13.7   13.8   13.8  1007.7  0.00   0.0   0.016   0.000   16.8    73   12.0   16.7    98    8    100.0    5 
 3/10/26  13:10   13.9   13.9   13.8    89   12.1   0.0   ---   0.00   0.0   ---   13.9   13.9   13.9  1008.0  0.00   0.0   0.015   0.000   16.9    73   12.0   16.7    97    8    100.0    5 
 3/10/26  13:15   13.9   14.0   13.9    89   12.2   0.0   ---   0.00   0.0   ---   13.9   14.0   14.0  1008.2  0.00   0.0   0.015   0.000   16.9    73   12.0   16.7    97    8    100.0    5 
 3/10/26  13:20   13.9   14.0   13.9    87   11.8   0.0   ---   0.00   0.0   ---   13.9   13.9   13.9  1008.2  0.00   0.0   0.015   0.000   16.9    73   12.0   16.7    94    8     96.9    5 
 3/10/26  13:25   13.9   13.9   13.9    88   11.9   0.0   ---   0.00   0.0   ---   13.9   13.9   13.9  1008.3  0.00   0.0   0.015   0.000   16.9    73   12.0   16.7    99    8    100.0    5 
 3/10/26  13:30   13.9   13.9   13.9    87   11.8   0.0   ---   0.00   0.0   ---   13.9   13.9   13.9  1008.3  0.00   0.0   0.015   0.000   16.9    73   12.0   16.7    98    8    100.0    5 
 3/10/26  13:35   13.9   14.0   13.9    87   11.8   0.0   ---   0.00   0.0   ---   13.9   13.9   13.9  1008.4  0.00   0.0   0.015   0.000   16.9    73   12.0   16.7    99    8    100.0    5 
 3/10/26  13:40   14.2   14.2   13.9    88   12.2   0.0   ---   0.00   0.0   ---   14.2   14.2   14.2  1008.2  0.00   0.0   0.014   0.000   16.9    73   12.0   16.7    98    8    100.0    5 
 3/10/26  13:45   14.2   14.2   14.2    87   12.0   0.0   ---   0.00   0.0   ---   14.2   14.2   14.2  1008.2  0.00   0.0   0.014   0.000   16.9    73   12.0   16.7    95    8     97.9    5 
 3/10/26  13:50   14.2   14.2   14.2    86   11.9   0.0   ---   0.00   0.0   ---   14.2   14.1   14.1  1008.1  0.00   0.0   0.014   0.000   16.9    73   12.0   16.7    99    8    100.0    5 
 3/10/26  13:55   14.2   14.2   14.1    87   12.1   0.0   ---   0.00   0.0   ---   14.2   14.2   14.2  1008.2  0.00   0.0   0.014   0.000   16.9    73   12.0   16.7    97    8    100.0    5 
 3/10/26  14:00   14.3   14.3   14.2    87   12.2   0.0   ---   0.00   0.0   ---   14.3   14.3   14.3  1008.1  0.00   0.0   0.014   0.000   16.9    73   12.0   16.7    98    8    100.0    5 
 3/10/26  14:05   14.6   14.6   14.3    88   12.6   0.0   ---   0.00   0.0   ---   14.6   14.6   14.6  1008.2  0.00   0.0   0.013   0.000   16.9    73   12.0   16.7    98    8    100.0    5 
 3/10/26  14:10   14.5   14.6   14.4    86   12.2   0.0   ---   0.00   0.0   ---   14.5   14.4   14.4  1008.1  0.00   0.0   0.013   0.000   16.9    73   12.0   16.7    99    8    100.0    5 
 3/10/26  14:15   14.6   14.6   14.4    86   12.3   0.0   ---   0.00   0.0   ---   14.6   14.6   14.6  1008.3  0.00   0.0   0.013   0.000   16.9    73   12.0   16.7   100    8    100.0    5 
 3/10/26  14:20   14.7   14.7   14.6    85   12.2   0.0   ---   0.00   0.0   ---   14.7   14.6   14.6  1008.3  0.00   0.0   0.013   0.000   16.9    73   12.0   16.7    96    8     99.0    5 
 3/10/26  14:25   14.6   14.7   14.6    85   12.1   0.0   ---   0.00   0.0   ---   14.6   14.6   14.6  1008.3  0.00   0.0   0.013   0.000   16.9    73   12.0   16.7    97    8    100.0    5 
 3/10/26  14:30   14.6   14.7   14.6    85   12.1   0.0   ---   0.00   0.0   ---   14.6   14.5   14.5  1008.5  0.00   0.0   0.013   0.000   16.9    73   12.0   16.7    97    8    100.0    5 
 3/10/26  14:35   14.4   14.6   14.4    84   11.8   0.0   ---   0.00   0.0   ---   14.4   14.4   14.4  1008.4  0.00   0.0   0.014   0.000   16.9    73   12.0   16.7   100    8    100.0    5 
 3/10/26  14:40   14.4   14.4   14.4    84   11.8   0.0   ---   0.00   0.0   ---   14.4   14.4   14.4  1008.4  0.00   0.0   0.014   0.000   16.9    73   12.1   16.8    97    8    100.0    5 
 3/10/26  14:45   14.4   14.4   14.4    84   11.7   0.0   ---   0.00   0.0   ---   14.4   14.3   14.3  1008.4  0.00   0.0   0.014   0.000   16.9    73   12.0   16.7    99    8    100.0    5 
 3/10/26  14:50   14.4   14.4   14.4    85   12.0   0.0   ---   0.00   0.0   ---   14.4   14.4   14.4  1008.5  0.00   0.0   0.014   0.000   16.9    73   12.0   16.7   100    8    100.0    5 
 3/10/26  14:55   14.6   14.6   14.4    85   12.1   0.0   ---   0.00   0.0   ---   14.6   14.5   14.5  1008.4  0.00   0.0   0.013   0.000   16.9    74   12.3   16.8    99    8    100.0    5 
 3/10/26  15:00   14.6   14.6   14.5    86   12.3   0.0   ---   0.00   0.0   ---   14.6   14.6   14.6  1008.5  0.00   0.0   0.013   0.000   16.9    74   12.3   16.8    99    8    100.0    5 
 3/10/26  15:05   14.8   14.8   14.7    85   12.3   0.0   ---   0.00   0.0   ---   14.8   14.8   14.8  1008.4  0.00   0.0   0.012   0.000   17.0    74   12.3   16.9    98    8    100.0    5 
 3/10/26  15:10   14.9   14.9   14.8    83   12.0   0.0   ---   0.00   0.0   ---   14.9   14.8   14.8  1008.3  0.00   0.0   0.012   0.000   17.0    73   12.1   16.9    97    8    100.0    5 
 3/10/26  15:15   15.0   15.0   14.9    83   12.1   0.0   ---   0.00   0.0   ---   15.0   14.9   14.9  1008.3  0.00   0.0   0.012   0.000   16.9    73   12.1   16.8    97    8    100.0    5 
 3/10/26  15:20   15.2   15.2   15.0    84   12.5   0.0   ---   0.00   0.0   ---   15.2   15.2   15.2  1008.2  0.00   0.0   0.011   0.000   16.9    73   12.1   16.8    90    8     92.8    5 
 3/10/26  15:25   15.3   15.3   15.2    83   12.4   0.0   ---   0.00   0.0   ---   15.3   15.3   15.3  1008.2  0.00   0.0   0.011   0.000   16.9    73   12.1   16.8    82    8     84.5    5 
 3/10/26  15:30   15.6   15.6   15.3    82   12.5   0.0   ---   0.00   0.0   ---   15.6   15.6   15.6  1008.1  0.00   0.0   0.010   0.000   16.9    73   12.1   16.8    87    8     89.7    5 
 3/10/26  15:35   15.4   15.5   15.4    81   12.2   0.0   ---   0.00   0.0   ---   15.4   15.4   15.4  1007.9  0.00   0.0   0.010   0.000   16.9    73   12.1   16.8    99    8    100.0    5 
 3/10/26  15:40   15.4   15.5   15.4    81   12.2   0.0   ---   0.00   0.0   ---   15.4   15.4   15.4  1007.9  0.00   0.0   0.010   0.000   16.9    73   12.1   16.8    99    8    100.0    5 
 3/10/26  15:45   15.5   15.5   15.4    81   12.3   0.0   ---   0.00   0.0   ---   15.5   15.4   15.4  1007.9  0.00   0.0   0.010   0.000   16.9    73   12.1   16.8   100    8    100.0    5 
 3/10/26  15:50   15.6   15.6   15.5    81   12.4   0.0   ---   0.00   0.0   ---   15.6   15.6   15.6  1007.7  0.00   0.0   0.009   0.000   16.9    73   12.1   16.8    98    8    100.0    5 
 3/10/26  15:55   15.7   15.7   15.6    82   12.6   0.0   ---   0.00   0.0   ---   15.7   15.7   15.7  1007.7  0.00   0.0   0.009   0.000   16.9    73   12.1   16.8    98    8    100.0    5 
 3/10/26  16:00   15.7   15.7   15.7    81   12.4   0.0   ---   0.00   0.0   ---   15.7   15.7   15.7  1007.6  0.00   0.0   0.009   0.000   16.9    73   12.1   16.8   100    8    100.0    5 
 3/10/26  16:05   15.7   15.7   15.7    81   12.5   0.0   ---   0.00   0.0   ---   15.7   15.7   15.7  1007.6  0.00   0.0   0.009   0.000   16.9    73   12.1   16.8    97    8    100.0    5 
 3/10/26  16:10   15.8   15.8   15.7    82   12.7   0.0   ---   0.00   0.0   ---   15.8   15.8   15.8  1007.7  0.00   0.0   0.009   0.000   16.9    73   12.1   16.8    96    8     99.0    5 
 3/10/26  16:15   15.9   15.9   15.8    80   12.4   0.0   ---   0.00   0.0   ---   15.9   15.9   15.9  1007.7  0.00   0.0   0.008   0.000   16.9    73   12.1   16.8    97    8    100.0    5 
 3/10/26  16:20   15.9   15.9   15.9    81   12.7   0.0   ---   0.00   0.0   ---   15.9   15.9   15.9  1007.8  0.00   0.0   0.008   0.000   16.9    73   12.1   16.8    97    8    100.0    5 
 3/10/26  16:25   15.9   15.9   15.9    80   12.4   0.0   ---   0.00   0.0   ---   15.9   15.9   15.9  1007.9  0.00   0.0   0.008   0.000   16.9    73   12.1   16.8    99    8    100.0    5 
 3/10/26  16:30   15.8   15.9   15.8    79   12.1   0.0   ---   0.00   0.0   ---   15.8   15.7   15.7  1007.8  0.00   0.0   0.009   0.000   16.9    73   12.1   16.8    99    8    100.0    5 
 3/10/26  16:35   15.8   15.8   15.7    80   12.3   0.0   ---   0.00   0.0   ---   15.8   15.7   15.7  1007.8  0.00   0.0   0.009   0.000   16.9    73   12.1   16.8    98    8    100.0    5 
 3/10/26  16:40   15.7   15.8   15.7    80   12.3   0.0   ---   0.00   0.0   ---   15.7   15.7   15.7  1007.6  0.00   0.0   0.009   0.000   16.9    73   12.1   16.8    98    8    100.0    5 
 3/10/26  16:45   15.8   15.8   15.7    81   12.5   0.0   ---   0.00   0.0   ---   15.8   15.8   15.8  1007.6  0.00   0.0   0.009   0.000   16.9    73   12.1   16.8    98    8    100.0    5 
 3/10/26  16:50   15.8   15.8   15.7    81   12.5   0.0   ---   0.00   0.0   ---   15.8   15.8   15.8  1007.4  0.00   0.0   0.009   0.000   16.9    73   12.1   16.8    97    8    100.0    5 
 3/10/26  16:55   15.8   15.8   15.7    79   12.1   0.0   ---   0.00   0.0   ---   15.8   15.7   15.7  1007.3  0.00   0.0   0.009   0.000   16.9    73   12.1   16.8    99    8    100.0    5 
 3/10/26  17:00   15.8   15.8   15.7    80   12.4   0.0   ---   0.00   0.0   ---   15.8   15.8   15.8  1007.5  0.00   0.0   0.009   0.000   16.9    73   12.1   16.8    96    8     99.0    5 
 3/10/26  17:05   15.8   15.9   15.8    80   12.4   0.0   ---   0.00   0.0   ---   15.8   15.8   15.8  1007.9  0.00   0.0   0.009   0.000   16.9    73   12.1   16.8    98    8    100.0    5 
 3/10/26  17:10   15.9   15.9   15.9    80   12.4   0.0   ---   0.00   0.0   ---   15.9   15.9   15.9  1008.0  0.00   0.0   0.008   0.000   16.9    73   12.1   16.8    98    8    100.0    5 
 3/10/26  17:15   15.8   15.9   15.8    81   12.6   0.0   ---   0.00   0.0   ---   15.8   15.8   15.8  1007.9  0.00   0.0   0.009   0.000   16.9    73   12.1   16.8    97    8    100.0    5 
 3/10/26  17:20   15.8   15.8   15.8    81   12.5   0.0   ---   0.00   0.0   ---   15.8   15.8   15.8  1008.1  0.00   0.0   0.009   0.000   16.9    73   12.1   16.8    97    8    100.0    5 
 3/10/26  17:25   15.7   15.8   15.7    81   12.4   0.0   ---   0.00   0.0   ---   15.7   15.7   15.7  1008.2  0.00   0.0   0.009   0.000   16.9    73   12.1   16.8    99    8    100.0    5 
 3/10/26  17:30   15.6   15.7   15.6    81   12.4   0.0   ---   0.00   0.0   ---   15.6   15.6   15.6  1008.1  0.00   0.0   0.009   0.000   17.0    73   12.1   16.9    98    8    100.0    5 
 3/10/26  17:35   15.5   15.6   15.5    81   12.3   0.0   ---   0.00   0.0   ---   15.5   15.4   15.4  1008.3  0.00   0.0   0.010   0.000   17.0    73   12.1   16.9    98    8    100.0    5 
 3/10/26  17:40   15.5   15.5   15.5    81   12.3   0.0   ---   0.00   0.0   ---   15.5   15.4   15.4  1008.3  0.00   0.0   0.010   0.000   16.9    73   12.1   16.8    98    8    100.0    5 
 3/10/26  17:45   15.4   15.5   15.4    82   12.4   0.0   ---   0.00   0.0   ---   15.4   15.4   15.4  1008.4  0.00   0.0   0.010   0.000   16.9    73   12.1   16.8    98    8    100.0    5 
 3/10/26  17:50   15.4   15.4   15.4    82   12.3   0.0   ---   0.00   0.0   ---   15.4   15.4   15.4  1008.4  0.00   0.0   0.010   0.000   17.0    73   12.1   16.9    99    8    100.0    5 
 3/10/26  17:55   15.3   15.4   15.3    82   12.2   0.0   ---   0.00   0.0   ---   15.3   15.2   15.2  1008.5  0.00   0.0   0.011   0.000   16.9    73   12.1   16.8    99    8    100.0    5 
 3/10/26  18:00   15.2   15.3   15.2    82   12.2   0.0   ---   0.00   0.0   ---   15.2   15.2   15.2  1008.4  0.00   0.0   0.011   0.000   16.9    73   12.1   16.8    99    8    100.0    5 
 3/10/26  18:05   15.1   15.2   15.1    82   12.1   0.0   ---   0.00   0.0   ---   15.1   15.1   15.1  1008.4  0.00   0.0   0.011   0.000   16.9    73   12.1   16.8    99    8    100.0    5 
 3/10/26  18:10   15.1   15.1   15.1    82   12.0   0.0   ---   0.00   0.0   ---   15.1   15.0   15.0  1008.4  0.00   0.0   0.011   0.000   16.9    73   12.1   16.8    99    8    100.0    5 
 3/10/26  18:15   15.1   15.1   15.0    83   12.2   0.0   ---   0.00   0.0   ---   15.1   15.0   15.0  1008.5  0.00   0.0   0.011   0.000   16.9    73   12.1   16.8    99    8    100.0    5 
 3/10/26  18:20   15.1   15.1   15.0    83   12.2   0.0   ---   0.00   0.0   ---   15.1   15.0   15.0  1008.6  0.00   0.0   0.011   0.000   17.0    73   12.1   16.9    98    8    100.0    5 
 3/10/26  18:25   15.0   15.1   15.0    83   12.1   0.0   ---   0.00   0.0   ---   15.0   14.9   14.9  1008.6  0.00   0.0   0.012   0.000   16.9    73   12.1   16.8    97    8    100.0    5 
 3/10/26  18:30   14.9   15.1   14.9    83   12.1   0.0   ---   0.00   0.0   ---   14.9   14.9   14.9  1008.6  0.00   0.0   0.012   0.000   16.9    73   12.1   16.8    98    8    100.0    5 
 3/10/26  18:35   14.9   15.0   14.9    84   12.2   0.0   ---   0.00   0.0   ---   14.9   14.8   14.8  1008.6  0.00   0.0   0.012   0.000   16.9    73   12.1   16.8    98    8    100.0    5 
 3/10/26  18:40   14.8   14.9   14.8    84   12.2   0.0   ---   0.00   0.0   ---   14.8   14.8   14.8  1008.5  0.00   0.0   0.012   0.000   16.9    73   12.1   16.8    96    8     99.0    5 
 3/10/26  18:45   14.8   14.8   14.8    84   12.1   0.0   ---   0.00   0.0   ---   14.8   14.7   14.7  1008.6  0.00   0.0   0.012   0.000   16.9    73   12.1   16.8    99    8    100.0    5 
 3/10/26  18:50   14.7   14.8   14.7    84   12.0   0.0   ---   0.00   0.0   ---   14.7   14.7   14.7  1008.6  0.00   0.0   0.013   0.000   16.9    73   12.1   16.8    98    8    100.0    5 
 3/10/26  18:55   14.7   14.7   14.7    84   12.0   0.0   ---   0.00   0.0   ---   14.7   14.7   14.7  1008.7  0.00   0.0   0.013   0.000   16.9    73   12.1   16.8    98    8    100.0    5 
 3/10/26  19:00   14.7   14.7   14.6    84   12.0   0.0   ---   0.00   0.0   ---   14.7   14.6   14.6  1008.7  0.00   0.0   0.013   0.000   16.9    73   12.1   16.8    99    8    100.0    5 
 3/10/26  19:05   14.6   14.7   14.6    84   11.9   0.0   ---   0.00   0.0   ---   14.6   14.6   14.6  1008.8  0.00   0.0   0.013   0.000   17.0    73   12.1   16.9    97    8    100.0    5 
 3/10/26  19:10   14.6   14.6   14.6    85   12.1   0.0   ---   0.00   0.0   ---   14.6   14.5   14.5  1008.9  0.00   0.0   0.013   0.000   16.9    73   12.1   16.8    98    8    100.0    5 
 3/10/26  19:15   14.5   14.6   14.5    85   12.0   0.0   ---   0.00   0.0   ---   14.5   14.4   14.4  1008.7  0.00   0.0   0.013   0.000   16.9    73   12.1   16.8    96    8     99.0    5 
 3/10/26  19:20   14.4   14.5   14.4    85   12.0   0.0   ---   0.00   0.0   ---   14.4   14.4   14.4  1008.6  0.00   0.0   0.014   0.000   16.9    73   12.1   16.8    84    8     86.6    5 
 3/10/26  19:25   14.4   14.4   14.4    85   11.9   0.0   ---   0.00   0.0   ---   14.4   14.3   14.3  1008.4  0.00   0.0   0.014   0.000   16.9    73   12.1   16.8    84    8     86.6    5 
 3/10/26  19:30   14.3   14.4   14.3    85   11.8   0.0   ---   0.00   0.0   ---   14.3   14.3   14.3  1008.6  0.00   0.0   0.014   0.000   16.9    73   12.1   16.8    91    8     93.8    5 
 3/10/26  19:35   14.3   14.3   14.3    85   11.8   0.0   ---   0.00   0.0   ---   14.3   14.2   14.2  1008.8  0.00   0.0   0.014   0.000   16.9    73   12.1   16.8    97    8    100.0    5 
 3/10/26  19:40   14.3   14.3   14.2    86   12.0   0.0   ---   0.00   0.0   ---   14.3   14.2   14.2  1008.6  0.00   0.0   0.014   0.000   16.9    73   12.1   16.8    98    8    100.0    5 
 3/10/26  19:45   14.2   14.3   14.2    86   11.9   0.0   ---   0.00   0.0   ---   14.2   14.2   14.2  1008.6  0.00   0.0   0.014   0.000   16.9    73   12.1   16.8    98    8    100.0    5 
 3/10/26  19:50   14.2   14.2   14.2    86   11.9   0.0   ---   0.00   0.0   ---   14.2   14.1   14.1  1008.8  0.00   0.0   0.014   0.000   16.9    73   12.1   16.8    98    8    100.0    5 
 3/10/26  19:55   14.1   14.2   14.1    86   11.8   0.0   ---   0.00   0.0   ---   14.1   14.1   14.1  1008.8  0.00   0.0   0.015   0.000   16.9    73   12.1   16.8    99    8    100.0    5 
 3/10/26  20:00   14.1   14.2   14.1    86   11.8   0.0   ---   0.00   0.0   ---   14.1   14.1   14.1  1009.0  0.00   0.0   0.015   0.000   16.9    73   12.1   16.8    98    8    100.0    5 
 3/10/26  20:05   14.1   14.1   14.0    86   11.7   0.0   ---   0.00   0.0   ---   14.1   14.0   14.0  1009.0  0.00   0.0   0.015   0.000   16.9    73   12.1   16.8    96    8     99.0    5 
 3/10/26  20:10   13.9   14.1   13.9    86   11.6   0.0   ---   0.00   0.0   ---   13.9   13.9   13.9  1009.0  0.00   0.0   0.015   0.000   16.9    73   12.1   16.8    97    8    100.0    5 
 3/10/26  20:15   13.8   13.9   13.8    86   11.5   0.0   ---   0.00   0.0   ---   13.8   13.8   13.8  1009.1  0.00   0.0   0.016   0.000   16.9    73   12.1   16.8    98    8    100.0    5 
 3/10/26  20:20   13.7   13.8   13.7    86   11.4   0.0   ---   0.00   0.0   ---   13.7   13.7   13.7  1009.3  0.00   0.0   0.016   0.000   16.9    73   12.1   16.8    98    8    100.0    5 
 3/10/26  20:25   13.6   13.7   13.6    86   11.3   0.0   ---   0.00   0.0   ---   13.6   13.6   13.6  1009.7  0.00   0.0   0.016   0.000   16.9    73   12.1   16.8    98    8    100.0    5 
 3/10/26  20:30   13.6   13.6   13.6    87   11.4   0.0   ---   0.00   0.0   ---   13.6   13.6   13.6  1009.8  0.00   0.0   0.017   0.000   16.9    73   12.1   16.8    97    8    100.0    5 
 3/10/26  20:35   13.6   13.6   13.6    87   11.4   0.0   ---   0.00   0.0   ---   13.6   13.6   13.6  1009.9  0.00   0.0   0.017   0.000   16.9    73   12.1   16.8    97    8    100.0    5 
 3/10/26  20:40   13.6   13.6   13.5    88   11.6   0.0   ---   0.00   0.0   ---   13.6   13.6   13.6  1009.9  0.00   0.0   0.017   0.000   16.9    73   12.1   16.8    97    8    100.0    5 
 3/10/26  20:45   13.5   13.6   13.5    88   11.6   0.0   ---   0.00   0.0   ---   13.5   13.5   13.5  1010.1  0.00   0.0   0.017   0.000   16.9    73   12.1   16.8    98    8    100.0    5 
 3/10/26  20:50   13.5   13.6   13.5    88   11.6   0.0   ---   0.00   0.0   ---   13.5   13.5   13.5  1010.3  0.00   0.0   0.017   0.000   16.9    74   12.3   16.8    99    8    100.0    5 
 3/10/26  20:55   13.5   13.5   13.5    88   11.6   0.0   ---   0.00   0.0   ---   13.5   13.5   13.5  1010.4  0.00   0.0   0.017   0.000   16.9    74   12.3   16.8    98    8    100.0    5 
 3/10/26  21:00   13.5   13.5   13.4    88   11.6   0.0   ---   0.00   0.0   ---   13.5   13.5   13.5  1010.3  0.00   0.0   0.017   0.000   17.0    74   12.3   16.9    97    8    100.0    5 
 3/10/26  21:05   13.4   13.5   13.4    88   11.5   0.0   ---   0.00   0.0   ---   13.4   13.4   13.4  1010.2  0.00   0.0   0.017   0.000   17.0    74   12.3   16.9    99    8    100.0    5 
 3/10/26  21:10   13.4   13.4   13.4    88   11.4   0.0   ---   0.00   0.0   ---   13.4   13.4   13.4  1010.2  0.00   0.0   0.017   0.000   17.1    73   12.2   16.9    98    8    100.0    5 
 3/10/26  21:15   13.3   13.4   13.3    88   11.4   0.0   ---   0.00   0.0   ---   13.3   13.3   13.3  1010.2  0.00   0.0   0.017   0.000   17.1    73   12.2   16.9    96    8     99.0    5 
 3/10/26  21:20   13.2   13.3   13.2    88   11.3   0.0   ---   0.00   0.0   ---   13.2   13.2   13.2  1010.3  0.00   0.0   0.018   0.000   17.1    73   12.2   16.9    97    8    100.0    5 
 3/10/26  21:25   13.2   13.2   13.2    88   11.2   0.0   ---   0.00   0.0   ---   13.2   13.2   13.2  1010.3  0.00   0.0   0.018   0.000   17.0    74   12.3   16.9    97    8    100.0    5 
 3/10/26  21:30   13.1   13.2   13.1    88   11.2   0.0   ---   0.00   0.0   ---   13.1   13.1   13.1  1010.2  0.00   0.0   0.018   0.000   17.0    74   12.3   16.9    97    8    100.0    5 
 3/10/26  21:35   13.0   13.1   13.0    88   11.1   0.0   ---   0.00   0.0   ---   13.0   13.0   13.0  1010.2  0.00   0.0   0.019   0.000   17.0    74   12.3   16.9    96    8     99.0    5 
 3/10/26  21:40   12.9   13.0   12.9    88   10.9   0.0   ---   0.00   0.0   ---   12.9   12.9   12.9  1010.3  0.00   0.0   0.019   0.000   17.0    74   12.3   16.9    99    8    100.0    5 
 3/10/26  21:45   12.8   12.9   12.8    88   10.9   0.0   ---   0.00   0.0   ---   12.8   12.8   12.8  1010.5  0.00   0.0   0.019   0.000   17.0    73   12.1   16.9    98    8    100.0    5 
 3/10/26  21:50   12.8   12.8   12.8    89   11.0   0.0   ---   0.00   0.0   ---   12.8   12.8   12.8  1010.6  0.00   0.0   0.019   0.000   17.0    74   12.3   16.9   100    8    100.0    5 
 3/10/26  21:55   12.7   12.8   12.7    89   11.0   0.0   ---   0.00   0.0   ---   12.7   12.8   12.8  1010.6  0.00   0.0   0.019   0.000   17.0    73   12.1   16.9   100    8    100.0    5 
 3/10/26  22:00   12.7   12.8   12.7    89   11.0   0.0   ---   0.00   0.0   ---   12.7   12.8   12.8  1010.6  0.00   0.0   0.019   0.000   17.0    73   12.1   16.9   100    8    100.0    5 
 3/10/26  22:05   12.7   12.7   12.7    89   10.9   0.0   ---   0.00   0.0   ---   12.7   12.7   12.7  1010.6  0.00   0.0   0.020   0.000   17.0    73   12.1   16.9   100    8    100.0    5 
 3/10/26  22:10   12.7   12.7   12.6    89   10.9   0.0   ---   0.00   0.0   ---   12.7   12.7   12.7  1010.7  0.00   0.0   0.020   0.000   17.0    73   12.1   16.9    99    8    100.0    5 
 3/10/26  22:15   12.6   12.7   12.6    89   10.8   0.0   ---   0.00   0.0   ---   12.6   12.7   12.7  1010.9  0.00   0.0   0.020   0.000   17.0    73   12.1   16.9   100    8    100.0    5 
 3/10/26  22:20   12.6   12.7   12.6    90   11.0   0.0   ---   0.00   0.0   ---   12.6   12.7   12.7  1011.0  0.00   0.0   0.020   0.000   17.0    73   12.1   16.9    99    8    100.0    5 
 3/10/26  22:25   12.6   12.7   12.6    89   10.8   0.0   ---   0.00   0.0   ---   12.6   12.7   12.7  1011.1  0.00   0.0   0.020   0.000   17.0    73   12.1   16.9   100    8    100.0    5 
 3/10/26  22:30   12.5   12.6   12.5    89   10.7   0.0   ---   0.00   0.0   ---   12.5   12.6   12.6  1011.1  0.00   0.0   0.020   0.000   17.0    73   12.1   16.9    99    8    100.0    5 
 3/10/26  22:35   12.4   12.5   12.4    89   10.6   0.0   ---   0.00   0.0   ---   12.4   12.4   12.4  1011.2  0.00   0.0   0.021   0.000   17.0    73   12.1   16.9    99    8    100.0    5 
 3/10/26  22:40   12.3   12.4   12.3    90   10.7   0.0   ---   0.00   0.0   ---   12.3   12.4   12.4  1011.1  0.00   0.0   0.021   0.000   17.0    73   12.1   16.9    97    8    100.0    5 
 3/10/26  22:45   12.3   12.4   12.3    90   10.7   0.0   ---   0.00   0.0   ---   12.3   12.3   12.3  1011.2  0.00   0.0   0.021   0.000   17.0    73   12.1   16.9    96    8     99.0    5 
 3/10/26  22:50   12.2   12.3   12.2    90   10.6   0.0   ---   0.00   0.0   ---   12.2   12.3   12.3  1011.3  0.00   0.0   0.021   0.000   17.0    73   12.1   16.9    97    8    100.0    5 
 3/10/26  22:55   12.2   12.2   12.2    90   10.6   0.0   ---   0.00   0.0   ---   12.2   12.2   12.2  1011.3  0.00   0.0   0.021   0.000   16.9    73   12.1   16.8    98    8    100.0    5 
 3/10/26  23:00   12.1   12.2   12.1    90   10.5   0.0   ---   0.00   0.0   ---   12.1   12.2   12.2  1011.4  0.00   0.0   0.022   0.000   17.0    73   12.1   16.9    97    8    100.0    5 
 3/10/26  23:05   12.0   12.1   12.0    90   10.4   0.0   ---   0.00   0.0   ---   12.0   12.1   12.1  1011.6  0.00   0.0   0.022   0.000   17.0    73   12.1   16.9    99    8    100.0    5 
 3/10/26  23:10   12.0   12.0   11.9    90   10.4   0.0   ---   0.00   0.0   ---   12.0   12.1   12.1  1011.7  0.00   0.0   0.022   0.000   16.9    73   12.1   16.8    98    8    100.0    5 
 3/10/26  23:15   11.9   12.0   11.9    90   10.3   0.0   ---   0.00   0.0   ---   11.9   11.9   11.9  1011.7  0.00   0.0   0.022   0.000   16.9    73   12.1   16.8    98    8    100.0    5 
 3/10/26  23:20   11.9   11.9   11.9    90   10.3   0.0   ---   0.00   0.0   ---   11.9   11.9   11.9  1011.7  0.00   0.0   0.022   0.000   16.9    73   12.1   16.8    97    8    100.0    5 
 3/10/26  23:25   11.9   11.9   11.9    90   10.3   0.0   ---   0.00   0.0   ---   11.9   11.9   11.9  1011.7  0.00   0.0   0.022   0.000   16.9    73   12.1   16.8    93    8     95.9    5 
 3/10/26  23:30   11.8   11.9   11.8    90   10.2   0.0   ---   0.00   0.0   ---   11.8   11.9   11.9  1011.7  0.00   0.0   0.023   0.000   16.9    73   12.1   16.8    92    8     94.8    5 
 3/10/26  23:35   11.8   11.9   11.8    90   10.2   0.0   ---   0.00   0.0   ---   11.8   11.9   11.9  1011.6  0.00   0.0   0.023   0.000   16.9    73   12.1   16.8    93    8     95.9    5 
 3/10/26  23:40   11.9   11.9   11.8    91   10.5   0.0   ---   0.00   0.0   ---   11.9   11.9   11.9  1011.5  0.00   0.0   0.022   0.000   16.9    73   12.1   16.8    96    8     99.0    5 
 3/10/26  23:45   11.9   11.9   11.8    90   10.3   0.0   ---   0.00   0.0   ---   11.9   11.9   11.9  1011.5  0.00   0.0   0.022   0.000   16.9    73   12.1   16.8    95    8     97.9    5 
 3/10/26  23:50   11.8   11.9   11.8    90   10.2   0.0   ---   0.00   0.0   ---   11.8   11.9   11.9  1011.5  0.00   0.0   0.023   0.000   16.9    73   12.1   16.8    89    8     91.8    5 
 3/10/26  23:55   11.8   11.8   11.8    90   10.2   0.0   ---   0.00   0.0   ---   11.8   11.8   11.8  1011.3  0.00   0.0   0.023   0.000   16.9    73   12.1   16.8    82    8     84.5    5 
 4/10/26  00:00   11.7   11.8   11.7    90   10.1   0.0   ---   0.00   0.0   ---   11.7   11.7   11.7  1011.3  0.00   0.0   0.023   0.000   16.9    73   12.1   16.8    80    8     82.5    5 
 4/10/26   0:05   11.7   11.7   11.6    90   10.1   0.0   ---   0.00   0.0   ---   11.7   11.7   11.7  1011.3  0.00   0.0   0.023   0.000   16.9    73   12.1   16.8    90    8     92.8    5 
 4/10/26   0:10   11.6   11.7   11.6    90   10.0   0.0   ---   0.00   0.0   ---   11.6   11.7   11.7  1011.2  0.00   0.0   0.023   0.000   16.9    73   12.1   16.8    94    8     96.9    5 
 4/10/26   0:15   11.6   11.7   11.6    91   10.2   0.0   ---   0.00   0.0   ---   11.6   11.7   11.7  1011.2  0.00   0.0   0.023   0.000   16.9    73   12.1   16.8    95    8     97.9    5 
 4/10/26   0:20   11.7   11.7   11.6    91   10.2   0.0   ---   0.00   0.0   ---   11.7   11.7   11.7  1011.2  0.00   0.0   0.023   0.000   16.9    73   12.1   16.8    95    8     97.9    5 
 4/10/26   0:25   11.7   11.7   11.6    91   10.2   0.0   ---   0.00   0.0   ---   11.7   11.7   11.7  1011.2  0.00   0.0   0.023   0.000   16.9    73   12.0   16.7    98    8    100.0    5 
 4/10/26   0:30   11.6   11.7   11.6    91   10.2   0.0   ---   0.00   0.0   ---   11.6   11.7   11.7  1011.0  0.00   0.0   0.023   0.000   16.9    73   12.1   16.8    96    8     99.0    5 
 4/10/26   0:35   11.6   11.6   11.6    91   10.2   0.0   ---   0.00   0.0   ---   11.6   11.7   11.7  1010.9  0.00   0.0   0.023   0.000   16.9    73   12.1   16.8    95    8     97.9    5 
 4/10/26   0:40   11.6   11.7   11.6    91   10.2   0.0   ---   0.00   0.0   ---   11.6   11.7   11.7  1010.9  0.00   0.0   0.023   0.000   16.9    73   12.0   16.7    96    8     99.0    5 
 4/10/26   0:45   11.7   11.7   11.6    91   10.2   0.0   ---   0.00   0.0   ---   11.7   11.7   11.7  1010.9  0.00   0.0   0.023   0.000   16.9    73   12.1   16.8    95    8     97.9    5 
 4/10/26   0:50   11.6   11.7   11.6    91   10.2   0.0   ---   0.00   0.0   ---   11.6   11.7   11.7  1010.9  0.00   0.0   0.023   0.000   16.9    73   12.1   16.8    94    8     96.9    5 
 4/10/26   0:55   11.6   11.6   11.6    91   10.2   0.0   ---   0.00   0.0   ---   11.6   11.7   11.7  1011.0  0.00   0.0   0.023   0.000   16.9    73   12.1   16.8    93    8     95.9    5 
 4/10/26   1:00   11.5   11.6   11.5    91   10.1   0.0   ---   0.00   0.0   ---   11.5   11.6   11.6  1011.0  0.00   0.0   0.024   0.000   16.9    73   12.1   16.8    94    8     96.9    5 
 4/10/26   1:05   11.4   11.6   11.4    91   10.0   0.0   ---   0.00   0.0   ---   11.4   11.6   11.6  1011.0  0.00   0.0   0.024   0.000   16.9    73   12.1   16.8    94    8     96.9    5 
 4/10/26   1:10   11.4   11.4   11.3    91   10.0   0.0   ---   0.00   0.0   ---   11.4   11.5   11.5  1011.2  0.00   0.0   0.024   0.000   16.9    73   12.1   16.8    95    8     97.9    5 
 4/10/26   1:15   11.2   11.4   11.2    91    9.8   0.0   ---   0.00   0.0   ---   11.2   11.3   11.3  1011.3  0.00   0.0   0.025   0.000   16.9    73   12.1   16.8    94    8     96.9    5 
 4/10/26   1:20   11.2   11.3   11.2    91    9.8   0.0   ---   0.00   0.0   ---   11.2   11.3   11.3  1011.3  0.00   0.0   0.025   0.000   16.9    73   12.1   16.8    94    8     96.9    5 
 4/10/26   1:25   11.1   11.2   11.1    91    9.7   0.0   ---   0.00   0.0   ---   11.1   11.2   11.2  1011.5  0.00   0.0   0.025   0.000   16.9    73   12.1   16.8    91    8     93.8    5 
 4/10/26   1:30   11.2   11.2   11.1    91    9.8   0.0   ---   0.00   0.0   ---   11.2   11.3   11.3  1011.6  0.00   0.0   0.025   0.000   16.9    73   12.1   16.8    93    8     95.9    5 
 4/10/26   1:35   11.2   11.2   11.1    91    9.8   0.0   ---   0.00   0.0   ---   11.2   11.3   11.3  1011.5  0.00   0.0   0.025   0.000   16.9    73   12.1   16.8    90    8     92.8    5 
 4/10/26   1:40   11.2   11.2   11.2    91    9.8   0.0   ---   0.00   0.0   ---   11.2   11.3   11.3  1011.6  0.00   0.0   0.025   0.000   16.9    73   12.1   16.8    93    8     95.9    5 
 4/10/26   1:45   11.2   11.2   11.2    91    9.8   0.0   ---   0.00   0.0   ---   11.2   11.3   11.3  1011.6  0.00   0.0   0.025   0.000   16.9    73   12.1   16.8    94    8     96.9    5 
 4/10/26   1:50   11.3   11.3   11.2    91    9.9   0.0   ---   0.00   0.0   ---   11.3   11.4   11.4  1011.6  0.00   0.0   0.024   0.000   16.9    73   12.1   16.8    93    8     95.9    5 
 4/10/26   1:55   11.3   11.3   11.2    91    9.9   0.0   ---   0.00   0.0   ---   11.3   11.4   11.4  1011.6  0.00   0.0   0.024   0.000   16.9    73   12.1   16.8    93    8     95.9    5 
 4/10/26   2:00   11.2   11.3   11.2    91    9.8   0.0   ---   0.00   0.0   ---   11.2   11.3   11.3  1011.7  0.00   0.0   0.025   0.000   16.9    73   12.0   16.7    94    8     96.9    5 
 4/10/26   2:05   11.2   11.2   11.2    91    9.8   0.0   ---   0.00   0.0   ---   11.2   11.3   11.3  1011.6  0.00   0.0   0.025   0.000   16.9    73   12.1   16.8    94    8     96.9    5 
 4/10/26   2:10   11.2   11.2   11.1    91    9.8   0.0   ---   0.00   0.0   ---   11.2   11.3   11.3  1011.7  0.00   0.0   0.025   0.000   16.9    73   12.0   16.7    94    8     96.9    5 
 4/10/26   2:15   11.1   11.1   11.1    91    9.6   0.0   ---   0.00   0.0   ---   11.1   11.2   11.2  1011.7  0.00   0.0   0.025   0.000   16.9    73   12.0   16.7    94    8     96.9    5 
 4/10/26   2:20   11.1   11.1   11.0    91    9.6   0.0   ---   0.00   0.0   ---   11.1   11.2   11.2  1011.9  0.00   0.0   0.025   0.000   16.9    73   12.0   16.7    93    8     95.9    5 
 4/10/26   2:25   11.2   11.2   11.1    91    9.8   0.0   ---   0.00   0.0   ---   11.2   11.3   11.3  1011.8  0.00   0.0   0.025   0.000   16.9    73   12.0   16.7    93    8     95.9    5 
 4/10/26   2:30   11.3   11.3   11.1    92   10.0   0.0   ---   0.00   0.0   ---   11.3   11.4   11.4  1011.9  0.00   0.0   0.024   0.000   16.9    73   12.1   16.8    95    8     97.9    5 
 4/10/26   2:35   11.3   11.3   11.2    92   10.1   0.0   ---   0.00   0.0   ---   11.3   11.4   11.4  1011.9  0.00   0.0   0.024   0.000   16.9    73   12.0   16.7    93    8     95.9    5 
 4/10/26   2:40   11.4   11.4   11.3    92   10.1   0.0   ---   0.00   0.0   ---   11.4   11.5   11.5  1011.9  0.00   0.0   0.024   0.000   16.9    73   12.0   16.7    96    8     99.0    5 
 4/10/26   2:45   11.4   11.4   11.3    92   10.1   0.0   ---   0.00   0.0   ---   11.4   11.5   11.5  1012.0  0.00   0.0   0.024   0.000   16.9    73   12.0   16.7    97    8    100.0    5 
 4/10/26   2:50   11.3   11.4   11.3    92   10.1   0.0   ---   0.00   0.0   ---   11.3   11.4   11.4  1012.1  0.00   0.0   0.024   0.000   16.9    73   12.0   16.7    93    8     95.9    5 
 4/10/26   2:55   11.3   11.4   11.3    92   10.0   0.0   ---   0.00   0.0   ---   11.3   11.4   11.4  1012.1  0.00   0.0   0.024   0.000   16.9    73   12.0   16.7    96    8     99.0    5 
 4/10/26   3:00   11.3   11.3   11.2    92   10.0   0.0   ---   0.00   0.0   ---   11.3   11.4   11.4  1012.0  0.00   0.0   0.024   0.000   16.9    73   12.0   16.7    96    8     99.0    5 
 4/10/26   3:05   11.4   11.4   11.3    92   10.1   0.0   ---   0.00   0.0   ---   11.4   11.5   11.5  1011.9  0.20   0.0   0.024   0.000   16.9    73   12.0   16.7    99    8    100.0    5 
 4/10/26   3:10   11.4   11.4   11.3    92   10.2   0.0   ---   0.00   0.0   ---   11.4   11.6   11.6  1011.9  0.00   0.0   0.024   0.000   16.9    73   12.0   16.7   100    8    100.0    5 
 4/10/26   3:15   11.6   11.6   11.4    92   10.3   0.0   ---   0.00   0.0   ---   11.6   11.7   11.7  1011.9  0.00   0.0   0.024   0.000   16.9    73   12.0   16.7   100    8    100.0    5 
 4/10/26   3:20   11.6   11.6   11.6    92   10.4   0.0   ---   0.00   0.0   ---   11.6   11.7   11.7  1011.9  0.00   0.0   0.023   0.000   16.9    73   12.0   16.7    99    8    100.0    5 
 4/10/26   3:25   11.6   11.6   11.6    92   10.4   0.0   ---   0.00   0.0   ---   11.6   11.7   11.7  1011.9  0.00   0.0   0.023   0.000   16.9    73   12.0   16.7    98    8    100.0    5 
 4/10/26   3:30   11.6   11.7   11.6    92   10.4   0.0   ---   0.00   0.0   ---   11.6   11.7   11.7  1012.0  0.00   0.0   0.023   0.000   16.8    73   12.0   16.7   100    8    100.0    5 
 4/10/26   3:35   11.7   11.7   11.6    92   10.4   0.0   ---   0.00   0.0   ---   11.7   11.8   11.8  1011.9  0.00   0.0   0.023   0.000   16.9    73   12.0   16.7    99    8    100.0    5 
 4/10/26   3:40   11.7   11.7   11.6    92   10.5   0.0   ---   0.00   0.0   ---   11.7   11.8   11.8  1011.8  0.00   0.0   0.023   0.000   16.9    73   12.0   16.7   100    8    100.0    5 
 4/10/26   3:45   11.7   11.7   11.7    92   10.4   0.0   ---   0.00   0.0   ---   11.7   11.8   11.8  1011.7  0.00   0.0   0.023   0.000   16.9    73   12.0   16.7    95    8     97.9    5 
 4/10/26   3:50   11.6   11.7   11.6    92   10.4   0.0   ---   0.00   0.0   ---   11.6   11.7   11.7  1011.6  0.00   0.0   0.023   0.000   16.9    73   12.0   16.7    99    8    100.0    5 
 4/10/26   3:55   11.6   11.6   11.6    92   10.4   0.0   ---   0.00   0.0   ---   11.6   11.7   11.7  1011.6  0.00   0.0   0.023   0.000   16.8    73   12.0   16.7    99    8    100.0    5 
 4/10/26   4:00   11.5   11.6   11.5    91   10.1   0.0   ---   0.00   0.0   ---   11.5   11.6   11.6  1011.7  0.00   0.0   0.024   0.000   16.9    73   12.0   16.7    97    8    100.0    5 
 4/10/26   4:05   11.4   11.6   11.4    91   10.0   0.0   ---   0.00   0.0   ---   11.4   11.6   11.6  1011.8  0.00   0.0   0.024   0.000   16.9    73   12.0   16.7    99    8    100.0    5 
 4/10/26   4:10   11.4   11.4   11.4    92   10.1   0.0   ---   0.00   0.0   ---   11.4   11.5   11.5  1011.9  0.00   0.0   0.024   0.000   16.8    73   12.0   16.7    96    8     99.0    5 
 4/10/26   4:15   11.3   11.4   11.3    92   10.1   0.0   ---   0.00   0.0   ---   11.3   11.4   11.4  1011.8  0.00   0.0   0.024   0.000   16.8    73   12.0   16.7    97    8    100.0    5 
 4/10/26   4:20   11.3   11.3   11.3    92   10.1   0.0   ---   0.00   0.0   ---   11.3   11.4   11.4  1011.7  0.00   0.0   0.024   0.000   16.8    73   12.0   16.7    98    8    100.0    5 
 4/10/26   4:25   11.3   11.3   11.2    92   10.0   0.0   ---   0.00   0.0   ---   11.3   11.4   11.4  1011.7  0.00   0.0   0.024   0.000   16.9    73   12.0   16.7    97    8    100.0    5 
 4/10/26   4:30   11.3   11.3   11.2    92   10.0   0.0   ---   0.00   0.0   ---   11.3   11.4   11.4  1011.7  0.00   0.0   0.024   0.000   16.9    73   12.0   16.7    98    8    100.0    5 
 4/10/26   4:35   11.4   11.4   11.2    92   10.1   0.0   ---   0.00   0.0   ---   11.4   11.5   11.5  1011.7  0.00   0.0   0.024   0.000   16.9    73   12.0   16.7    98    8    100.0    5 
 4/10/26   4:40   11.4   11.4   11.4    92   10.2   0.0   ---   0.00   0.0   ---   11.4   11.6   11.6  1011.7  0.00   0.0   0.024   0.000   16.9    73   12.0   16.7    97    8    100.0    5 
 4/10/26   4:45   11.4   11.4   11.4    92   10.1   0.0   ---   0.00   0.0   ---   11.4   11.5   11.5  1011.6  0.00   0.0   0.024   0.000   16.9    73   12.0   16.7    96    8     99.0    5 
 4/10/26   4:50   11.4   11.4   11.3    92   10.1   0.0   ---   0.00   0.0   ---   11.4   11.5   11.5  1011.7  0.00   0.0   0.024   0.000   16.9    73   12.0   16.7    90    8     92.8    5 
 4/10/26   4:55   11.3   11.4   11.3    92   10.1   0.0   ---   0.00   0.0   ---   11.3   11.4   11.4  1011.6  0.00   0.0   0.024   0.000   16.9    73   12.0   16.7    82    8     84.5    5 
 4/10/26   5:00   11.3   11.4   11.3    92   10.1   0.0   ---   0.00   0.0   ---   11.3   11.4   11.4  1011.4  0.00   0.0   0.024   0.000   16.9    73   12.0   16.7    80    8     82.5    5 
 4/10/26   5:05   11.3   11.3   11.3    92   10.0   0.0   ---   0.00   0.0   ---   11.3   11.4   11.4  1011.4  0.00   0.0   0.024   0.000   16.8    73   12.0   16.7    88    8     90.7    5 
 4/10/26   5:10   11.2   11.3   11.2    92   10.0   0.0   ---   0.00   0.0   ---   11.2   11.3   11.3  1011.3  0.00   0.0   0.025   0.000   16.8    73   12.0   16.7    95    8     97.9    5 
 4/10/26   5:15   11.2   11.3   11.2    91    9.8   0.0   ---   0.00   0.0   ---   11.2   11.3   11.3  1011.3  0.00   0.0   0.025   0.000   16.8    73   12.0   16.7    95    8     97.9    5 
 4/10/26   5:20   11.1   11.2   11.1    91    9.7   0.0   ---   0.00   0.0   ---   11.1   11.2   11.2  1011.3  0.00   0.0   0.025   0.000   16.8    73   12.0   16.7    95    8     97.9    5 
 4/10/26   5:25   11.1   11.1   11.1    91    9.6   0.0   ---   0.00   0.0   ---   11.1   11.2   11.2  1011.2  0.00   0.0   0.025   0.000   16.8    73   12.0   16.7    93    8     95.9    5 
 4/10/26   5:30   10.9   11.1   10.9    91    9.5   0.0   ---   0.00   0.0   ---   10.9   11.1   11.1  1011.1  0.00   0.0   0.026   0.000   16.9    73   12.0   16.7    97    8    100.0    5 
 4/10/26   5:35   10.8   10.9   10.8    91    9.4   0.0   ---   0.00   0.0   ---   10.8   10.9   10.9  1011.0  0.00   0.0   0.026   0.000   16.9    73   12.0   16.7    95    8     97.9    5 
 4/10/26   5:40   10.8   10.9   10.8    91    9.4   0.0   ---   0.00   0.0   ---   10.8   10.9   10.9  1011.0  0.00   0.0   0.026   0.000   16.9    73   12.0   16.7    97    8    100.0    5 
 4/10/26   5:45   10.8   10.8   10.7    91    9.4   0.0   ---   0.00   0.0   ---   10.8   10.9   10.9  1011.0  0.00   0.0   0.026   0.000   16.9    73   12.0   16.7    95    8     97.9    5 
 4/10/26   5:50   10.7   10.8   10.7    91    9.3   0.0   ---   0.00   0.0   ---   10.7   10.8   10.8  1011.0  0.00   0.0   0.026   0.000   16.9    73   12.0   16.7    94    8     96.9    5 
 4/10/26   5:55   10.7   10.7   10.7    91    9.3   0.0   ---   0.00   0.0   ---   10.7   10.8   10.8  1010.9  0.00   0.0   0.027   0.000   16.9    73   12.0   16.7    98    8    100.0    5 
 4/10/26   6:00   10.6   10.7   10.6    91    9.2   0.0   ---   0.00   0.0   ---   10.6   10.7   10.7  1010.9  0.00   0.0   0.027   0.000   16.9    73   12.0   16.7    97    8    100.0    5 
 4/10/26   6:05   10.5   10.6   10.5    91    9.1   0.0   ---   0.00   0.0   ---   10.5   10.7   10.7  1010.9  0.00   0.0   0.027   0.000   16.8    73   12.0   16.7    98    8    100.0    5 
 4/10/26   6:10   10.4   10.5   10.4    91    9.0   0.0   ---   0.00   0.0   ---   10.4   10.6   10.6  1010.9  0.00   0.0   0.027   0.000   16.8    73   12.0   16.7    98    8    100.0    5 
 4/10/26   6:15   10.3   10.4   10.3    91    8.9   0.0   ---   0.00   0.0   ---   10.3   10.5   10.5  1011.0  0.00   0.0   0.028   0.000   16.8    73   12.0   16.7    98    8    100.0    5 
 4/10/26   6:20   10.3   10.3   10.3    91    8.9   0.0   ---   0.00   0.0   ---   10.3   10.4   10.4  1010.9  0.00   0.0   0.028   0.000   16.8    72   11.8   16.7    97    8    100.0    5 
 4/10/26   6:25   10.3   10.3   10.2    91    8.9   0.0   ---   0.00   0.0   ---   10.3   10.4   10.4  1010.8  0.00   0.0   0.028   0.000   16.8    72   11.8   16.7    97    8    100.0    5 
 4/10/26   6:30   10.2   10.3   10.2    91    8.8   0.0   ---   0.00   0.0   ---   10.2   10.3   10.3  1010.9  0.00   0.0   0.028   0.000   16.8    72   11.8   16.7    97    8    100.0    5 
 4/10/26   6:35   10.1   10.2   10.1    91    8.7   0.0   ---   0.00   0.0   ---   10.1   10.3   10.3  1011.0  0.00   0.0   0.029   0.000   16.8    72   11.8   16.7    97    8    100.0    5 
 4/10/26   6:40    9.9   10.1    9.9    91    8.5   0.0   ---   0.00   0.0   ---    9.9   10.1   10.1  1011.1  0.00   0.0   0.029   0.000   16.8    72   11.8   16.7    96    8     99.0    5 
 4/10/26   6:45   10.0   10.0    9.9    91    8.6   0.0   ---   0.00   0.0   ---   10.0   10.2   10.2  1011.4  0.00   0.0   0.029   0.000   16.8    72   11.8   16.7    96    8     99.0    5 
 4/10/26   6:50   10.2   10.2   10.1    92    9.0   0.0   ---   0.00   0.0   ---   10.2   10.4   10.4  1011.5  0.00   0.0   0.028   0.000   16.8    72   11.8   16.7    97    8    100.0    5 
 4/10/26   6:55   10.3   10.3   10.2    92    9.0   0.0   ---   0.00   0.0   ---   10.3   10.4   10.4  1011.5  0.00   0.0   0.028   0.000   16.9    72   11.8   16.7    98    8    100.0    5 
 4/10/26   7:00   10.2   10.3   10.2    92    9.0   0.0   ---   0.00   0.0   ---   10.2   10.4   10.4  1011.4  0.00   0.0   0.028   0.000   16.8    72   11.8   16.7    98    8    100.0    5 
 4/10/26   7:05   10.3   10.3   10.2    92    9.1   0.0   ---   0.00   0.0   ---   10.3   10.5   10.5  1011.6  0.00   0.0   0.028   0.000   16.8    72   11.8   16.7    96    8     99.0    5 
 4/10/26   7:10   10.5   10.5   10.3    92    9.3   0.0   ---   0.00   0.0   ---   10.5   10.7   10.7  1011.7  0.00   0.0   0.027   0.000   16.8    72   11.8   16.7    96    8     99.0    5 
 4/10/26   7:15   10.5   10.5   10.5    92    9.3   0.0   ---   0.00   0.0   ---   10.5   10.7   10.7  1011.9  0.00   0.0   0.027   0.000   16.8    72   11.8   16.7    98    8    100.0    5 
 4/10/26   7:20   10.6   10.6   10.5    92    9.4   0.0   ---   0.00   0.0   ---   10.6   10.8   10.8  1011.9  0.00   0.0   0.027   0.000   16.8    72   11.8   16.7    97    8    100.0    5 
 4/10/26   7:25   10.7   10.7   10.6    92    9.5   0.0   ---   0.00   0.0   ---   10.7   10.9   10.9  1012.0  0.00   0.0   0.026   0.000   16.8    72   11.8   16.7    97    8    100.0    5 
 4/10/26   7:30   10.9   10.9   10.7    92    9.6   0.0   ---   0.00   0.0   ---   10.9   11.1   11.1  1012.1  0.00   0.0   0.026   0.000   16.8    72   11.8   16.7    96    8     99.0    5 
 4/10/26   7:35   11.1   11.1   10.9    93   10.0   0.0   ---   0.00   0.0   ---   11.1   11.3   11.3  1012.0  0.00   0.0   0.025   0.000   16.8    72   11.8   16.7    93    8     95.9    5 
 4/10/26   7:40   11.4   11.4   11.1    93   10.4   0.0   ---   0.00   0.0   ---   11.4   11.6   11.6  1011.9  0.00   0.0   0.024   0.000   16.8    72   11.8   16.7    94    8     96.9    5 
 4/10/26   7:45   11.7   11.7   11.4    93   10.6   0.0   ---   0.00   0.0   ---   11.7   11.8   11.8  1011.9  0.00   0.0   0.023   0.000   16.8    73   12.0   16.7    91    8     93.8    5 
 4/10/26   7:50   12.0   12.0   11.7    93   10.9   0.0   ---   0.00   0.0   ---   12.0   12.1   12.1  1011.9  0.00   0.0   0.022   0.000   16.8    73   12.0   16.7    94    8     96.9    5 
 4/10/26   7:55   12.2   12.2   12.0    93   11.1   0.0   ---   0.00   0.0   ---   12.2   12.3   12.3  1012.0  0.00   0.0   0.021   0.000   16.8    73   12.0   16.7   100    8    100.0    5 
 4/10/26   8:00   12.3   12.3   12.2    93   11.2   0.0   ---   0.00   0.0   ---   12.3   12.4   12.4  1011.9  0.00   0.0   0.021   0.000   16.8    73   12.0   16.7    97    8    100.0    5 
 4/10/26   8:05   12.7   12.7   12.3    93   11.6   0.0   ---   0.00   0.0   ---   12.7   12.8   12.8  1012.0  0.00   0.0   0.020   0.000   16.8    73   11.9   16.6    95    8     97.9    5 
 4/10/26   8:10   13.0   13.0   12.7    93   11.9   0.0   ---   0.00   0.0   ---   13.0   13.1   13.1  1012.3  0.00   0.0   0.019   0.000   16.8    73   11.9   16.6    97    8    100.0    5 
 4/10/26   8:15   13.2   13.2   12.9    93   12.1   0.0   ---   0.00   0.0   ---   13.2   13.3   13.3  1012.5  0.00   0.0   0.018   0.000   16.8    73   11.9   16.6    99    8    100.0    5 
 4/10/26   8:20   13.4   13.5   13.2    93   12.3   0.0   ---   0.00   0.0   ---   13.4   13.6   13.6  1012.6  0.00   0.0   0.017   0.000   16.8    73   11.9   16.6    98    8    100.0    5 
 4/10/26   8:25   13.7   13.7   13.5    93   12.6   0.0   ---   0.00   0.0   ---   13.7   13.8   13.8  1012.7  0.00   0.0   0.016   0.000   16.8    73   11.9   16.6    97    8    100.0    5 
 4/10/26   8:30   13.8   13.8   13.7    93   12.7   0.0   ---   0.00   0.0   ---   13.8   13.9   13.9  1012.8  0.00   0.0   0.016   0.000   16.8    73   11.9   16.6    98    8    100.0    5 
 4/10/26   8:35   13.9   13.9   13.8    91   12.5   0.0   ---   0.00   0.0   ---   13.9   14.0   14.0  1012.9  0.00   0.0   0.015   0.000   16.8    73   11.9   16.6    96    8     99.0    5 
 4/10/26   8:40   14.2   14.2   14.0    90   12.6   0.0   ---   0.00   0.0   ---   14.2   14.3   14.3  1013.0  0.00   0.0   0.014   0.000   16.8    73   12.0   16.7    98    8    100.0    5 
 4/10/26   8:45   14.3   14.3   14.2    88   12.3   0.0   ---   0.00   0.0   ---   14.3   14.3   14.3  1013.0  0.00   0.0   0.014   0.000   16.8    73   12.0   16.7    97    8    100.0    5 
 4/10/26   8:50   14.5   14.6   14.3    88   12.5   0.0   ---   0.00   0.0   ---   14.5   14.5   14.5  1013.0  0.00   0.0   0.013   0.000   16.8    73   12.0   16.7    97    8    100.0    5 
 4/10/26   8:55   14.9   14.9   14.6    87   12.7   0.0   ---   0.00   0.0   ---   14.9   14.9   14.9  1013.1  0.00   0.0   0.012   0.000   16.8    73   12.0   16.7    98    8    100.0    5 
 4/10/26   9:00   15.2   15.2   14.9    85   12.7   0.0   ---   0.00   0.0   ---   15.2   15.2   15.2  1013.1  0.00   0.0   0.011   0.000   16.8    73   12.0   16.7   100    8    100.0    5 
 4/10/26   9:05   15.7   15.7   15.2    84   13.0   0.0   ---   0.00   0.0   ---   15.7   15.7   15.7  1013.0  0.00   0.0   0.009   0.000   16.8    73   12.0   16.7    98    8    100.0    5 
 4/10/26   9:10   16.0   16.0   15.6    81   12.7   0.0   ---   0.00   0.0   ---   16.0   16.0   16.0  1012.8  0.00   0.0   0.008   0.000   16.9    73   12.0   16.7   100    8    100.0    5 
 4/10/26   9:15   16.4   16.4   16.1    79   12.7   0.0   ---   0.00   0.0   ---   16.4   16.4   16.4  1012.9  0.00   0.0   0.007   0.000   16.9    73   12.0   16.7    98    8    100.0    5 
 4/10/26   9:20   16.8   16.8   16.4    78   13.0   0.0   ---   0.00   0.0   ---   16.8   16.9   16.9  1013.0  0.00   0.0   0.005   0.000   16.9    73   12.1   16.8    97    8    100.0    5 
 4/10/26   9:25   17.1   17.1   16.9    75   12.6   0.0   ---   0.00   0.0   ---   17.1   17.1   17.1  1013.1  0.00   0.0   0.004   0.000   16.9    73   12.0   16.7    99    8    100.0    5 
 4/10/26   9:30   17.3   17.3   17.2    75   12.8   0.0   ---   0.00   0.0   ---   17.3   17.2   17.2  1013.1  0.00   0.0   0.004   0.000   16.9    73   12.0   16.7    94    8     96.9    5 
 4/10/26   9:35   17.5   17.6   17.3    74   12.8   0.0   ---   0.00   0.0   ---   17.5   17.5   17.5  1013.1  0.00   0.0   0.003   0.000   16.9    73   12.0   16.7    84    8     86.6    5 
 4/10/26   9:40   17.8   17.8   17.6    71   12.5   0.0   ---   0.00   0.0   ---   17.8   17.8   17.8  1013.2  0.00   0.0   0.002   0.000   16.9    73   12.0   16.7    88    8     90.7    5 
 4/10/26   9:45   18.2   18.2   17.9    71   12.9   0.0   ---   0.00   0.0   ---   18.2   18.2   18.2  1013.3  0.00   0.0   0.000   0.000   16.9    73   12.1   16.8    98    8    100.0    5 
 4/10/26   9:50   18.4   18.4   18.2    73   13.5   0.0   ---   0.00   0.0   ---   18.4   18.6   18.6  1013.2  0.00   0.0   0.000   0.000   16.9    73   12.1   16.8    93    8     95.9    5 
 4/10/26   9:55   18.8   18.8   18.4    72   13.6   0.0   ---   0.00   0.0   ---   18.8   18.9   18.9  1013.2  0.00   0.0   0.000   0.002   16.9    73   12.1   16.8    99    8    100.0    5 
 4/10/26  10:00   19.2   19.2   18.8    71   13.8   0.0   ---   0.00   0.0   ---   19.2   19.4   19.4  1013.2  0.00   0.0   0.000   0.003   16.9    73   12.1   16.8    99    8    100.0    5 
 4/10/26  10:05   19.5   19.5   19.2    70   13.9   0.0   ---   0.00   0.0   ---   19.5   19.7   19.7  1013.1  0.00   0.0   0.000   0.004   16.9    73   12.1   16.8    97    8    100.0    5 
 4/10/26  10:10   19.6   19.6   19.5    62   12.1   0.0   ---   0.00   0.0   ---   19.6   19.5   19.5  1013.1  0.00   0.0   0.000   0.004   16.9    73   12.1   16.8    97    8    100.0    5 
 4/10/26  10:15   19.6   19.7   19.6    64   12.6   0.0   ---   0.00   0.0   ---   19.6   19.6   19.6  1013.1  0.00   0.0   0.000   0.004   16.9    73   12.1   16.8    97    8    100.0    5 
 4/10/26  10:20   19.8   19.8   19.6    63   12.6   0.0   ---   0.00   0.0   ---   19.8   19.8   19.8  1013.2  0.00   0.0   0.000   0.005   16.9    73   12.1   16.8    97    8    100.0    5 
 4/10/26  10:25   20.1   20.1   19.8    66   13.6   0.0   ---   0.00   0.0   ---   20.1   20.2   20.2  1013.3  0.00   0.0   0.000   0.006   16.9    73   12.1   16.8    97    8    100.0    5 
 4/10/26  10:30   20.2   20.3   20.1    61   12.5   0.0   ---   0.00   0.0   ---   20.2   20.1   20.1  1013.4  0.00   0.0   0.000   0.007   16.9    73   12.1   16.8    96    8     99.0    5 
 4/10/26  10:35   20.3   20.4   20.2    62   12.8   0.0   ---   0.00   0.0   ---   20.3   20.2   20.2  1013.4  0.00   0.0   0.000   0.007   16.9    73   12.1   16.8    97    8    100.0    5 
 4/10/26  10:40   20.6   20.6   20.4    59   12.3   0.0   ---   0.00   0.0   ---   20.6   20.2   20.2  1013.4  0.00   0.0   0.000   0.008   17.0    73   12.1   16.9    98    8    100.0    5 
 4/10/26  10:45   20.7   20.7   20.6    61   12.9   0.0   ---   0.00   0.0   ---   20.7   20.4   20.4  1013.4  0.00   0.0   0.000   0.008   17.0    73   12.1   16.9    98    8    100.0    5 
 4/10/26  10:50   20.9   20.9   20.7    57   12.0   0.0   ---   0.00   0.0   ---   20.9   20.3   20.3  1013.3  0.00   0.0   0.000   0.009   17.0    73   12.1   16.9    98    8    100.0    5 
 4/10/26  10:55   21.1   21.1   20.9    61   13.2   0.0   ---   0.00   0.0   ---   21.1   20.7   20.7  1013.3  0.00   0.0   0.000   0.009   17.0    73   12.1   16.9    97    8    100.0    5 
 4/10/26  11:00   21.3   21.3   21.1    65   14.5   0.0   ---   0.00   0.0   ---   21.3   21.2   21.2  1013.1  0.00   0.0   0.000   0.010   17.0    73   12.1   16.9    98    8    100.0    5 
 4/10/26  11:05   21.4   21.4   21.3    61   13.6   0.0   ---   0.00   0.0   ---   21.4   21.2   21.2  1013.1  0.00   0.0   0.000   0.011   17.0    73   12.1   16.9    97    8    100.0    5 
 4/10/26  11:10   21.4   21.5   21.4    61   13.6   0.0   ---   0.00   0.0   ---   21.4   21.2   21.2  1013.0  0.00   0.0   0.000   0.011   17.0    73   12.1   16.9   100    8    100.0    5 
 4/10/26  11:15   21.4   21.4   21.4    61   13.6   0.0   ---   0.00   0.0   ---   21.4   21.1   21.1  1012.9  0.00   0.0   0.000   0.011   17.0    73   12.1   16.9   100    8    100.0    5 
 4/10/26  11:20   21.4   21.4   21.4    61   13.6   0.0   ---   0.00   0.0   ---   21.4   21.2   21.2  1012.9  0.00   0.0   0.000   0.011   17.0    73   12.1   16.9    97    8    100.0    5 
 4/10/26  11:25   21.4   21.4   21.4    59   13.0   0.0   ---   0.00   0.0   ---   21.4   21.0   21.0  1013.0  0.00   0.0   0.000   0.011   17.0    73   12.1   16.9    98    8    100.0    5 
 4/10/26  11:30   21.6   21.6   21.4    60   13.5   0.0   ---   0.00   0.0   ---   21.6   21.2   21.2  1013.0  0.00   0.0   0.000   0.011   17.0    73   12.1   16.9    98    8    100.0    5 
 4/10/26  11:35   21.8   21.8   21.6    60   13.7   0.0   ---   0.00   0.0   ---   21.8   21.6   21.6  1013.1  0.00   0.0   0.000   0.012   17.0    73   12.1   16.9    98    8    100.0    5 
 4/10/26  11:40   21.9   21.9   21.8    60   13.8   0.0   ---   0.00   0.0   ---   21.9   21.8   21.8  1013.0  0.00   0.0   0.000   0.013   17.0    73   12.1   16.9    99    8    100.0    5 
 4/10/26  11:45   21.9   22.0   21.9    54   12.2   0.0   ---   0.00   0.0   ---   21.9   21.4   21.4  1012.9  0.00   0.0   0.000   0.012   17.1    73   12.2   16.9    97    8    100.0    5 
 4/10/26  11:50   21.9   21.9   21.9    57   13.0   0.0   ---   0.00   0.0   ---   21.9   21.6   21.6  1013.0  0.00   0.0   0.000   0.012   17.1    73   12.2   16.9    98    8    100.0    5 
 4/10/26  11:55   22.1   22.1   21.9    61   14.2   0.0   ---   0.00   0.0   ---   22.1   22.0   22.0  1013.0  0.00   0.0   0.000   0.013   17.0    73   12.1   16.9    98    8    100.0    5 
 4/10/26  12:00   22.3   22.3   22.1    55   12.8   0.0   ---   0.00   0.0   ---   22.3   22.0   22.0  1013.1  0.00   0.0   0.000   0.014   17.1    73   12.2   16.9    99    8    100.0    5 
 4/10/26  12:05   22.2   22.3   22.2    53   12.1   0.0   ---   0.00   0.0   ---   22.2   21.8   21.8  1013.0  0.00   0.0   0.000   0.013   17.1    73   12.2   16.9    99    8    100.0    5 
 4/10/26  12:10   22.2   22.2   22.1    53   12.1   0.0   ---   0.00   0.0   ---   22.2   21.8   21.8  1013.1  0.00   0.0   0.000   0.013   17.1    73   12.2   16.9    94    8     96.9    5 
 4/10/26  12:15   22.3   22.3   22.2    57   13.3   0.0   ---   0.00   0.0   ---   22.3   22.1   22.1  1013.0  0.00   0.0   0.000   0.014   17.1    73   12.2   16.9    98    8    100.0    5 
 4/10/26  12:20   22.3   22.4   22.3    55   12.9   0.0   ---   0.00   0.0   ---   22.3   22.1   22.1  1013.1  0.00   0.0   0.000   0.014   17.1    73   12.2   16.9    95    8     97.9    5 
 4/10/26  12:25   22.3   22.3   22.3    53   12.2   0.0   ---   0.00   0.0   ---   22.3   21.9   21.9  1013.1  0.00   0.0   0.000   0.014   17.1    73   12.2   16.9   100    8    100.0    5 
 4/10/26  12:30   22.4   22.4   22.3    55   13.0   0.0   ---   0.00   0.0   ---   22.4   22.3   22.3  1013.1  0.00   0.0   0.000   0.014   17.1    73   12.2   16.9    97    8    100.0    5 
 4/10/26  12:35   22.7   22.7   22.4    56   13.4   0.0   ---   0.00   0.0   ---   22.7   22.7   22.7  1013.1  0.00   0.0   0.000   0.015   17.1    73   12.2   16.9    99    8    100.0    5 
 4/10/26  12:40   22.7   22.7   22.7    57   13.8   0.0   ---   0.00   0.0   ---   22.7   22.8   22.8  1013.1  0.00   0.0   0.000   0.015   17.1    73   12.2   16.9    98    8    100.0    5 
 4/10/26  12:45   22.8   22.8   22.7    50   11.8   0.0   ---   0.00   0.0   ---   22.8   22.5   22.5  1013.0  0.00   0.0   0.000   0.015   17.1    73   12.2   16.9    97    8    100.0    5 
 4/10/26  12:50   22.6   22.8   22.6    53   12.5   0.0   ---   0.00   0.0   ---   22.6   22.4   22.4  1013.1  0.00   0.0   0.000   0.015   17.1    73   12.2   16.9    98    8    100.0    5 
 4/10/26  12:55   22.6   22.6   22.6    53   12.5   0.0   ---   0.00   0.0   ---   22.6   22.4   22.4  1013.2  0.00   0.0   0.000   0.015   17.1    73   12.2   16.9    97    8    100.0    5 
 4/10/26  13:00   22.9   22.9   22.6    52   12.5   0.0   ---   0.00   0.0   ---   22.9   22.7   22.7  1013.1  0.00   0.0   0.000   0.016   17.1    73   12.2   16.9    90    8     92.8    5 
 4/10/26  13:05   22.8   22.9   22.8    51   12.2   0.0   ---   0.00   0.0   ---   22.8   22.6   22.6  1013.0  0.00   0.0   0.000   0.016   17.1    72   12.0   16.9    83    8     85.6    5 
 4/10/26  13:10   22.9   22.9   22.8    58   14.2   0.0   ---   0.00   0.0   ---   22.9   23.1   23.1  1013.0  0.00   0.0   0.000   0.016   17.1    72   12.0   16.9    90    8     92.8    5 
 4/10/26  13:15   23.0   23.1   22.9    51   12.3   0.0   ---   0.00   0.0   ---   23.0   22.8   22.8  1013.0  0.00   0.0   0.000   0.016   17.1    72   12.0   16.9    96    8     99.0    5 
 4/10/26  13:20   23.1   23.1   22.9    53   13.0   0.0   ---   0.00   0.0   ---   23.1   23.0   23.0  1012.9  0.00   0.0   0.000   0.016   17.1    72   12.0   16.9    97    8    100.0    5 
 4/10/26  13:25   23.3   23.3   23.0    54   13.5   0.0   ---   0.00   0.0   ---   23.3   23.4   23.4  1012.9  0.00   0.0   0.000   0.017   17.1    72   12.0   16.9    96    8     99.0    5 
 4/10/26  13:30   23.4   23.4   23.3    48   11.8   0.0   ---   0.00   0.0   ---   23.4   23.2   23.2  1012.9  0.00   0.0   0.000   0.018   17.1    72   12.0   16.9    95    8     97.9    5 
 4/10/26  13:35   23.4   23.4   23.4    51   12.7   0.0   ---   0.00   0.0   ---   23.4   23.3   23.3  1012.9  0.00   0.0   0.000   0.018   17.1    72   12.0   16.9    98    8    100.0    5 
 4/10/26  13:40   23.4   23.5   23.4    49   12.1   0.0   ---   0.00   0.0   ---   23.4   23.3   23.3  1013.0  0.00   0.0   0.000   0.018   17.1    72   12.0   16.9    98    8    100.0    5 
 4/10/26  13:45   23.5   23.5   23.4    48   11.9   0.0   ---   0.00   0.0   ---   23.5   23.3   23.3  1013.0  0.00   0.0   0.000   0.018   17.1    72   12.0   16.9    99    8    100.0    5 
 4/10/26  13:50   23.6   23.6   23.5    46   11.3   0.0   ---   0.00   0.0   ---   23.6   23.3   23.3  1013.0  0.00   0.0   0.000   0.018   17.1    72   12.0   16.9    96    8     99.0    5 
 4/10/26  13:55   23.6   23.6   23.6    52   13.2   0.0   ---   0.00   0.0   ---   23.6   23.7   23.7  1012.9  0.00   0.0   0.000   0.018   17.1    72   12.0   16.9    98    8    100.0    5 
 4/10/26  14:00   23.7   23.7   23.6    47   11.7   0.0   ---   0.00   0.0   ---   23.7   23.5   23.5  1012.9  0.00   0.0   0.000   0.019   17.1    72   12.0   16.9    96    8     99.0    5 
 4/10/26  14:05   23.7   23.7   23.6    47   11.7   0.0   ---   0.00   0.0   ---   23.7   23.5   23.5  1012.8  0.00   0.0   0.000   0.019   17.1    72   12.0   16.9    95    8     97.9    5 
 4/10/26  14:10   23.9   23.9   23.7    46   11.6   0.0   ---   0.00   0.0   ---   23.9   23.8   23.8  1012.8  0.00   0.0   0.000   0.019   17.1    72   12.0   16.9    97    8    100.0    5 
 4/10/26  14:15   23.7   23.9   23.7    45   11.1   0.0   ---   0.00   0.0   ---   23.7   23.5   23.5  1012.8  0.00   0.0   0.000   0.019   17.2    72   12.1   17.1    96    8     99.0    5 
 4/10/26  14:20   23.7   23.7   23.6    46   11.4   0.0   ---   0.00   0.0   ---   23.7   23.5   23.5  1012.8  0.00   0.0   0.000   0.019   17.2    72   12.1   17.1    99    8    100.0    5 
 4/10/26  14:25   23.6   23.7   23.6    45   11.0   0.0   ---   0.00   0.0   ---   23.6   23.4   23.4  1012.8  0.00   0.0   0.000   0.018   17.2    72   12.1   17.1    98    8    100.0    5 
 4/10/26  14:30   23.6   23.7   23.5    50   12.5   0.0   ---   0.00   0.0   ---   23.6   23.5   23.5  1012.7  0.00   0.0   0.000   0.018   17.2    72   12.1   17.1    97    8    100.0    5 
 4/10/26  14:35   23.7   23.7   23.6    48   12.0   0.0   ---   0.00   0.0   ---   23.7   23.6   23.6  1012.6  0.00   0.0   0.000   0.019   17.2    72   12.1   17.1    96    8     99.0    5 
 4/10/26  14:40   23.7   23.7   23.6    49   12.4   0.0   ---   0.00   0.0   ---   23.7   23.7   23.7  1012.6  0.00   0.0   0.000   0.019   17.2    72   12.1   17.1    97    8    100.0    5 
 4/10/26  14:45   24.0   24.0   23.8    50   12.9   0.0   ---   0.00   0.0   ---   24.0   24.1   24.1  1012.5  0.00   0.0   0.000   0.020   17.2    72   12.1   17.1    97    8    100.0    5 
 4/10/26  14:50   24.1   24.1   24.0    49   12.7   0.0   ---   0.00   0.0   ---   24.1   24.1   24.1  1012.5  0.00   0.0   0.000   0.020   17.2    72   12.1   17.1    98    8    100.0    5 
 4/10/26  14:55   24.3   24.3   24.0    46   11.9   0.0   ---   0.00   0.0   ---   24.3   24.1   24.1  1012.4  0.00   0.0   0.000   0.021   17.2    71   11.9   17.1    97    8    100.0    5 
 4/10/26  15:00   24.2   24.3   24.1    47   12.1   0.0   ---   0.00   0.0   ---   24.2   24.1   24.1  1012.4  0.00   0.0   0.000   0.020   17.3    71   12.0   17.2    95    8     97.9    5 
 4/10/26  15:05   23.8   24.2   23.8    43   10.5   0.0   ---   0.00   0.0   ---   23.8   23.6   23.6  1012.2  0.00   0.0   0.000   0.019   17.3    71   12.0   17.2    96    8     99.0    5 
 4/10/26  15:10   23.7   23.8   23.7    45   11.0   0.0   ---   0.00   0.0   ---   23.7   23.4   23.4  1012.2  0.00   0.0   0.000   0.019   17.3    71   12.0   17.2    94    8     96.9    5 
 4/10/26  15:15   23.6   23.7   23.6    48   12.0   0.0   ---   0.00   0.0   ---   23.6   23.5   23.5  1012.3  0.00   0.0   0.000   0.018   17.3    70   11.8   17.2    96    8     99.0    5 
 4/10/26  15:20   23.7   23.7   23.6    49   12.3   0.0   ---   0.00   0.0   ---   23.7   23.6   23.6  1012.3  0.00   0.0   0.000   0.019   17.3    70   11.8   17.2    95    8     97.9    5 
 4/10/26  15:25   23.8   23.8   23.6    51   13.1   0.0   ---   0.00   0.0   ---   23.8   23.9   23.9  1012.3  0.00   0.0   0.000   0.019   17.3    70   11.8   17.2    96    8     99.0    5 
 4/10/26  15:30   23.8   23.9   23.8    46   11.5   0.0   ---   0.00   0.0   ---   23.8   23.7   23.7  1012.3  0.00   0.0   0.000   0.019   17.3    70   11.8   17.2    95    8     97.9    5 
 4/10/26  15:35   23.8   23.8   23.7    48   12.1   0.0   ---   0.00   0.0   ---   23.8   23.7   23.7  1012.3  0.00   0.0   0.000   0.019   17.3    70   11.8   17.2    96    8     99.0    5 
 4/10/26  15:40   24.2   24.2   23.8    48   12.5   0.0   ---   0.00   0.0   ---   24.2   24.1   24.1  1012.3  0.00   0.0   0.000   0.020   17.3    70   11.8   17.2    95    8     97.9    5 
 4/10/26  15:45   24.5   24.5   24.2    48   12.8   0.0   ---   0.00   0.0   ---   24.5   24.4   24.4  1012.4  0.00   0.0   0.000   0.021   17.3    70   11.8   17.2    98    8    100.0    5 
 4/10/26  15:50   24.0   24.5   24.0    45   11.3   0.0   ---   0.00   0.0   ---   24.0   23.8   23.8  1012.4  0.00   0.0   0.000   0.020   17.4    71   12.1   17.3    97    8    100.0    5 
 4/10/26  15:55   23.6   23.9   23.6    53   13.4   0.0   ---   0.00   0.0   ---   23.6   23.6   23.6  1012.2  0.00   0.0   0.000   0.018   17.4    70   11.9   17.2    95    8     97.9    5 
 4/10/26  16:00   23.6   23.6   23.6    49   12.3   0.0   ---   0.00   0.0   ---   23.6   23.5   23.5  1012.2  0.00   0.0   0.000   0.018   17.4    71   12.1   17.3    97    8    100.0    5 
 4/10/26  16:05   23.7   23.7   23.6    49   12.3   0.0   ---   0.00   0.0   ---   23.7   23.6   23.6  1012.3  0.00   0.0   0.000   0.019   17.4    71   12.1   17.3    99    8    100.0    5 
 4/10/26  16:10   23.6   23.7   23.6    45   11.0   0.0   ---   0.00   0.0   ---   23.6   23.4   23.4  1012.3  0.00   0.0   0.000   0.018   17.4    71   12.1   17.3    93    8     95.9    5 
 4/10/26  16:15   23.8   23.9   23.6    44   10.8   0.0   ---   0.00   0.0   ---   23.8   23.6   23.6  1012.4  0.00   0.0   0.000   0.019   17.4    71   12.1   17.3    96    8     99.0    5 
 4/10/26  16:20   23.9   24.0   23.9    55   14.3   0.0   ---   0.00   0.0   ---   23.9   24.2   24.2  1012.4  0.00   0.0   0.000   0.019   17.4    71   12.1   17.3    96    8     99.0    5 
 4/10/26  16:25   23.7   23.9   23.7    55   14.1   0.0   ---   0.00   0.0   ---   23.7   23.9   23.9  1012.3  0.00   0.0   0.000   0.019   17.4    71   12.1   17.3    96    8     99.0    5 
 4/10/26  16:30   23.2   23.7   23.2    57   14.2   0.0   ---   0.00   0.0   ---   23.2   23.4   23.4  1012.4  0.00   0.0   0.000   0.017   17.4    71   12.1   17.3    97    8    100.0    5 
 4/10/26  16:35   22.8   23.2   22.8    60   14.6   0.0   ---   0.00   0.0   ---   22.8   23.0   23.0  1012.5  0.00   0.0   0.000   0.015   17.4    71   12.1   17.3    98    8    100.0    5 
 4/10/26  16:40   22.4   22.8   22.4    60   14.2   0.0   ---   0.00   0.0   ---   22.4   22.4   22.4  1012.5  0.00   0.0   0.000   0.014   17.4    71   12.1   17.3    83    8     85.6    5 
 4/10/26  16:45   21.8   22.4   21.8    61   14.0   0.0   ---   0.00   0.0   ---   21.8   21.7   21.7  1012.5  0.00   0.0   0.000   0.012   17.4    71   12.1   17.3    82    8     84.5    5 
 4/10/26  16:50   21.3   21.8   21.3    62   13.8   0.0   ---   0.00   0.0   ---   21.3   21.1   21.1  1012.5  0.00   0.0   0.000   0.010   17.4    71   12.1   17.3    92    8     94.8    5 
 4/10/26  16:55   21.1   21.3   21.1    63   13.7   0.0   ---   0.00   0.0   ---   21.1   20.8   20.8  1012.6  0.00   0.0   0.000   0.009   17.4    71   12.1   17.3    96    8     99.0    5 
 4/10/26  17:00   21.1   21.1   21.0    63   13.7   0.0   ---   0.00   0.0   ---   21.1   20.8   20.8  1012.6  0.00   0.0   0.000   0.009   17.4    71   12.1   17.3    93    8     95.9    5 
 4/10/26  17:05   21.0   21.1   21.0    62   13.4   0.0   ---   0.00   0.0   ---   21.0   20.7   20.7  1012.6  0.00   0.0   0.000   0.009   17.4    71   12.1   17.3    89    8     91.8    5 
 4/10/26  17:10   21.0   21.1   21.0    62   13.4   0.0   ---   0.00   0.0   ---   21.0   20.7   20.7  1012.6  0.00   0.0   0.000   0.009   17.4    71   12.1   17.3    98    8    100.0    5 
 4/10/26  17:15   20.9   21.0   20.9    63   13.6   0.0   ---   0.00   0.0   ---   20.9   20.7   20.7  1012.7  0.00   0.0   0.000   0.009   17.4    71   12.1   17.3    96    8     99.0    5 
 4/10/26  17:20   20.7   20.9   20.7    60   12.6   0.0   ---   0.00   0.0   ---   20.7   20.3   20.3  1012.7  0.00   0.0   0.000   0.008   17.4    71   12.1   17.3    96    8     99.0    5 
 4/10/26  17:25   20.5   20.7   20.5    60   12.5   0.0   ---   0.00   0.0   ---   20.5   20.2   20.2  1012.7  0.00   0.0   0.000   0.008   17.4    71   12.1   17.3    96    8     99.0    5 
 4/10/26  17:30   20.4   20.5   20.4    59   12.1   0.0   ---   0.00   0.0   ---   20.4   20.1   20.1  1012.7  0.00   0.0   0.000   0.007   17.4    71   12.1   17.3    95    8     97.9    5 
 4/10/26  17:35   20.3   20.4   20.3    59   12.0   0.0   ---   0.00   0.0   ---   20.3   20.0   20.0  1012.7  0.00   0.0   0.000   0.007   17.4    71   12.1   17.3    96    8     99.0    5 
 4/10/26  17:40   20.2   20.3   20.2    59   11.9   0.0   ---   0.00   0.0   ---   20.2   19.9   19.9  1012.7  0.00   0.0   0.000   0.006   17.4    71   12.1   17.3    96    8     99.0    5 
 4/10/26  17:45   20.0   20.2   20.0    58   11.5   0.0   ---   0.00   0.0   ---   20.0   19.7   19.7  1012.8  0.00   0.0   0.000   0.006   17.4    71   12.1   17.3    98    8    100.0    5 
 4/10/26  17:50   19.9   20.0   19.9    60   11.9   0.0   ---   0.00   0.0   ---   19.9   19.8   19.8  1012.8  0.00   0.0   0.000   0.006   17.4    71   12.1   17.3    98    8    100.0    5 
 4/10/26  17:55   19.8   19.9   19.8    61   12.0   0.0   ---   0.00   0.0   ---   19.8   19.6   19.6  1012.8  0.00   0.0   0.000   0.005   17.4    71   12.1   17.3    96    8     99.0    5 
 4/10/26  18:00   19.6   19.8   19.6    61   11.9   0.0   ---   0.00   0.0   ---   19.6   19.4   19.4  1012.9  0.00   0.0   0.000   0.004   17.4    71   12.1   17.3    96    8     99.0    5 
 4/10/26  18:05   19.6   19.6   19.6    63   12.3   0.0   ---   0.00   0.0   ---   19.6   19.4   19.4  1012.8  0.00   0.0   0.000   0.004   17.4    71   12.1   17.3    96    8     99.0    5 
 4/10/26  18:10   19.6   19.6   19.6    62   12.1   0.0   ---   0.00   0.0   ---   19.6   19.4   19.4  1012.9  0.00   0.0   0.000   0.004   17.4    71   12.1   17.3    99    8    100.0    5 
 4/10/26  18:15   19.4   19.6   19.4    61   11.7   0.0   ---   0.00   0.0   ---   19.4   19.2   19.2  1013.0  0.00   0.0   0.000   0.004   17.4    71   12.1   17.3    99    8    100.0    5 
 4/10/26  18:20   19.3   19.4   19.2    63   12.1   0.0   ---   0.00   0.0   ---   19.3   19.1   19.1  1013.1  0.00   0.0   0.000   0.003   17.4    71   12.1   17.3    97    8    100.0    5 
 4/10/26  18:25   19.1   19.2   19.1    64   12.1   0.0   ---   0.00   0.0   ---   19.1   19.0   19.0  1013.1  0.00   0.0   0.000   0.003   17.4    71   12.1   17.3    96    8     99.0    5 
 4/10/26  18:30   18.8   19.1   18.8    66   12.3   0.0   ---   0.00   0.0   ---   18.8   18.8   18.8  1013.1  0.00   0.0   0.000   0.002   17.4    71   12.1   17.3    98    8    100.0    5 
 4/10/26  18:35   18.7   18.9   18.7    67   12.5   0.0   ---   0.00   0.0   ---   18.7   18.7   18.7  1013.1  0.00   0.0   0.000   0.001   17.4    71   12.1   17.3    96    8     99.0    5 
 4/10/26  18:40   18.5   18.7   18.5    68   12.5   0.0   ---   0.00   0.0   ---   18.5   18.4   18.4  1013.1  0.00   0.0   0.000   0.001   17.4    71   12.1   17.3    98    8    100.0    5 
 4/10/26  18:45   18.3   18.5   18.3    67   12.0   0.0   ---   0.00   0.0   ---   18.3   18.2   18.2  1013.3  0.00   0.0   0.000   0.000   17.4    71   12.1   17.3    94    8     96.9    5 
 4/10/26  18:50   18.0   18.3   18.0    68   12.0   0.0   ---   0.00   0.0   ---   18.0   17.9   17.9  1013.3  0.00   0.0   0.001   0.000   17.4    71   12.1   17.3    96    8     99.0    5 
 4/10/26  18:55   17.8   18.0   17.8    69   12.1   0.0   ---   0.00   0.0   ---   17.8   17.7   17.7  1013.3  0.00   0.0   0.002   0.000   17.4    71   12.1   17.3    97    8    100.0    5 
 4/10/26  19:00   17.7   17.8   17.6    70   12.1   0.0   ---   0.00   0.0   ---   17.7   17.6   17.6  1013.4  0.00   0.0   0.002   0.000   17.5    71   12.2   17.4    97    8    100.0    5 
 4/10/26  19:05   17.5   17.6   17.5    70   12.0   0.0   ---   0.00   0.0   ---   17.5   17.4   17.4  1013.5  0.00   0.0   0.003   0.000   17.5    71   12.2   17.4    97    8    100.0    5 
 4/10/26  19:10   17.3   17.5   17.3    71   12.0   0.0   ---   0.00   0.0   ---   17.3   17.2   17.2  1013.5  0.00   0.0   0.004   0.000   17.5    71   12.2   17.4    99    8    100.0    5 
 4/10/26  19:15   17.1   17.3   17.1    71   11.8   0.0   ---   0.00   0.0   ---   17.1   16.9   16.9  1013.5  0.00   0.0   0.004   0.000   17.5    71   12.2   17.4    98    8    100.0    5 
 4/10/26  19:20   16.9   17.1   16.9    72   11.8   0.0   ---   0.00   0.0   ---   16.9   16.7   16.7  1013.6  0.00   0.0   0.005   0.000   17.5    71   12.2   17.4    98    8    100.0    5 
 4/10/26  19:25   16.7   16.9   16.7    73   11.8   0.0   ---   0.00   0.0   ---   16.7   16.5   16.5  1013.6  0.00   0.0   0.006   0.000   17.5    71   12.2   17.4    96    8     99.0    5 
 4/10/26  19:30   16.6   16.7   16.6    73   11.7   0.0   ---   0.00   0.0   ---   16.6   16.4   16.4  1013.8  0.00   0.0   0.006   0.000   17.5    71   12.2   17.4    99    8    100.0    5 
 4/10/26  19:35   16.4   16.6   16.4    74   11.8   0.0   ---   0.00   0.0   ---   16.4   16.3   16.3  1013.9  0.00   0.0   0.007   0.000   17.5    71   12.2   17.4    97    8    100.0    5 
 4/10/26  19:40   16.3   16.4   16.3    75   11.8   0.0   ---   0.00   0.0   ---   16.3   16.1   16.1  1014.0  0.00   0.0   0.007   0.000   17.5    71   12.2   17.4    96    8     99.0    5 
 4/10/26  19:45   16.2   16.3   16.2    75   11.7   0.0   ---   0.00   0.0   ---   16.2   16.0   16.0  1014.1  0.00   0.0   0.008   0.000   17.5    71   12.2   17.4    99    8    100.0    5 
 4/10/26  19:50   16.1   16.2   16.1    76   11.9   0.0   ---   0.00   0.0   ---   16.1   16.0   16.0  1014.1  0.00   0.0   0.008   0.000   17.5    71   12.2   17.4    97    8    100.0    5 
 4/10/26  19:55   15.9   16.1   15.9    76   11.7   0.0   ---   0.00   0.0   ---   15.9   15.8   15.8  1014.1  0.00   0.0   0.008   0.000   17.5    71   12.2   17.4   100    8    100.0    5 
 4/10/26  20:00   15.8   15.9   15.8    77   11.8   0.0   ---   0.00   0.0   ---   15.8   15.7   15.7  1014.2  0.00   0.0   0.009   0.000   17.5    71   12.2   17.4    99    8    100.0    5 
 4/10/26  20:05   15.8   15.9   15.8    77   11.8   0.0   ---   0.00   0.0   ---   15.8   15.7   15.7  1014.1  0.00   0.0   0.009   0.000   17.5    71   12.2   17.4    98    8    100.0    5 
 4/10/26  20:10   15.7   15.8   15.7    77   11.7   0.0   ---   0.00   0.0   ---   15.7   15.6   15.6  1014.2  0.00   0.0   0.009   0.000   17.5    71   12.2   17.4    99    8    100.0    5 
 4/10/26  20:15   15.6   15.7   15.6    78   11.7   0.0   ---   0.00   0.0   ---   15.6   15.4   15.4  1014.3  0.00   0.0   0.010   0.000   17.5    71   12.2   17.4   100    8    100.0    5 
 4/10/26  20:20   15.4   15.6   15.4    78   11.6   0.0   ---   0.00   0.0   ---   15.4   15.3   15.3  1014.3  0.00   0.0   0.010   0.000   17.5    72   12.4   17.4   100    8    100.0    5 
 4/10/26  20:25   15.2   15.4   15.2    79   11.6   0.0   ---   0.00   0.0   ---   15.2   15.1   15.1  1014.4  0.00   0.0   0.011   0.000   17.5    72   12.4   17.4    98    8    100.0    5 
 4/10/26  20:30   15.1   15.2   15.1    80   11.7   0.0   ---   0.00   0.0   ---   15.1   15.0   15.0  1014.4  0.00   0.0   0.011   0.000   17.5    72   12.4   17.4    85    8     87.6    5 
 4/10/26  20:35   14.9   15.1   14.9    81   11.7   0.0   ---   0.00   0.0   ---   14.9   14.8   14.8  1014.3  0.00   0.0   0.012   0.000   17.5    72   12.4   17.4    83    8     85.6    5 
 4/10/26  20:40   14.8   14.9   14.8    81   11.5   0.0   ---   0.00   0.0   ---   14.8   14.7   14.7  1014.4  0.00   0.0   0.012   0.000   17.5    72   12.4   17.4    90    8     92.8    5 
 4/10/26  20:45   14.7   14.8   14.7    82   11.6   0.0   ---   0.00   0.0   ---   14.7   14.6   14.6  1014.3  0.00   0.0   0.013   0.000   17.5    72   12.4   17.4    98    8    100.0    5 
 4/10/26  20:50   14.6   14.7   14.6    82   11.5   0.0   ---   0.00   0.0   ---   14.6   14.4   14.4  1014.4  0.00   0.0   0.013   0.000   17.5    72   12.4   17.4    96    8     99.0    5 
 4/10/26  20:55   14.5   14.6   14.5    83   11.6   0.0   ---   0.00   0.0   ---   14.5   14.4   14.4  1014.4  0.00   0.0   0.013   0.000   17.6    72   12.4   17.5    96    8     99.0    5 
 4/10/26  21:00   14.4   14.5   14.4    82   11.4   0.0   ---   0.00   0.0   ---   14.4   14.3   14.3  1014.4  0.00   0.0   0.014   0.000   17.6    72   12.4   17.5    97    8    100.0    5 
 4/10/26  21:05   14.3   14.4   14.3    83   11.4   0.0   ---   0.00   0.0   ---   14.3   14.2   14.2  1014.6  0.00   0.0   0.014   0.000   17.6    72   12.4   17.5    97    8    100.0    5 
 4/10/26  21:10   14.2   14.3   14.1    83   11.3   0.0   ---   0.00   0.0   ---   14.2   14.1   14.1  1014.6  0.00   0.0   0.014   0.000   17.6    72   12.4   17.5    97    8    100.0    5 
 4/10/26  21:15   14.1   14.1   14.0    84   11.4   0.0   ---   0.00   0.0   ---   14.1   14.0   14.0  1014.6  0.00   0.0   0.015   0.000   17.6    72   12.4   17.5    97    8    100.0    5 
 4/10/26  21:20   14.2   14.2   14.0    85   11.7   0.0   ---   0.00   0.0   ---   14.2   14.1   14.1  1014.6  0.00   0.0   0.014   0.000   17.6    72   12.4   17.5    99    8    100.0    5 
 4/10/26  21:25   14.3   14.3   14.2    84   11.6   0.0   ---   0.00   0.0   ---   14.3   14.2   14.2  1014.7  0.00   0.0   0.014   0.000   17.5    72   12.4   17.4    98    8    100.0    5 
 4/10/26  21:30   14.3   14.3   14.2    84   11.6   0.0   ---   0.00   0.0   ---   14.3   14.2   14.2  1014.7  0.00   0.0   0.014   0.000   17.6    72   12.4   17.5    99    8    100.0    5 
 4/10/26  21:35   14.2   14.3   14.2    84   11.6   0.0   ---   0.00   0.0   ---   14.2   14.2   14.2  1014.8  0.00   0.0   0.014   0.000   17.6    72   12.4   17.5    97    8    100.0    5 
 4/10/26  21:40   14.2   14.3   14.2    84   11.6   0.0   ---   0.00   0.0   ---   14.2   14.2   14.2  1014.8  0.00   0.0   0.014   0.000   17.6    72   12.4   17.5    98    8    100.0    5 
 4/10/26  21:45   14.2   14.2   14.2    84   11.5   0.0   ---   0.00   0.0   ---   14.2   14.1   14.1  1014.8  0.00   0.0   0.014   0.000   17.6    72   12.4   17.5    98    8    100.0    5 
 4/10/26  21:50   14.1   14.2   14.1    84   11.4   0.0   ---   0.00   0.0   ---   14.1   14.1   14.1  1014.8  0.00   0.0   0.015   0.000   17.6    72   12.4   17.5    97    8    100.0    5 
 4/10/26  21:55   14.2   14.2   14.1    84   11.5   0.0   ---   0.00   0.0   ---   14.2   14.1   14.1  1014.9  0.00   0.0   0.014   0.000   17.6    72   12.4   17.5    98    8    100.0    5 
 4/10/26  22:00   14.1   14.2   14.1    84   11.4   0.0   ---   0.00   0.0   ---   14.1   14.1   14.1  1014.9  0.00   0.0   0.015   0.000   17.6    72   12.5   17.6    97    8    100.0    5 
 4/10/26  22:05   14.1   14.2   14.1    84   11.4   0.0   ---   0.00   0.0   ---   14.1   14.1   14.1  1015.1  0.00   0.0   0.015   0.000   17.6    72   12.5   17.6    97    8    100.0    5 
 4/10/26  22:10   14.1   14.1   14.1    84   11.4   0.0   ---   0.00   0.0   ---   14.1   14.0   14.0  1015.1  0.00   0.0   0.015   0.000   17.6    72   12.5   17.6    98    8    100.0    5 
 4/10/26  22:15   13.9   14.1   13.9    84   11.3   0.0   ---   0.00   0.0   ---   13.9   13.9   13.9  1015.1  0.00   0.0   0.015   0.000   17.6    72   12.5   17.6    98    8    100.0    5 
 4/10/26  22:20   13.8   13.9   13.8    83   10.9   0.0   ---   0.00   0.0   ---   13.8   13.7   13.7  1015.3  0.00   0.0   0.016   0.000   17.6    72   12.5   17.6    97    8    100.0    5 
 4/10/26  22:25   13.7   13.8   13.7    84   11.1   0.0   ---   0.00   0.0   ---   13.7   13.7   13.7  1015.3  0.00   0.0   0.016   0.000   17.6    72   12.5   17.6    99    8    100.0    5 
 4/10/26  22:30   13.6   13.7   13.6    84   10.9   0.0   ---   0.00   0.0   ---   13.6   13.5   13.5  1015.2  0.00   0.0   0.017   0.000   17.6    72   12.5   17.6    97    8    100.0    5 
 4/10/26  22:35   13.5   13.6   13.5    85   11.0   0.0   ---   0.00   0.0   ---   13.5   13.4   13.4  1015.3  0.00   0.0   0.017   0.000   17.6    72   12.5   17.6    99    8    100.0    5 
 4/10/26  22:40   13.6   13.6   13.5    85   11.1   0.0   ---   0.00   0.0   ---   13.6   13.5   13.5  1015.3  0.00   0.0   0.017   0.000   17.6    72   12.5   17.6    96    8     99.0    5 
 4/10/26  22:45   13.5   13.6   13.5    85   11.0   0.0   ---   0.00   0.0   ---   13.5   13.4   13.4  1015.2  0.00   0.0   0.017   0.000   17.6    72   12.5   17.6    98    8    100.0    5 
 4/10/26  22:50   13.5   13.5   13.4    86   11.2   0.0   ---   0.00   0.0   ---   13.5   13.4   13.4  1015.2  0.00   0.0   0.017   0.000   17.6    72   12.5   17.6    99    8    100.0    5 
 4/10/26  22:55   13.5   13.6   13.5    86   11.2   0.0   ---   0.00   0.0   ---   13.5   13.4   13.4  1015.2  0.00   0.0   0.017   0.000   17.6    72   12.5   17.6    99    8    100.0    5 
 4/10/26  23:00   13.4   13.5   13.4    86   11.1   0.0   ---   0.00   0.0   ---   13.4   13.4   13.4  1015.2  0.00   0.0   0.017   0.000   17.6    72   12.5   17.6    99    8    100.0    5 
 4/10/26  23:05   13.4   13.4   13.4    86   11.1   0.0   ---   0.00   0.0   ---   13.4   13.3   13.3  1015.3  0.00   0.0   0.017   0.000   17.6    72   12.5   17.6    98    8    100.0    5 
 4/10/26  23:10   13.3   13.4   13.3    86   11.0   0.0   ---   0.00   0.0   ---   13.3   13.2   13.2  1015.3  0.00   0.0   0.018   0.000   17.6    72   12.5   17.6    97    8    100.0    5 
 4/10/26  23:15   13.2   13.3   13.2    86   10.9   0.0   ---   0.00   0.0   ---   13.2   13.2   13.2  1015.3  0.00   0.0   0.018   0.000   17.6    72   12.5   17.6    98    8    100.0    5 
 4/10/26  23:20   13.2   13.2   13.2    87   11.1   0.0   ---   0.00   0.0   ---   13.2   13.2   13.2  1015.4  0.00   0.0   0.018   0.000   17.6    72   12.5   17.6    98    8    100.0    5 
 4/10/26  23:25   13.4   13.4   13.2    87   11.3   0.0   ---   0.00   0.0   ---   13.4   13.4   13.4  1015.4  0.00   0.0   0.017   0.000   17.6    72   12.5   17.6    99    8    100.0    5 
 4/10/26  23:30   13.5   13.5   13.4    87   11.4   0.0   ---   0.00   0.0   ---   13.5   13.5   13.5  1015.5  0.00   0.0   0.017   0.000   17.6    72   12.5   17.6    97    8    100.0    5 
 4/10/26  23:35   13.6   13.6   13.5    87   11.5   0.0   ---   0.00   0.0   ---   13.6   13.6   13.6  1015.5  0.00   0.0   0.016   0.000   17.6    72   12.5   17.6    98    8    100.0    5 
 4/10/26  23:40   13.7   13.7   13.6    86   11.4   0.0   ---   0.00   0.0   ---   13.7   13.7   13.7  1015.5  0.00   0.0   0.016   0.000   17.6    72   12.5   17.6    99    8    100.0    5 
 4/10/26  23:45   13.8   13.8   13.7    86   11.5   0.0   ---   0.00   0.0   ---   13.8   13.8   13.8  1015.6  0.00   0.0   0.016   0.000   17.6    72   12.5   17.6   100    8    100.0    5 
 4/10/26  23:50   13.8   13.8   13.8    86   11.5   0.0   ---   0.00   0.0   ---   13.8   13.7   13.7  1015.6  0.00   0.0   0.016   0.000   17.6    72   12.5   17.6    98    8    100.0    5 
 4/10/26  23:55   13.8   13.8   13.7    86   11.5   0.0   ---   0.00   0.0   ---   13.8   13.7   13.7  1015.6  0.00   0.0   0.016   0.000   17.6    72   12.5   17.6   100    8    100.0    5 
 5/10/26  00:00   13.7   13.7   13.7    85   11.2   0.0   ---   0.00   0.0   ---   13.7   13.6   13.6  1015.6  0.00   0.0   0.016   0.000   17.6    72   12.5   17.6   100    8    100.0    5 
 5/10/26   0:05   13.6   13.7   13.6    85   11.1   0.0   ---   0.00   0.0   ---   13.6   13.5   13.5  1015.6  0.00   0.0   0.017   0.000   17.6    72   12.5   17.6    95    8     97.9    5 
 5/10/26   0:10   13.5   13.6   13.5    86   11.2   0.0   ---   0.00   0.0   ---   13.5   13.4   13.4  1015.6  0.00   0.0   0.017   0.000   17.6    72   12.5   17.6   100    8    100.0    5 
 5/10/26   0:15   13.4   13.5   13.4    86   11.1   0.0   ---   0.00   0.0   ---   13.4   13.4   13.4  1015.6  0.00   0.0   0.017   0.000   17.6    72   12.5   17.6    98    8    100.0    5 
 5/10/26   0:20   13.5   13.5   13.4    87   11.4   0.0   ---   0.00   0.0   ---   13.5   13.5   13.5  1015.6  0.00   0.0   0.017   0.000   17.6    72   12.5   17.6    98    8    100.0    5 
 5/10/26   0:25   13.5   13.5   13.4    86   11.2   0.0   ---   0.00   0.0   ---   13.5   13.4   13.4  1015.7  0.00   0.0   0.017   0.000   17.6    72   12.5   17.6    99    8    100.0    5 
 5/10/26   0:30   13.5   13.5   13.4    86   11.2   0.0   ---   0.00   0.0   ---   13.5   13.4   13.4  1015.6  0.00   0.0   0.017   0.000   17.6    72   12.5   17.6   100    8    100.0    5 
 5/10/26   0:35   13.4   13.5   13.4    86   11.1   0.0   ---   0.00   0.0   ---   13.4   13.3   13.3  1015.5  0.00   0.0   0.017   0.000   17.6    72   12.5   17.6    96    8     99.0    5 
 5/10/26   0:40   13.4   13.4   13.3    86   11.1   0.0   ---   0.00   0.0   ---   13.4   13.3   13.3  1015.5  0.00   0.0   0.017   0.000   17.6    72   12.5   17.6   100    8    100.0    5 
 5/10/26   0:45   13.3   13.3   13.3    86   11.0   0.0   ---   0.00   0.0   ---   13.3   13.3   13.3  1015.4  0.00   0.0   0.017   0.000   17.6    72   12.5   17.6    99    8    100.0    5 
 5/10/26   0:50   13.3   13.3   13.3    87   11.2   0.0   ---   0.00   0.0   ---   13.3   13.3   13.3  1015.4  0.20   0.0   0.017   0.000   17.7    72   12.6   17.6    99    8    100.0    5 
 5/10/26   0:55   13.3   13.3   13.3    87   11.2   0.0   ---   0.00   0.0   ---   13.3   13.3   13.3  1015.4  0.00   0.0   0.018   0.000   17.6    72   12.5   17.6   100    8    100.0    5 
 5/10/26   1:00   13.3   13.3   13.3    87   11.2   0.0   ---   0.00   0.0   ---   13.3   13.3   13.3  1015.5  0.00   0.0   0.018   0.000   17.7    72   12.6   17.6    98    8    100.0    5 
 5/10/26   1:05   13.2   13.3   13.2    86   10.9   0.0   ---   0.00   0.0   ---   13.2   13.2   13.2  1015.4  0.00   0.0   0.018   0.000   17.7    72   12.6   17.6    84    8     86.6    5 
 5/10/26   1:10   13.2   13.3   13.2    86   10.9   0.0   ---   0.00   0.0   ---   13.2   13.2   13.2  1015.3  0.00   0.0   0.018   0.000   17.7    72   12.6   17.6    85    8     87.6    5 
 5/10/26   1:15   13.1   13.2   13.1    86   10.8   0.0   ---   0.00   0.0   ---   13.1   13.1   13.1  1015.3  0.00   0.0   0.018   0.000   17.7    72   12.6   17.6    90    8     92.8    5 
 5/10/26   1:20   13.1   13.1   13.1    87   10.9   0.0   ---   0.00   0.0   ---   13.1   13.1   13.1  1015.3  0.00   0.0   0.018   0.000   17.7    72   12.6   17.6    97    8    100.0    5 
 5/10/26   1:25   13.1   13.1   13.0    87   10.9   0.0   ---   0.00   0.0   ---   13.1   13.1   13.1  1015.3  0.00   0.0   0.018   0.000   17.7    72   12.6   17.6    98    8    100.0    5 
 5/10/26   1:30   13.0   13.1   12.9    87   10.9   0.0   ---   0.00   0.0   ---   13.0   13.0   13.0  1015.3  0.00   0.0   0.019   0.000   17.7    72   12.6   17.6    98    8    100.0    5 
 5/10/26   1:35   12.9   13.0   12.9    87   10.8   0.0   ---   0.00   0.0   ---   12.9   12.9   12.9  1015.2  0.00   0.0   0.019   0.000   17.7    72   12.6   17.6    99    8    100.0    5 
 5/10/26   1:40   12.9   13.0   12.9    87   10.8   0.0   ---   0.00   0.0   ---   12.9   12.9   12.9  1015.1  0.00   0.0   0.019   0.000   17.7    72   12.6   17.6   100    8    100.0    5 
 5/10/26   1:45   12.9   12.9   12.9    87   10.8   0.0   ---   0.00   0.0   ---   12.9   12.9   12.9  1015.0  0.00   0.0   0.019   0.000   17.7    72   12.6   17.6    99    8    100.0    5 
 5/10/26   1:50   12.8   12.9   12.8    86   10.5   0.0   ---   0.00   0.0   ---   12.8   12.8   12.8  1014.9  0.00   0.0   0.019   0.000   17.7    72   12.6   17.6    99    8    100.0    5 
 5/10/26   1:55   12.7   12.8   12.7    86   10.4   0.0   ---   0.00   0.0   ---   12.7   12.7   12.7  1014.8  0.00   0.0   0.019   0.000   17.7    72   12.6   17.6    99    8    100.0    5 
 5/10/26   2:00   12.7   12.8   12.7    87   10.6   0.0   ---   0.00   0.0   ---   12.7   12.7   12.7  1014.7  0.00   0.0   0.019   0.000   17.7    72   12.6   17.6    99    8    100.0    5 
 5/10/26   2:05   12.7   12.7   12.7    87   10.6   0.0   ---   0.00   0.0   ---   12.7   12.7   12.7  1014.7  0.00   0.0   0.019   0.000   17.7    72   12.6   17.6    99    8    100.0    5 
 5/10/26   2:10   12.7   12.7   12.6    87   10.6   0.0   ---   0.00   0.0   ---   12.7   12.7   12.7  1014.6  0.00   0.0   0.020   0.000   17.7    72   12.6   17.6    99    8    100.0    5 
 5/10/26   2:15   12.6   12.7   12.6    87   10.5   0.0   ---   0.00   0.0   ---   12.6   12.6   12.6  1014.5  0.00   0.0   0.020   0.000   17.7    72   12.6   17.6    99    8    100.0    5 
 5/10/26   2:20   12.6   12.6   12.6    87   10.4   0.0   ---   0.00   0.0   ---   12.6   12.6   12.6  1014.3  0.00   0.0   0.020   0.000   17.7    72   12.6   17.6    99    8    100.0    5 
 5/10/26   2:25   12.5   12.6   12.5    87   10.4   0.0   ---   0.00   0.0   ---   12.5   12.5   12.5  1014.2  0.00   0.0   0.020   0.000   17.7    72   12.6   17.6    99    8    100.0    5 
 5/10/26   2:30   12.5   12.6   12.5    87   10.4   0.0   ---   0.00   0.0   ---   12.5   12.5   12.5  1014.1  0.00   0.0   0.020   0.000   17.7    72   12.6   17.6    99    8    100.0    5 
 5/10/26   2:35   12.4   12.5   12.4    87   10.3   0.0   ---   0.00   0.0   ---   12.4   12.4   12.4  1014.1  0.00   0.0   0.021   0.000   17.7    72   12.6   17.6    98    8    100.0    5 
 5/10/26   2:40   12.3   12.4   12.3    87   10.2   0.0   ---   0.00   0.0   ---   12.3   12.3   12.3  1014.0  0.00   0.0   0.021   0.000   17.7    72   12.6   17.6    95    8     97.9    5 
 5/10/26   2:45   12.3   12.3   12.2    87   10.2   0.0   ---   0.00   0.0   ---   12.3   12.3   12.3  1013.8  0.00   0.0   0.021   0.000   17.7    72   12.6   17.6    96    8     99.0    5 
 5/10/26   2:50   12.2   12.3   12.2    87   10.1   0.0   ---   0.00   0.0   ---   12.2   12.2   12.2  1013.7  0.00   0.0   0.021   0.000   17.7    72   12.6   17.6    97    8    100.0    5 
 5/10/26   2:55   12.1   12.2   12.1    88   10.2   0.0   ---   0.00   0.0   ---   12.1   12.1   12.1  1013.7  0.00   0.0   0.022   0.000   17.7    72   12.6   17.6    98    8    100.0    5 
 5/10/26   3:00   12.1   12.2   12.1    88   10.1   0.0   ---   0.00   0.0   ---   12.1   12.1   12.1  1013.7  0.00   0.0   0.022   0.000   17.7    72   12.6   17.6    96    8     99.0    5 
 5/10/26   3:05   12.1   12.1   12.0    88   10.1   0.0   ---   0.00   0.0   ---   12.1   12.1   12.1  1013.7  0.00   0.0   0.022   0.000   17.7    72   12.6   17.6    99    8    100.0    5 
 5/10/26   3:10   12.1   12.1   12.0    88   10.1   0.0   ---   0.00   0.0   ---   12.1   12.1   12.1  1013.6  0.00   0.0   0.022   0.000   17.7    72   12.6   17.6    99    8    100.0    5 
 5/10/26   3:15   12.0   12.1   12.0    88   10.1   0.0   ---   0.00   0.0   ---   12.0   12.0   12.0  1013.6  0.00   0.0   0.022   0.000   17.7    72   12.6   17.6    99    8    100.0    5 
 5/10/26   3:20   12.0   12.1   12.0    88   10.1   0.0   ---   0.00   0.0   ---   12.0   12.0   12.0  1013.5  0.00   0.0   0.022   0.000   17.7    72   12.6   17.6    98    8    100.0    5 
 5/10/26   3:25   11.9   12.0   11.9    88   10.0   0.0   ---   0.00   0.0   ---   11.9   11.9   11.9  1013.6  0.00   0.0   0.022   0.000   17.7    72   12.6   17.6    98    8    100.0    5 
 5/10/26   3:30   11.9   11.9   11.9    88   10.0   0.0   ---   0.00   0.0   ---   11.9   11.9   11.9  1013.6  0.00   0.0   0.022   0.000   17.7    72   12.6   17.6    98    8    100.0    5 
 5/10/26   3:35   11.8   11.9   11.8    88    9.9   0.0   ---   0.00   0.0   ---   11.8   11.8   11.8  1013.6  0.00   0.0   0.023   0.000   17.7    72   12.6   17.6    97    8    100.0    5 
 5/10/26   3:40   11.7   11.8   11.7    88    9.8   0.0   ---   0.00   0.0   ---   11.7   11.7   11.7  1013.6  0.00   0.0   0.023   0.000   17.7    72   12.6   17.6    97    8    100.0    5 
 5/10/26   3:45   11.7   11.8   11.7    88    9.8   0.0   ---   0.00   0.0   ---   11.7   11.7   11.7  1013.7  0.00   0.0   0.023   0.000   17.7    72   12.6   17.6   100    8    100.0    5 
 5/10/26   3:50   11.6   11.7   11.6    88    9.7   0.0   ---   0.00   0.0   ---   11.6   11.6   11.6  1013.7  0.00   0.0   0.023   0.000   17.7    72   12.6   17.6    98    8    100.0    5 
 5/10/26   3:55   11.6   11.7   11.6    89    9.9   0.0   ---   0.00   0.0   ---   11.6   11.7   11.7  1013.7  0.00   0.0   0.023   0.000   17.7    72   12.6   17.6    97    8    100.0    5 
 5/10/26   4:00   11.6   11.6   11.6    89    9.9   0.0   ---   0.00   0.0   ---   11.6   11.7   11.7  1013.7  0.00   0.0   0.023   0.000   17.7    72   12.6   17.6    98    8    100.0    5 
 5/10/26   4:05   11.6   11.7   11.6    89    9.9   0.0   ---   0.00   0.0   ---   11.6   11.7   11.7  1013.7  0.00   0.0   0.023   0.000   17.7    72   12.6   17.6    98    8    100.0    5 
 5/10/26   4:10   11.7   11.7   11.7    90   10.1   0.0   ---   0.00   0.0   ---   11.7   11.8   11.8  1013.6  0.00   0.0   0.023   0.000   17.7    72   12.6   17.6    97    8    100.0    5 
 5/10/26   4:15   11.8   11.8   11.7    89   10.0   0.0   ---   0.00   0.0   ---   11.8   11.8   11.8  1013.6  0.00   0.0   0.023   0.000   17.7    72   12.6   17.6    97    8    100.0    5 
 5/10/26   4:20   11.8   11.8   11.8    89   10.0   0.0   ---   0.00   0.0   ---   11.8   11.8   11.8  1013.7  0.00   0.0   0.023   0.000   17.6    72   12.5   17.6    97    8    100.0    5 
 5/10/26   4:25   11.8   11.8   11.8    89   10.0   0.0   ---   0.00   0.0   ---   11.8   11.8   11.8  1013.8  0.00   0.0   0.023   0.000   17.7    72   12.6   17.6    99    8    100.0    5 
 5/10/26   4:30   11.7   11.8   11.7    89   10.0   0.0   ---   0.00   0.0   ---   11.7   11.8   11.8  1013.8  0.00   0.0   0.023   0.000   17.7    72   12.6   17.6    97    8    100.0    5 
 5/10/26   4:35   11.7   11.8   11.7    89   10.0   0.0   ---   0.00   0.0   ---   11.7   11.8   11.8  1013.9  0.00   0.0   0.023   0.000   17.7    72   12.6   17.6    98    8    100.0    5 
 5/10/26   4:40   11.7   11.8   11.7    89   10.0   0.0   ---   0.00   0.0   ---   11.7   11.8   11.8  1014.0  0.00   0.0   0.023   0.000   17.7    72   12.6   17.6   100    8    100.0    5 
 5/10/26   4:45   11.8   11.8   11.7    89   10.0   0.0   ---   0.00   0.0   ---   11.8   11.8   11.8  1013.9  0.00   0.0   0.023   0.000   17.7    72   12.6   17.6    99    8    100.0    5 
 5/10/26   4:50   11.8   11.8   11.7    89   10.0   0.0   ---   0.00   0.0   ---   11.8   11.8   11.8  1014.0  0.00   0.0   0.023   0.000   17.7    72   12.6   17.6    98    8    100.0    5 
 5/10/26   4:55   11.7   11.8   11.7    89   10.0   0.0   ---   0.00   0.0   ---   11.7   11.8   11.8  1014.0  0.00   0.0   0.023   0.000   17.7    72   12.6   17.6    99    8    100.0    5 
 5/10/26   5:00   11.7   11.7   11.7    89    9.9   0.0   ---   0.00   0.0   ---   11.7   11.7   11.7  1014.0  0.00   0.0   0.023   0.000   17.7    72   12.6   17.6    98    8    100.0    5 
 5/10/26   5:05   11.7   11.7   11.6    89    9.9   0.0   ---   0.00   0.0   ---   11.7   11.7   11.7  1014.1  0.00   0.0   0.023   0.000   17.7    72   12.6   17.6    98    8    100.0    5 
 5/10/26   5:10   11.7   11.8   11.7    90   10.1   0.0   ---   0.00   0.0   ---   11.7   11.8   11.8  1014.2  0.00   0.0   0.023   0.000   17.6    72   12.5   17.6    98    8    100.0    5 
 5/10/26   5:15   11.8   11.8   11.7    90   10.2   0.0   ---   0.00   0.0   ---   11.8   11.9   11.9  1014.4  0.00   0.0   0.023   0.000   17.7    72   12.6   17.6   100    8    100.0    5 
 5/10/26   5:20   11.8   11.8   11.8    89   10.1   0.0   ---   0.00   0.0   ---   11.8   11.9   11.9  1014.5  0.00   0.0   0.023   0.000   17.7    72   12.6   17.6    99    8    100.0    5 
 5/10/26   5:25   11.8   11.8   11.8    89   10.1   0.0   ---   0.00   0.0   ---   11.8   11.9   11.9  1014.6  0.00   0.0   0.023   0.000   17.7    72   12.6   17.6   100    8    100.0    5 
 5/10/26   5:30   11.8   11.8   11.8    89   10.0   0.0   ---   0.00   0.0   ---   11.8   11.8   11.8  1014.7  0.00   0.0   0.023   0.000   17.7    72   12.6   17.6    98    8    100.0    5 
 5/10/26   5:35   11.8   11.8   11.7    89   10.0   0.0   ---   0.00   0.0   ---   11.8   11.8   11.8  1014.8  0.00   0.0   0.023   0.000   17.7    72   12.6   17.6    98    8    100.0    5 
 5/10/26   5:40   11.8   11.8   11.8    89   10.1   0.0   ---   0.00   0.0   ---   11.8   11.9   11.9  1014.8  0.00   0.0   0.023   0.000   17.7    72   12.6   17.6    99    8    100.0    5 
 5/10/26   5:45   11.8   11.8   11.8    89   10.1   0.0   ---   0.00   0.0   ---   11.8   11.9   11.9  1014.8  0.00   0.0   0.023   0.000   17.7    72   12.6   17.6   100    8    100.0    5 
 5/10/26   5:50   11.8   11.8   11.8    89   10.1   0.0   ---   0.00   0.0   ---   11.8   11.9   11.9  1014.9  0.00   0.0   0.023   0.000   17.7    72   12.6   17.6    97    8    100.0    5 
 5/10/26   5:55   11.8   11.8   11.8    90   10.2   0.0   ---   0.00   0.0   ---   11.8   11.9   11.9  1014.9  0.00   0.0   0.023   0.000   17.7    72   12.6   17.6    99    8    100.0    5 
 5/10/26   6:00   11.9   11.9   11.8    90   10.3   0.0   ---   0.00   0.0   ---   11.9   11.9   11.9  1015.3  0.00   0.0   0.022   0.000   17.7    72   12.6   17.6    86    8     88.7    5 
 5/10/26   6:05   11.9   11.9   11.9    89   10.1   0.0   ---   0.00   0.0   ---   11.9   11.9   11.9  1015.6  0.00   0.0   0.022   0.000   17.7    72   12.6   17.6    84    8     86.6    5 
 5/10/26   6:10   11.9   11.9   11.9    89   10.1   0.0   ---   0.00   0.0   ---   11.9   11.9   11.9  1015.8  0.00   0.0   0.022   0.000   17.7    72   12.6   17.6    84    8     86.6    5 
 5/10/26   6:15   11.9   11.9   11.8    90   10.3   0.0   ---   0.00   0.0   ---   11.9   11.9   11.9  1015.9  0.00   0.0   0.022   0.000   17.7    72   12.6   17.6    96    8     99.0    5 
 5/10/26   6:20   11.9   11.9   11.8    89   10.1   0.0   ---   0.00   0.0   ---   11.9   11.9   11.9  1016.0  0.00   0.0   0.022   0.000   17.6    72   12.5   17.6    97    8    100.0    5 
 5/10/26   6:25   11.8   11.9   11.8    89   10.1   0.0   ---   0.00   0.0   ---   11.8   11.9   11.9  1016.1  0.00   0.0   0.023   0.000   17.6    72   12.5   17.6   100    8    100.0    5 
 5/10/26   6:30   11.8   11.9   11.8    90   10.2   0.0   ---   0.00   0.0   ---   11.8   11.9   11.9  1016.1  0.00   0.0   0.023   0.000   17.7    72   12.6   17.6    97    8    100.0    5 
 5/10/26   6:35   11.9   11.9   11.8    90   10.3   0.0   ---   0.00   0.0   ---   11.9   11.9   11.9  1016.1  0.00   0.0   0.022   0.000   17.6    72   12.5   17.6    98    8    100.0    5 
 5/10/26   6:40   11.9   11.9   11.8    90   10.3   0.0   ---   0.00   0.0   ---   11.9   11.9   11.9  1016.2  0.00   0.0   0.022   0.000   17.7    72   12.6   17.6    97    8    100.0    5 
 5/10/26   6:45   11.9   11.9   11.9    90   10.3   0.0   ---   0.00   0.0   ---   11.9   11.9   11.9  1016.4  0.00   0.0   0.022   0.000   17.7    72   12.6   17.6    98    8    100.0    5 
 5/10/26   6:50   12.1   12.1   11.9    90   10.5   0.0   ---   0.00   0.0   ---   12.1   12.1   12.1  1016.5  0.00   0.0   0.022   0.000   17.6    72   12.5   17.6    97    8    100.0    5 
 5/10/26   6:55   12.2   12.2   12.0    90   10.6   0.0   ---   0.00   0.0   ---   12.2   12.2   12.2  1016.7  0.00   0.0   0.021   0.000   17.6    72   12.5   17.6    99    8    100.0    5 
 5/10/26   7:00   12.2   12.2   12.2    91   10.8   0.0   ---   0.00   0.0   ---   12.2   12.3   12.3  1016.7  0.00   0.0   0.021   0.000   17.6    72   12.5   17.6    97    8    100.0    5 
 5/10/26   7:05   12.3   12.3   12.2    91   10.9   0.0   ---   0.00   0.0   ---   12.3   12.4   12.4  1016.9  0.00   0.0   0.021   0.000   17.6    72   12.5   17.6    97    8    100.0    5 
 5/10/26   7:10   12.4   12.4   12.3    90   10.8   0.0   ---   0.00   0.0   ---   12.4   12.4   12.4  1017.1  0.00   0.0   0.021   0.000   17.6    72   12.5   17.6    99    8    100.0    5 
 5/10/26   7:15   12.5   12.5   12.4    91   11.1   0.0   ---   0.00   0.0   ---   12.5   12.6   12.6  1017.2  0.00   0.0   0.020   0.000   17.6    72   12.5   17.6    97    8    100.0    5 
 5/10/26   7:20   12.6   12.6   12.5    91   11.1   0.0   ---   0.00   0.0   ---   12.6   12.6   12.6  1017.3  0.00   0.0   0.020   0.000   17.6    72   12.5   17.6    98    8    100.0    5 
 5/10/26   7:25   12.7   12.7   12.6    91   11.2   0.0   ---   0.00   0.0   ---   12.7   12.7   12.7  1017.3  0.00   0.0   0.020   0.000   17.6    72   12.5   17.6    97    8    100.0    5 
 5/10/26   7:30   12.8   12.8   12.7    90   11.2   0.0   ---   0.00   0.0   ---   12.8   12.8   12.8  1017.4  0.00   0.0   0.019   0.000   17.6    72   12.5   17.6    98    8    100.0    5 
 5/10/26   7:35   12.9   12.9   12.8    90   11.3   0.0   ---   0.00   0.0   ---   12.9   12.9   12.9  1017.3  0.00   0.0   0.019   0.000   17.6    72   12.5   17.6    95    8     97.9    5 
 5/10/26   7:40   13.0   13.0   12.9    90   11.4   0.0   ---   0.00   0.0   ---   13.0   13.1   13.1  1017.4  0.00   0.0   0.019   0.000   17.6    72   12.5   17.6    98    8    100.0    5 
 5/10/26   7:45   13.1   13.1   13.0    90   11.5   0.0   ---   0.00   0.0   ---   13.1   13.1   13.1  1017.4  0.00   0.0   0.018   0.000   17.7    72   12.6   17.6    97    8    100.0    5 
 5/10/26   7:50   13.2   13.2   13.1    90   11.6   0.0   ---   0.00   0.0   ---   13.2   13.3   13.3  1017.5  0.00   0.0   0.018   0.000   17.7    72   12.6   17.6    97    8    100.0    5 
 5/10/26   7:55   13.4   13.4   13.2    90   11.8   0.0   ---   0.00   0.0   ---   13.4   13.4   13.4  1017.7  0.00   0.0   0.017   0.000   17.7    72   12.6   17.6    99    8    100.0    5 
 5/10/26   8:00   13.6   13.6   13.4    90   11.9   0.0   ---   0.00   0.0   ---   13.6   13.6   13.6  1017.7  0.00   0.0   0.017   0.000   17.6    72   12.5   17.6    95    8     97.9    5 
 5/10/26   8:05   13.7   13.7   13.6    90   12.1   0.0   ---   0.00   0.0   ---   13.7   13.7   13.7  1017.8  0.00   0.0   0.016   0.000   17.7    72   12.6   17.6    98    8    100.0    5 
 5/10/26   8:10   13.8   13.8   13.7    90   12.2   0.0   ---   0.00   0.0   ---   13.8   13.9   13.9  1017.8  0.00   0.0   0.016   0.000   17.7    72   12.6   17.6    97    8    100.0    5 
 5/10/26   8:15   14.1   14.1   13.8    90   12.4   0.0   ---   0.00   0.0   ---   14.1   14.1   14.1  1017.9  0.00   0.0   0.015   0.000   17.7    72   12.6   17.6    99    8    100.0    5 
 5/10/26   8:20   14.2   14.2   14.1    89   12.4   0.0   ---   0.00   0.0   ---   14.2   14.3   14.3  1018.0  0.00   0.0   0.014   0.000   17.7    72   12.6   17.6    98    8    100.0    5 
 5/10/26   8:25   14.5   14.5   14.3    88   12.5   0.0   ---   0.00   0.0   ---   14.5   14.5   14.5  1018.0  0.00   0.0   0.013   0.000   17.7    72   12.6   17.6    94    8     96.9    5 
 5/10/26   8:30   14.7   14.7   14.5    87   12.6   0.0   ---   0.00   0.0   ---   14.7   14.7   14.7  1018.1  0.00   0.0   0.013   0.000   17.7    72   12.6   17.6    97    8    100.0    5 
 5/10/26   8:35   14.9   14.9   14.7    86   12.6   0.0   ---   0.00   0.0   ---   14.9   14.9   14.9  1018.2  0.00   0.0   0.012   0.000   17.7    72   12.6   17.6    98    8    100.0    5 
 5/10/26   8:40   15.2   15.2   14.9    84   12.5   0.0   ---   0.00   0.0   ---   15.2   15.2   15.2  1018.3  0.00   0.0   0.011   0.000   17.7    72   12.6   17.6    98    8    100.0    5 
 5/10/26   8:45   15.4   15.4   15.2    84   12.8   0.0   ---   0.00   0.0   ---   15.4   15.4   15.4  1018.2  0.00   0.0   0.010   0.000   17.7    72   12.6   17.6    98    8    100.0    5 
 5/10/26   8:50   15.6   15.6   15.4    82   12.5   0.0   ---   0.00   0.0   ---   15.6   15.6   15.6  1018.2  0.00   0.0   0.009   0.000   17.7    72   12.6   17.6    94    8     96.9    5 
 5/10/26   8:55   15.8   15.8   15.7    82   12.8   0.0   ---   0.00   0.0   ---   15.8   15.8   15.8  1018.2  0.00   0.0   0.009   0.000   17.6    72   12.5   17.6    98    8    100.0    5 
 5/10/26   9:00   15.9   16.0   15.9    79   12.3   0.0   ---   0.00   0.0   ---   15.9   15.9   15.9  1018.2  0.00   0.0   0.008   0.000   17.6    73   12.7   17.6    96    8     99.0    5 
 5/10/26   9:05   16.1   16.1   15.9    79   12.5   0.0   ---   0.00   0.0   ---   16.1   16.1   16.1  1018.2  0.00   0.0   0.008   0.000   17.6    72   12.5   17.6    98    8    100.0    5 
 5/10/26   9:10   16.4   16.4   16.1    79   12.7   0.0   ---   0.00   0.0   ---   16.4   16.4   16.4  1018.3  0.00   0.0   0.007   0.000   17.6    72   12.5   17.6    96    8     99.0    5 
 5/10/26   9:15   16.7   16.7   16.4    78   12.8   0.0   ---   0.00   0.0   ---   16.7   16.7   16.7  1018.4  0.00   0.0   0.006   0.000   17.6    72   12.5   17.6    94    8     96.9    5 
 5/10/26   9:20   16.8   16.8   16.6    77   12.8   0.0   ---   0.00   0.0   ---   16.8   16.8   16.8  1018.5  0.00   0.0   0.005   0.000   17.6    72   12.5   17.6    97    8    100.0    5 
 5/10/26   9:25   17.1   17.1   16.8    79   13.4   0.0   ---   0.00   0.0   ---   17.1   17.2   17.2  1018.4  0.00   0.0   0.004   0.000   17.6    73   12.7   17.6    96    8     99.0    5 
 5/10/26   9:30   17.3   17.3   17.1    77   13.3   0.0   ---   0.00   0.0   ---   17.3   17.4   17.4  1018.5  0.00   0.0   0.003   0.000   17.6    73   12.7   17.6    99    8    100.0    5 
 5/10/26   9:35   17.4   17.4   17.3    75   13.0   0.0   ---   0.00   0.0   ---   17.4   17.4   17.4  1018.5  0.00   0.0   0.003   0.000   17.6    73   12.7   17.6    96    8     99.0    5 
 5/10/26   9:40   17.7   17.7   17.4    71   12.3   0.0   ---   0.00   0.0   ---   17.7   17.6   17.6  1018.6  0.00   0.0   0.002   0.000   17.6    73   12.7   17.5    93    8     95.9    5 
 5/10/26   9:45   17.9   17.9   17.7    74   13.2   0.0   ---   0.00   0.0   ---   17.9   17.9   17.9  1018.6  0.00   0.0   0.002   0.000   17.6    73   12.7   17.6    98    8    100.0    5 
 5/10/26   9:50   18.1   18.1   17.9    73   13.2   0.0   ---   0.00   0.0   ---   18.1   18.2   18.2  1018.7  0.00   0.0   0.001   0.000   17.6    73   12.7   17.5    98    8    100.0    5 
 5/10/26   9:55   18.4   18.4   18.2    73   13.5   0.0   ---   0.00   0.0   ---   18.4   18.6   18.6  1018.7  0.00   0.0   0.000   0.000   17.6    73   12.7   17.6    96    8     99.0    5 
 5/10/26  10:00   18.5   18.5   18.4    69   12.7   0.0   ---   0.00   0.0   ---   18.5   18.5   18.5  1018.7  0.00   0.0   0.000   0.001   17.6    73   12.7   17.6    95    8     97.9    5 
 5/10/26  10:05   18.5   18.5   18.4    70   12.9   0.0   ---   0.00   0.0   ---   18.5   18.6   18.6  1018.6  0.00   0.0   0.000   0.001   17.6    73   12.7   17.6    97    8    100.0    5 
 5/10/26  10:10   18.7   18.7   18.5    67   12.4   0.0   ---   0.00   0.0   ---   18.7   18.6   18.6  1018.5  0.00   0.0   0.000   0.001   17.6    73   12.7   17.6    96    8     99.0    5 
 5/10/26  10:15   18.7   18.7   18.7    69   12.9   0.0   ---   0.00   0.0   ---   18.7   18.7   18.7  1018.5  0.00   0.0   0.000   0.001   17.6    73   12.7   17.6    84    8     86.6    5 
 5/10/26  10:20   18.5   18.7   18.5    68   12.5   0.0   ---   0.00   0.0   ---   18.5   18.4   18.4  1018.5  0.00   0.0   0.000   0.001   17.6    73   12.7   17.6    81    8     83.5    5 
 5/10/26  10:25   18.5   18.6   18.5    67   12.3   0.0   ---   0.00   0.0   ---   18.5   18.4   18.4  1018.5  0.00   0.0   0.000   0.001   17.6    73   12.7   17.6    89    8     91.8    5 
 5/10/26  10:30   18.6   18.6   18.5    66   12.1   0.0   ---   0.00   0.0   ---   18.6   18.4   18.4  1018.5  0.00   0.0   0.000   0.001   17.6    73   12.7   17.6    96    8     99.0    5 
 5/10/26  10:35   18.8   18.8   18.6    70   13.2   0.0   ---   0.00   0.0   ---   18.8   18.9   18.9  1018.6  0.00   0.0   0.000   0.002   17.6    73   12.7   17.6    98    8    100.0    5 
 5/10/26  10:40   19.2   19.2   18.9    68   13.2   0.0   ---   0.00   0.0   ---   19.2   19.3   19.3  1018.6  0.00   0.0   0.000   0.003   17.6    73   12.7   17.6    96    8     99.0    5 
 5/10/26  10:45   19.6   19.6   19.3    67   13.3   0.0   ---   0.00   0.0   ---   19.6   19.7   19.7  1018.6  0.00   0.0   0.000   0.004   17.6    73   12.7   17.6    96    8     99.0    5 
 5/10/26  10:50   19.9   19.9   19.6    65   13.1   0.0   ---   0.00   0.0   ---   19.9   20.0   20.0  1018.6  0.00   0.0   0.000   0.005   17.6    73   12.7   17.6    96    8     99.0    5 
 5/10/26  10:55   20.1   20.1   19.9    64   13.0   0.0   ---   0.00   0.0   ---   20.1   20.1   20.1  1018.6  0.00   0.0   0.000   0.006   17.6    73   12.7   17.6    98    8    100.0    5 
 5/10/26  11:00   20.3   20.3   20.1    64   13.2   0.0   ---   0.00   0.0   ---   20.3   20.2   20.2  1018.6  0.00   0.0   0.000   0.007   17.6    73   12.7   17.6    98    8    100.0    5 
 5/10/26  11:05   20.5   20.5   20.3    61   12.7   0.0   ---   0.00   0.0   ---   20.5   20.2   20.2  1018.5  0.00   0.0   0.000   0.008   17.6    73   12.7   17.6    97    8    100.0    5 
 5/10/26  11:10   20.8   20.8   20.5    63   13.5   0.0   ---   0.00   0.0   ---   20.8   20.6   20.6  1018.4  0.00   0.0   0.000   0.008   17.6    73   12.7   17.6    97    8    100.0    5 
 5/10/26  11:15   20.9   20.9   20.7    61   13.1   0.0   ---   0.00   0.0   ---   20.9   20.6   20.6  1018.4  0.00   0.0   0.000   0.009   17.6    73   12.7   17.6    96    8     99.0    5 
 5/10/26  11:20   20.9   20.9   20.9    60   12.8   0.0   ---   0.00   0.0   ---   20.9   20.5   20.5  1018.5  0.00   0.0   0.000   0.009   17.6    73   12.7   17.6    97    8    100.0    5 
 5/10/26  11:25   20.4   20.8   20.4    60   12.4   0.0   ---   0.00   0.0   ---   20.4   20.2   20.2  1018.4  0.00   0.0   0.000   0.007   17.6    73   12.7   17.6    96    8     99.0    5 
 5/10/26  11:30   20.3   20.4   20.2    62   12.8   0.0   ---   0.00   0.0   ---   20.3   20.2   20.2  1018.5  0.00   0.0   0.000   0.007   17.6    73   12.7   17.6    98    8    100.0    5 
 5/10/26  11:35   20.3   20.4   20.3    61   12.6   0.0   ---   0.00   0.0   ---   20.3   20.1   20.1  1018.4  0.00   0.0   0.000   0.007   17.7    73   12.8   17.6    96    8     99.0    5 
 5/10/26  11:40   20.3   20.4   20.3    62   12.8   0.0   ---   0.00   0.0   ---   20.3   20.2   20.2  1018.4  0.00   0.0   0.000   0.007   17.7    73   12.8   17.6    95    8     97.9    5 
 5/10/26  11:45   20.3   20.4   20.3    64   13.3   0.0   ---   0.00   0.0   ---   20.3   20.3   20.3  1018.4  0.00   0.0   0.000   0.007   17.6    73   12.7   17.6    96    8     99.0    5 
 5/10/26  11:50   20.4   20.4   20.3    65   13.6   0.0   ---   0.00   0.0   ---   20.4   20.4   20.4  1018.3  0.00   0.0   0.000   0.007   17.6    73   12.7   17.6    97    8    100.0    5 
 5/10/26  11:55   20.5   20.6   20.4    65   13.7   0.0   ---   0.00   0.0   ---   20.5   20.4   20.4  1018.3  0.00   0.0   0.000   0.008   17.6    73   12.7   17.6    97    8    100.0    5 
 5/10/26  12:00   20.4   20.5   20.3    66   13.8   0.0   ---   0.00   0.0   ---   20.4   20.4   20.4  1018.2  0.00   0.0   0.000   0.007   17.6    73   12.7   17.6    96    8     99.0    5 
 5/10/26  12:05   20.4   20.4   20.3    63   13.1   0.0   ---   0.00   0.0   ---   20.4   20.3   20.3  1018.3  0.00   0.0   0.000   0.007   17.6    73   12.7   17.6    98    8    100.0    5 
 5/10/26  12:10   20.4   20.4   20.3    63   13.2   0.0   ---   0.00   0.0   ---   20.4   20.3   20.3  1018.2  0.00   0.0   0.000   0.007   17.6    73   12.7   17.6    99    8    100.0    5 
 5/10/26  12:15   20.6   20.6   20.4    64   13.6   0.0   ---   0.00   0.0   ---   20.6   20.5   20.5  1018.2  0.00   0.0   0.000   0.008   17.6    73   12.7   17.6    98    8    100.0    5 
 5/10/26  12:20   20.6   20.7   20.5    62   13.0   0.0   ---   0.00   0.0   ---   20.6   20.3   20.3  1018.1  0.00   0.0   0.000   0.008   17.6    73   12.7   17.6    98    8    100.0    5 
 5/10/26  12:25   20.4   20.6   20.4    60   12.4   0.0   ---   0.00   0.0   ---   20.4   20.2   20.2  1018.0  0.00   0.0   0.000   0.007   17.7    73   12.8   17.6    98    8    100.0    5 
 5/10/26  12:30   20.1   20.4   20.1    61   12.4   0.0   ---   0.00   0.0   ---   20.1   19.9   19.9  1018.0  0.00   0.0   0.000   0.006   17.7    73   12.8   17.6    96    8     99.0    5 
 5/10/26  12:35   20.1   20.1   20.1    62   12.5   0.0   ---   0.00   0.0   ---   20.1   20.0   20.0  1017.9  0.00   0.0   0.000   0.006   17.7    73   12.8   17.6    97    8    100.0    5 
 5/10/26  12:40   20.1   20.1   20.1    60   12.0   0.0   ---   0.00   0.0   ---   20.1   19.9   19.9  1017.9  0.00   0.0   0.000   0.006   17.7    73   12.8   17.6    97    8    100.0    5 
 5/10/26  12:45   20.0   20.0   19.9    63   12.7   0.0   ---   0.00   0.0   ---   20.0   20.0   20.0  1017.7  0.00   0.0   0.000   0.006   17.7    73   12.8   17.6    94    8     96.9    5 
 5/10/26  12:50   20.1   20.1   20.0    63   12.8   0.0   ---   0.00   0.0   ---   20.1   20.1   20.1  1017.6  0.00   0.0   0.000   0.006   17.7    73   12.8   17.6    97    8    100.0    5 
 5/10/26  12:55   20.3   20.3   20.1    65   13.5   0.0   ---   0.00   0.0   ---   20.3   20.3   20.3  1017.4  0.00   0.0   0.000   0.007   17.7    73   12.8   17.6    95    8     97.9    5 
 5/10/26  13:00   20.5   20.5   20.3    64   13.5   0.0   ---   0.00   0.0   ---   20.5   20.4   20.4  1017.5  0.00   0.0   0.000   0.008   17.7    73   12.8   17.6    95    8     97.9    5 
 5/10/26  13:05   20.7   20.7   20.5    59   12.4   0.0   ---   0.00   0.0   ---   20.7   20.3   20.3  1017.5  0.00   0.0   0.000   0.008   17.7    73   12.8   17.6    94    8     96.9    5 
 5/10/26  13:10   20.6   20.7   20.6    61   12.8   0.0   ---   0.00   0.0   ---   20.6   20.3   20.3  1017.5  0.00   0.0   0.000   0.008   17.7    73   12.8   17.6    96    8     99.0    5 
 5/10/26  13:15   20.8   20.8   20.7    63   13.5   0.0   ---   0.00   0.0   ---   20.8   20.6   20.6  1017.4  0.00   0.0   0.000   0.008   17.7    73   12.8   17.6    93    8     95.9    5 
 5/10/26  13:20   20.9   20.9   20.8    63   13.6   0.0   ---   0.00   0.0   ---   20.9   20.7   20.7  1017.4  0.00   0.0   0.000   0.009   17.7    73   12.8   17.6    95    8     97.9    5 
 5/10/26  13:25   21.0   21.1   20.9    58   12.4   0.0   ---   0.00   0.0   ---   21.0   20.4   20.4  1017.5  0.00   0.0   0.000   0.009   17.7    73   12.8   17.6    97    8    100.0    5 
 5/10/26  13:30   21.0   21.1   21.0    62   13.4   0.0   ---   0.00   0.0   ---   21.0   20.7   20.7  1017.4  0.00   0.0   0.000   0.009   17.7    73   12.8   17.6    96    8     99.0    5 
 5/10/26  13:35   20.8   21.1   20.8    60   12.8   0.0   ---   0.00   0.0   ---   20.8   20.4   20.4  1017.2  0.00   0.0   0.000   0.009   17.7    73   12.8   17.6    96    8     99.0    5 
 5/10/26  13:40   20.8   20.8   20.8    61   13.0   0.0   ---   0.00   0.0   ---   20.8   20.4   20.4  1017.2  0.00   0.0   0.000   0.008   17.7    73   12.8   17.6    96    8     99.0    5 
 5/10/26  13:45   20.9   20.9   20.8    60   12.8   0.0   ---   0.00   0.0   ---   20.9   20.5   20.5  1017.1  0.00   0.0   0.000   0.009   17.7    73   12.8   17.7    87    8     89.7    5 
 5/10/26  13:50   20.8   20.9   20.8    58   12.3   0.0   ---   0.00   0.0   ---   20.8   20.3   20.3  1017.0  0.00   0.0   0.000   0.009   17.7    73   12.8   17.6    81    8     83.5    5 
 5/10/26  13:55   20.8   20.8   20.8    56   11.7   0.0   ---   0.00   0.0   ---   20.8   20.2   20.2  1016.9  0.00   0.0   0.000   0.008   17.7    73   12.8   17.6    86    8     88.7    5 
 5/10/26  14:00   20.8   20.8   20.8    61   13.0   0.0   ---   0.00   0.0   ---   20.8   20.5   20.5  1016.9  0.00   0.0   0.000   0.009   17.7    73   12.8   17.6    95    8     97.9    5 
 5/10/26  14:05   20.9   20.9   20.8    64   13.8   0.0   ---   0.00   0.0   ---   20.9   20.7   20.7  1016.9  0.00   0.0   0.000   0.009   17.7    73   12.8   17.6    96    8     99.0    5 
 5/10/26  14:10   21.3   21.3   20.9    64   14.2   0.0   ---   0.00   0.0   ---   21.3   21.1   21.1  1016.8  0.00   0.0   0.000   0.010   17.7    73   12.8   17.7    95    8     97.9    5 
 5/10/26  14:15   21.3   21.4   21.3    61   13.5   0.0   ---   0.00   0.0   ---   21.3   21.0   21.0  1016.6  0.00   0.0   0.000   0.010   17.7    73   12.8   17.7    97    8    100.0    5 
 5/10/26  14:20   21.1   21.3   21.1    62   13.5   0.0   ---   0.00   0.0   ---   21.1   20.7   20.7  1016.4  0.00   0.0   0.000   0.009   17.8    73   12.9   17.8    97    8    100.0    5 
 5/10/26  14:25   21.2   21.2   21.1    61   13.3   0.0   ---   0.00   0.0   ---   21.2   20.8   20.8  1016.5  0.00   0.0   0.000   0.010   17.8    73   12.9   17.8    96    8     99.0    5 
 5/10/26  14:30   21.4   21.4   21.2    63   14.1   0.0   ---   0.00   0.0   ---   21.4   21.2   21.2  1016.4  0.00   0.0   0.000   0.011   17.8    73   12.9   17.8    96    8     99.0    5 
 5/10/26  14:35   21.6   21.6   21.4    61   13.8   0.0   ---   0.00   0.0   ---   21.6   21.4   21.4  1016.3  0.00   0.0   0.000   0.011   17.8    73   12.9   17.8    95    8     97.9    5 
 5/10/26  14:40   21.6   21.7   21.6    63   14.3   0.0   ---   0.00   0.0   ---   21.6   21.4   21.4  1016.3  0.00   0.0   0.000   0.011   17.8    73   12.9   17.8    97    8    100.0    5 
 5/10/26  14:45   21.4   21.6   21.4    59   13.0   0.0   ---   0.00   0.0   ---   21.4   21.0   21.0  1016.4  0.00   0.0   0.000   0.011   17.9    73   13.0   17.9    98    8    100.0    5 
 5/10/26  14:50   21.1   21.4   21.1    57   12.3   0.0   ---   0.00   0.0   ---   21.1   20.5   20.5  1016.3  0.00   0.0   0.000   0.010   17.9    73   13.0   17.9    94    8     96.9    5 
 5/10/26  14:55   21.0   21.1   21.0    59   12.7   0.0   ---   0.00   0.0   ---   21.0   20.5   20.5  1016.2  0.00   0.0   0.000   0.009   17.9    73   13.0   17.9    94    8     96.9    5 
 5/10/26  15:00   21.0   21.0   20.9    60   12.9   0.0   ---   0.00   0.0   ---   21.0   20.6   20.6  1016.2  0.00   0.0   0.000   0.009   17.9    73   13.0   17.9    95    8     97.9    5 
 5/10/26  15:05   21.2   21.2   21.0    61   13.3   0.0   ---   0.00   0.0   ---   21.2   20.8   20.8  1016.1  0.00   0.0   0.000   0.010   17.9    72   12.8   17.9    98    8    100.0    5 
 5/10/26  15:10   21.3   21.3   21.2    59   12.9   0.0   ---   0.00   0.0   ---   21.3   20.8   20.8  1016.2  0.00   0.0   0.000   0.010   17.9    72   12.8   17.9   100    8    100.0    5 
 5/10/26  15:15   21.1   21.3   21.1    61   13.3   0.0   ---   0.00   0.0   ---   21.1   20.7   20.7  1016.2  0.00   0.0   0.000   0.010   18.0    72   12.9   18.0   100    8    100.0    5 
 5/10/26  15:20   20.8   21.1   20.8    57   11.9   0.0   ---   0.00   0.0   ---   20.8   20.3   20.3  1016.3  0.00   0.0   0.000   0.008   18.0    72   12.9   18.0    94    8     96.9    5 
 5/10/26  15:25   20.6   20.8   20.6    60   12.6   0.0   ---   0.00   0.0   ---   20.6   20.3   20.3  1016.3  0.00   0.0   0.000   0.008   18.0    72   12.9   18.0    98    8    100.0    5 
 5/10/26  15:30   20.4   20.7   20.4    61   12.7   0.0   ---   0.00   0.0   ---   20.4   20.2   20.2  1016.2  0.00   0.0   0.000   0.007   18.0    72   12.9   18.0    96    8     99.0    5 
 5/10/26  15:35   20.4   20.5   20.3    58   11.8   0.0   ---   0.00   0.0   ---   20.4   20.0   20.0  1016.3  0.00   0.0   0.000   0.007   18.0    72   12.9   18.0    96    8     99.0    5 
 5/10/26  15:40   20.3   20.4   20.3    60   12.3   0.0   ---   0.00   0.0   ---   20.3   20.1   20.1  1016.2  0.00   0.0   0.000   0.007   18.0    72   12.9   18.0    95    8     97.9    5 
 5/10/26  15:45   20.3   20.3   20.2    62   12.8   0.0   ---   0.00   0.0   ---   20.3   20.2   20.2  1016.2  0.00   0.0   0.000   0.007   18.0    72   12.9   18.0    98    8    100.0    5 
 5/10/26  15:50   20.5   20.5   20.3    64   13.5   0.0   ---   0.00   0.0   ---   20.5   20.4   20.4  1016.2  0.00   0.0   0.000   0.008   17.9    72   12.8   17.9    98    8    100.0    5 
 5/10/26  15:55   20.9   20.9   20.5    62   13.4   0.0   ---   0.00   0.0   ---   20.9   20.7   20.7  1016.2  0.00   0.0   0.000   0.009   18.0    72   12.9   18.0    97    8    100.0    5 
 5/10/26  16:00   21.1   21.1   20.9    62   13.5   0.0   ---   0.00   0.0   ---   21.1   20.8   20.8  1016.2  0.00   0.0   0.000   0.010   18.0    72   12.9   18.0    97    8    100.0    5 
 5/10/26  16:05   21.3   21.3   21.1    64   14.2   0.0   ---   0.00   0.0   ---   21.3   21.2   21.2  1016.2  0.00   0.0   0.000   0.010   18.1    72   12.9   18.1    98    8    100.0    5 
 5/10/26  16:10   21.4   21.5   21.3    58   12.8   0.0   ---   0.00   0.0   ---   21.4   21.0   21.0  1016.1  0.00   0.0   0.000   0.011   18.1    72   12.9   18.1    96    8     99.0    5 
 5/10/26  16:15   21.4   21.4   21.4    60   13.3   0.0   ---   0.00   0.0   ---   21.4   21.0   21.0  1016.1  0.00   0.0   0.000   0.011   18.1    72   13.0   18.1    97    8    100.0    5 
 5/10/26  16:20   21.5   21.5   21.4    61   13.7   0.0   ---   0.00   0.0   ---   21.5   21.2   21.2  1016.0  0.00   0.0   0.000   0.011   18.1    72   13.0   18.1    97    8    100.0    5 
 5/10/26  16:25   21.3   21.5   21.3    59   13.0   0.0   ---   0.00   0.0   ---   21.3   20.9   20.9  1015.9  0.00   0.0   0.000   0.010   18.1    72   13.0   18.1    96    8     99.0    5 
 5/10/26  16:30   21.4   21.4   21.3    61   13.6   0.0   ---   0.00   0.0   ---   21.4   21.1   21.1  1015.9  0.00   0.0   0.000   0.011   18.1    72   13.0   18.1    97    8    100.0    5 
 5/10/26  16:35   21.4   21.4   21.4    59   13.0   0.0   ---   0.00   0.0   ---   21.4   21.0   21.0  1015.8  0.00   0.0   0.000   0.011   18.1    72   13.0   18.1    97    8    100.0    5 
 5/10/26  16:40   21.3   21.4   21.3    57   12.5   0.0   ---   0.00   0.0   ---   21.3   20.8   20.8  1015.6  0.00   0.0   0.000   0.010   18.1    72   13.0   18.1    95    8     97.9    5 
 5/10/26  16:45   21.4   21.4   21.3    59   13.0   0.0   ---   0.00   0.0   ---   21.4   21.0   21.0  1015.6  0.00   0.0   0.000   0.011   18.1    72   13.0   18.1    97    8    100.0    5 
 5/10/26  16:50   21.3   21.4   21.3    60   13.2   0.0   ---   0.00   0.0   ---   21.3   20.9   20.9  1015.5  0.00   0.0   0.000   0.010   18.1    72   13.0   18.1    99    8    100.0    5 
 5/10/26  16:55   21.1   21.3   21.1    61   13.2   0.0   ---   0.00   0.0   ---   21.1   20.7   20.7  1015.5  0.00   0.0   0.000   0.009   18.1    72   13.0   18.1    95    8     97.9    5 
 5/10/26  17:00   20.9   21.1   20.9    58   12.3   0.0   ---   0.00   0.0   ---   20.9   20.4   20.4  1015.4  0.00   0.0   0.000   0.009   18.1    72   13.0   18.1    95    8     97.9    5 
 5/10/26  17:05   21.1   21.1   20.9    57   12.2   0.0   ---   0.00   0.0   ---   21.1   20.4   20.4  1015.4  0.00   0.0   0.000   0.009   18.1    72   13.0   18.1    96    8     99.0    5 
 5/10/26  17:10   21.2   21.2   21.1    58   12.6   0.0   ---   0.00   0.0   ---   21.2   20.7   20.7  1015.2  0.00   0.0   0.000   0.010   18.1    72   13.0   18.1    96    8     99.0    5 
 5/10/26  17:15   21.0   21.2   21.0    59   12.7   0.0   ---   0.00   0.0   ---   21.0   20.5   20.5  1015.1  0.00   0.0   0.000   0.009   18.1    72   13.0   18.1    98    8    100.0    5 
 5/10/26  17:20   20.8   20.9   20.8    58   12.2   0.0   ---   0.00   0.0   ---   20.8   20.3   20.3  1015.1  0.00   0.0   0.000   0.008   18.1    72   13.0   18.1    79    8     81.4    5 
 5/10/26  17:25   20.6   20.8   20.6    55   11.2   0.0   ---   0.00   0.0   ---   20.6   20.0   20.0  1015.1  0.00   0.0   0.000   0.008   18.1    72   13.0   18.1    83    8     85.6    5 
 5/10/26  17:30   20.4   20.6   20.4    60   12.4   0.0   ---   0.00   0.0   ---   20.4   20.2   20.2  1015.0  0.00   0.0   0.000   0.007   18.1    72   12.9   18.1    94    8     96.9    5 
 5/10/26  17:35   20.3   20.4   20.3    61   12.6   0.0   ---   0.00   0.0   ---   20.3   20.1   20.1  1015.0  0.00   0.0   0.000   0.007   18.1    72   12.9   18.1    99    8    100.0    5 
 5/10/26  17:40   20.1   20.3   20.1    64   13.1   0.0   ---   0.00   0.0   ---   20.1   20.1   20.1  1014.9  0.00   0.0   0.000   0.006   18.1    72   12.9   18.1    96    8     99.0    5 
 5/10/26  17:45   19.8   20.1   19.8    64   12.8   0.0   ---   0.00   0.0   ---   19.8   19.8   19.8  1014.9  0.00   0.0   0.000   0.005   18.1    72   12.9   18.1    97    8    100.0    5 
 5/10/26  17:50   19.6   19.8   19.6    66   13.1   0.0   ---   0.00   0.0   ---   19.6   19.7   19.7  1015.0  0.00   0.0   0.000   0.004   18.1    72   12.9   18.1    96    8     99.0    5 
 5/10/26  17:55   19.5   19.6   19.5    67   13.2   0.0   ---   0.00   0.0   ---   19.5   19.6   19.6  1015.0  0.00   0.0   0.000   0.004   18.1    72   12.9   18.1    96    8     99.0    5 
 5/10/26  18:00   19.3   19.5   19.3    67   13.0   0.0   ---   0.00   0.0   ---   19.3   19.3   19.3  1015.1  0.00   0.0   0.000   0.003   18.1    72   12.9   18.1    96    8     99.0    5 
 5/10/26  18:05   19.1   19.3   19.1    68   13.1   0.0   ---   0.00   0.0   ---   19.1   19.2   19.2  1015.2  0.00   0.0   0.000   0.003   18.1    72   12.9   18.1    97    8    100.0    5 
 5/10/26  18:10   18.9   19.1   18.9    69   13.1   0.0   ---   0.00   0.0   ---   18.9   19.0   19.0  1015.1  0.00   0.0   0.000   0.002   18.1    72   12.9   18.1    95    8     97.9    5 
 5/10/26  18:15   18.8   18.9   18.8    69   13.0   0.0   ---   0.00   0.0   ---   18.8   18.8   18.8  1015.2  0.00   0.0   0.000   0.002   18.1    72   12.9   18.1    98    8    100.0    5 
 5/10/26  18:20   18.5   18.8   18.5    70   12.9   0.0   ---   0.00   0.0   ---   18.5   18.6   18.6  1015.3  0.00   0.0   0.000   0.001   18.1    72   12.9   18.1    97    8    100.0    5 
 5/10/26  18:25   18.3   18.5   18.3    70   12.8   0.0   ---   0.00   0.0   ---   18.3   18.3   18.3  1015.3  0.00   0.0   0.000   0.000   18.1    72   12.9   18.1   100    8    100.0    5 
 5/10/26  18:30   18.1   18.3   18.1    71   12.8   0.0   ---   0.00   0.0   ---   18.1   18.1   18.1  1015.4  0.00   0.0   0.001   0.000   18.1    72   12.9   18.1    97    8    100.0    5 
 5/10/26  18:35   17.9   18.1   17.9    71   12.6   0.0   ---   0.00   0.0   ---   17.9   17.9   17.9  1015.5  0.00   0.0   0.001   0.000   18.0    72   12.9   18.0    95    8     97.9    5 
 5/10/26  18:40   17.8   17.9   17.8    72   12.7   0.0   ---   0.00   0.0   ---   17.8   17.7   17.7  1015.6  0.00   0.0   0.002   0.000   18.0    72   12.9   18.0    98    8    100.0    5 
 5/10/26  18:45   17.6   17.8   17.6    72   12.5   0.0   ---   0.00   0.0   ---   17.6   17.6   17.6  1015.6  0.00   0.0   0.003   0.000   18.0    72   12.9   18.0    95    8     97.9    5 
 5/10/26  18:50   17.4   17.6   17.4    72   12.3   0.0   ---   0.00   0.0   ---   17.4   17.3   17.3  1015.6  0.00   0.0   0.003   0.000   18.0    72   12.9   18.0    98    8    100.0    5 
 5/10/26  18:55   17.2   17.3   17.2    73   12.3   0.0   ---   0.00   0.0   ---   17.2   17.1   17.1  1015.6  0.00   0.0   0.004   0.000   18.0    72   12.9   18.0    97    8    100.0    5 
 5/10/26  19:00   17.0   17.2   17.0    73   12.1   0.0   ---   0.00   0.0   ---   17.0   16.9   16.9  1015.7  0.00   0.0   0.005   0.000   18.0    72   12.9   18.0    95    8     97.9    5 
 5/10/26  19:05   16.8   17.0   16.8    74   12.2   0.0   ---   0.00   0.0   ---   16.8   16.7   16.7  1015.7  0.00   0.0   0.005   0.000   18.1    72   12.9   18.1    96    8     99.0    5 
 5/10/26  19:10   16.7   16.8   16.7    74   12.0   0.0   ---   0.00   0.0   ---   16.7   16.5   16.5  1015.7  0.00   0.0   0.006   0.000   18.0    72   12.9   18.0    94    8     96.9    5 
 5/10/26  19:15   16.5   16.7   16.5    75   12.1   0.0   ---   0.00   0.0   ---   16.5   16.4   16.4  1015.7  0.00   0.0   0.006   0.000   18.1    72   12.9   18.1    97    8    100.0    5 
 5/10/26  19:20   16.3   16.5   16.3    76   12.1   0.0   ---   0.00   0.0   ---   16.3   16.2   16.2  1015.7  0.00   0.0   0.007   0.000   18.1    72   12.9   18.1    97    8    100.0    5 
 5/10/26  19:25   16.2   16.3   16.2    77   12.2   0.0   ---   0.00   0.0   ---   16.2   16.1   16.1  1015.7  0.00   0.0   0.007   0.000   18.1    72   12.9   18.1    96    8     99.0    5 
 5/10/26  19:30   16.2   16.2   16.2    77   12.1   0.0   ---   0.00   0.0   ---   16.2   16.1   16.1  1015.7  0.00   0.0   0.008   0.000   18.1    72   12.9   18.1    97    8    100.0    5 
 5/10/26  19:35   16.2   16.2   16.1    79   12.5   0.0   ---   0.00   0.0   ---   16.2   16.2   16.2  1015.8  0.00   0.0   0.008   0.000   18.1    72   12.9   18.1    97    8    100.0    5 
 5/10/26  19:40   16.2   16.2   16.1    79   12.5   0.0   ---   0.00   0.0   ---   16.2   16.2   16.2  1015.8  0.00   0.0   0.008   0.000   18.1    72   12.9   18.1    97    8    100.0    5 
 5/10/26  19:45   16.1   16.2   16.1    79   12.5   0.0   ---   0.00   0.0   ---   16.1   16.1   16.1  1015.8  0.00   0.0   0.008   0.000   18.1    72   12.9   18.1    96    8     99.0    5 
 5/10/26  19:50   15.9   16.1   15.9    79   12.3   0.0   ---   0.00   0.0   ---   15.9   15.9   15.9  1015.8  0.00   0.0   0.008   0.000   18.1    72   12.9   18.1    97    8    100.0    5 
 5/10/26  19:55   15.8   16.0   15.8    79   12.1   0.0   ---   0.00   0.0   ---   15.8   15.7   15.7  1016.0  0.00   0.0   0.009   0.000   18.0    72   12.9   18.0    98    8    100.0    5 
 5/10/26  20:00   15.7   15.8   15.7    80   12.3   0.0   ---   0.00   0.0   ---   15.7   15.7   15.7  1015.9  0.00   0.0   0.009   0.000   18.1    72   12.9   18.1    97    8    100.0    5 
 5/10/26  20:05   15.6   15.7   15.5    81   12.3   0.0   ---   0.00   0.0   ---   15.6   15.5   15.5  1016.0  0.00   0.0   0.010   0.000   18.1    72   12.9   18.1    97    8    100.0    5 
 5/10/26  20:10   15.4   15.5   15.4    82   12.4   0.0   ---   0.00   0.0   ---   15.4   15.4   15.4  1016.1  0.00   0.0   0.010   0.000   18.1    72   12.9   18.1    98    8    100.0    5 
 5/10/26  20:15   15.3   15.4   15.3    82   12.3   0.0   ---   0.00   0.0   ---   15.3   15.3   15.3  1016.0  0.00   0.0   0.010   0.000   18.1    72   12.9   18.1    96    8     99.0    5 
 5/10/26  20:20   15.3   15.3   15.3    83   12.4   0.0   ---   0.00   0.0   ---   15.3   15.3   15.3  1015.8  0.00   0.0   0.011   0.000   18.1    72   13.0   18.1    98    8    100.0    5 
 5/10/26  20:25   15.2   15.3   15.2    83   12.4   0.0   ---   0.00   0.0   ---   15.2   15.2   15.2  1015.8  0.00   0.0   0.011   0.000   18.1    72   13.0   18.1    99    8    100.0    5 
 5/10/26  20:30   15.1   15.2   15.1    83   12.2   0.0   ---   0.00   0.0   ---   15.1   15.1   15.1  1015.9  0.00   0.0   0.011   0.000   18.1    72   13.0   18.1    99    8    100.0    5 
 5/10/26  20:35   15.0   15.1   15.0    84   12.3   0.0   ---   0.00   0.0   ---   15.0   15.0   15.0  1016.0  0.00   0.0   0.012   0.000   18.2    72   13.0   18.2   100    8    100.0    5 
 5/10/26  20:40   14.9   15.0   14.9    84   12.2   0.0   ---   0.00   0.0   ---   14.9   14.8   14.8  1016.0  0.00   0.0   0.012   0.000   18.2    72   13.1   18.3    98    8    100.0    5 
 5/10/26  20:45   14.8   14.9   14.7    84   12.1   0.0   ---   0.00   0.0   ---   14.8   14.7   14.7  1016.0  0.00   0.0   0.012   0.000   18.2    72   13.1   18.3    99    8    100.0    5 
 5/10/26  20:50   14.7   14.8   14.7    85   12.2   0.0   ---   0.00   0.0   ---   14.7   14.6   14.6  1016.0  0.00   0.0   0.013   0.000   18.2    72   13.1   18.3    98    8    100.0    5 
 5/10/26  20:55   14.6   14.7   14.6    86   12.3   0.0   ---   0.00   0.0   ---   14.6   14.6   14.6  1016.1  0.00   0.0   0.013   0.000   18.2    72   13.1   18.3    98    8    100.0    5 
 5/10/26  21:00   14.6   14.6   14.6    86   12.2   0.0   ---   0.00   0.0   ---   14.6   14.6   14.6  1016.1  0.00   0.0   0.013   0.000   18.2    72   13.0   18.2    97    8    100.0    5 
 5/10/26  21:05   14.5   14.6   14.5    86   12.2   0.0   ---   0.00   0.0   ---   14.5   14.4   14.4  1016.1  0.00   0.0   0.013   0.000   18.2    72   13.1   18.3    98    8    100.0    5 
 5/10/26  21:10   14.4   14.5   14.4    86   12.1   0.0   ---   0.00   0.0   ---   14.4   14.4   14.4  1016.1  0.00   0.0   0.014   0.000   18.2    72   13.1   18.3   100    8    100.0    5 
 5/10/26  21:15   14.4   14.5   14.4    87   12.3   0.0   ---   0.00   0.0   ---   14.4   14.4   14.4  1016.2  0.00   0.0   0.014   0.000   18.2    72   13.0   18.2    95    8     97.9    5 
 5/10/26  21:20   14.4   14.4   14.4    87   12.3   0.0   ---   0.00   0.0   ---   14.4   14.4   14.4  1016.2  0.00   0.0   0.014   0.000   18.2    72   13.0   18.2    95    8     97.9    5 
 5/10/26  21:25   14.4   14.4   14.3    87   12.3   0.0   ---   0.00   0.0   ---   14.4   14.4   14.4  1016.2  0.00   0.0   0.014   0.000   18.2    72   13.0   18.2    84    8     86.6    5 
 5/10/26  21:30   14.3   14.4   14.3    87   12.2   0.0   ---   0.00   0.0   ---   14.3   14.3   14.3  1016.3  0.00   0.0   0.014   0.000   18.2    72   13.0   18.2    85    8     87.6    5 
 5/10/26  21:35   14.3   14.3   14.3    87   12.1   0.0   ---   0.00   0.0   ---   14.3   14.3   14.3  1016.3  0.00   0.0   0.014   0.000   18.2    72   13.0   18.2    90    8     92.8    5 
 5/10/26  21:40   14.2   14.2   14.2    87   12.0   0.0   ---   0.00   0.0   ---   14.2   14.2   14.2  1016.2  0.00   0.0   0.014   0.000   18.2    72   13.0   18.2    98    8    100.0    5 
 5/10/26  21:45   14.1   14.2   14.1    87   12.0   0.0   ---   0.00   0.0   ---   14.1   14.1   14.1  1016.4  0.00   0.0   0.015   0.000   18.2    72   13.0   18.2    98    8    100.0    5 
 5/10/26  21:50   14.1   14.2   14.1    88   12.2   0.0   ---   0.00   0.0   ---   14.1   14.1   14.1  1016.5  0.00   0.0   0.015   0.000   18.2    72   13.0   18.2    97    8    100.0    5 
 5/10/26  21:55   14.3   14.3   14.1    88   12.3   0.0   ---   0.00   0.0   ---   14.3   14.3   14.3  1016.5  0.00   0.0   0.014   0.000   18.2    72   13.0   18.2    98    8    100.0    5 
 5/10/26  22:00   14.3   14.3   14.3    88   12.4   0.0   ---   0.00   0.0   ---   14.3   14.3   14.3  1016.5  0.00   0.0   0.014   0.000   18.2    72   13.0   18.2    96    8     99.0    5 
 5/10/26  22:05   14.3   14.3   14.3    88   12.4   0.0   ---   0.00   0.0   ---   14.3   14.3   14.3  1016.5  0.00   0.0   0.014   0.000   18.2    72   13.0   18.2    99    8    100.0    5 
 5/10/26  22:10   14.3   14.3   14.3    87   12.1   0.0   ---   0.00   0.0   ---   14.3   14.3   14.3  1016.4  0.00   0.0   0.014   0.000   18.2    72   13.0   18.2    97    8    100.0    5 
 5/10/26  22:15   14.2   14.3   14.2    87   12.0   0.0   ---   0.00   0.0   ---   14.2   14.2   14.2  1016.5  0.00   0.0   0.014   0.000   18.2    72   13.0   18.2    98    8    100.0    5 
 5/10/26  22:20   14.1   14.2   14.1    87   12.0   0.0   ---   0.00   0.0   ---   14.1   14.1   14.1  1016.5  0.00   0.0   0.015   0.000   18.2    72   13.0   18.2    99    8    100.0    5 
 5/10/26  22:25   14.1   14.2   14.1    87   12.0   0.0   ---   0.00   0.0   ---   14.1   14.1   14.1  1016.7  0.00   0.0   0.015   0.000   18.2    72   13.0   18.2    98    8    100.0    5 
 5/10/26  22:30   14.0   14.1   14.0    87   11.9   0.0   ---   0.00   0.0   ---   14.0   14.0   14.0  1016.8  0.00   0.0   0.015   0.000   18.2    72   13.0   18.2    99    8    100.0    5 
 5/10/26  22:35   14.0   14.1   13.9    87   11.9   0.0   ---   0.00   0.0   ---   14.0   14.0   14.0  1016.9  0.00   0.0   0.015   0.000   18.2    72   13.0   18.2   100    8    100.0    5 
 5/10/26  22:40   13.9   14.0   13.9    87   11.8   0.0   ---   0.00   0.0   ---   13.9   13.9   13.9  1016.9  0.00   0.0   0.015   0.000   18.2    72   13.1   18.3    99    8    100.0    5 
 5/10/26  22:45   13.8   13.9   13.8    87   11.7   0.0   ---   0.00   0.0   ---   13.8   13.8   13.8  1017.0  0.00   0.0   0.016   0.000   18.2    72   13.1   18.3   100    8    100.0    5 
 5/10/26  22:50   13.8   13.9   13.8    87   11.7   0.0   ---   0.00   0.0   ---   13.8   13.8   13.8  1017.0  0.00   0.0   0.016   0.000   18.2    72   13.0   18.2    98    8    100.0    5 
 5/10/26  22:55   13.7   13.8   13.7    87   11.5   0.0   ---   0.00   0.0   ---   13.7   13.7   13.7  1017.1  0.00   0.0   0.016   0.000   18.2    72   13.0   18.2    99    8    100.0    5 
 5/10/26  23:00   13.6   13.7   13.6    87   11.5   0.0   ---   0.00   0.0   ---   13.6   13.6   13.6  1017.1  0.00   0.0   0.016   0.000   18.2    72   13.0   18.2    98    8    100.0    5 
 5/10/26  23:05   13.5   13.6   13.5    87   11.4   0.0   ---   0.00   0.0   ---   13.5   13.5   13.5  1017.1  0.00   0.0   0.017   0.000   18.2    72   13.1   18.3    99    8    100.0    5 
 5/10/26  23:10   13.4   13.5   13.3    87   11.3   0.0   ---   0.00   0.0   ---   13.4   13.4   13.4  1017.2  0.00   0.0   0.017   0.000   18.2    72   13.0   18.2    98    8    100.0    5 
 5/10/26  23:15   13.3   13.4   13.3    87   11.2   0.0   ---   0.00   0.0   ---   13.3   13.3   13.3  1017.2  0.00   0.0   0.017   0.000   18.2    72   13.0   18.2    99    8    100.0    5 
 5/10/26  23:20   13.3   13.3   13.3    88   11.4   0.0   ---   0.00   0.0   ---   13.3   13.3   13.3  1017.2  0.00   0.0   0.017   0.000   18.2    72   13.1   18.3   100    8    100.0    5 
 5/10/26  23:25   13.2   13.3   13.2    88   11.3   0.0   ---   0.00   0.0   ---   13.2   13.2   13.2  1017.1  0.00   0.0   0.018   0.000   18.2    72   13.0   18.2   100    8    100.0    5 
 5/10/26  23:30   13.2   13.3   13.2    87   11.0   0.0   ---   0.00   0.0   ---   13.2   13.2   13.2  1017.0  0.00   0.0   0.018   0.000   18.2    72   13.0   18.2    99    8    100.0    5 
 5/10/26  23:35   13.1   13.2   13.1    87   10.9   0.0   ---   0.00   0.0   ---   13.1   13.1   13.1  1016.9  0.00   0.0   0.018   0.000   18.2    72   13.0   18.2    97    8    100.0    5 
 5/10/26  23:40   12.9   13.1   12.9    87   10.8   0.0   ---   0.00   0.0   ---   12.9   12.9   12.9  1016.9  0.00   0.0   0.019   0.000   18.2    72   13.0   18.2   100    8    100.0    5 
 5/10/26  23:45   12.8   12.9   12.8    87   10.7   0.0   ---   0.00   0.0   ---   12.8   12.8   12.8  1016.8  0.00   0.0   0.019   0.000   18.2    72   13.0   18.2    99    8    100.0    5 
 5/10/26  23:50   12.8   12.9   12.8    87   10.7   0.0   ---   0.00   0.0   ---   12.8   12.8   12.8  1016.8  0.00   0.0   0.019   0.000   18.2    72   13.0   18.2    99    8    100.0    5 
 5/10/26  23:55   12.7   12.8   12.7    88   10.8   0.0   ---   0.00   0.0   ---   12.7   12.7   12.7  1016.7  0.00   0.0   0.019   0.000   18.1    72   13.0   18.1   100    8    100.0    5 
 6/10/26  00:00   12.7   12.7   12.7    88   10.7   0.0   ---   0.00   0.0   ---   12.7   12.7   12.7  1016.7  0.00   0.0   0.020   0.000   18.2    72   13.0   18.2   100    8    100.0    5 
 6/10/26   0:05   12.6   12.7   12.6    88   10.7   0.0   ---   0.00   0.0   ---   12.6   12.6   12.6  1016.6  0.00   0.0   0.020   0.000   18.1    72   13.0   18.1    97    8    100.0    5 
 6/10/26   0:10   12.7   12.7   12.6    88   10.7   0.0   ---   0.00   0.0   ---   12.7   12.7   12.7  1016.6  0.00   0.0   0.020   0.000   18.1    72   13.0   18.1    99    8    100.0    5 
 6/10/26   0:15   12.6   12.7   12.6    88   10.7   0.0   ---   0.00   0.0   ---   12.6   12.6   12.6  1016.6  0.00   0.0   0.020   0.000   18.1    72   13.0   18.1   100    8    100.0    5 
 6/10/26   0:20   12.6   12.6   12.6    89   10.8   0.0   ---   0.00   0.0   ---   12.6   12.7   12.7  1016.5  0.00   0.0   0.020   0.000   18.1    72   13.0   18.1    97    8    100.0    5 
 6/10/26   0:25   12.6   12.6   12.6    89   10.8   0.0   ---   0.00   0.0   ---   12.6   12.6   12.6  1016.5  0.00   0.0   0.020   0.000   18.1    72   13.0   18.1    99    8    100.0    5 
 6/10/26   0:30   12.5   12.6   12.5    89   10.7   0.0   ---   0.00   0.0   ---   12.5   12.6   12.6  1016.5  0.00   0.0   0.020   0.000   18.1    72   13.0   18.1    97    8    100.0    5 
 6/10/26   0:35   12.4   12.5   12.4    89   10.7   0.0   ---   0.00   0.0   ---   12.4   12.5   12.5  1016.3  0.00   0.0   0.020   0.000   18.1    72   13.0   18.1    97    8    100.0    5 
 6/10/26   0:40   12.4   12.5   12.4    89   10.7   0.0   ---   0.00   0.0   ---   12.4   12.5   12.5  1016.4  0.00   0.0   0.020   0.000   18.2    72   13.0   18.2    98    8    100.0    5 
 6/10/26   0:45   12.4   12.5   12.4    90   10.8   0.0   ---   0.00   0.0   ---   12.4   12.5   12.5  1016.4  0.20   0.0   0.020   0.000   18.2    72   13.0   18.2    96    8     99.0    5 
 6/10/26   0:50   12.5   12.5   12.4    90   10.9   0.0   ---   0.00   0.0   ---   12.5   12.6   12.6  1016.4  0.00   0.0   0.020   0.000   18.2    72   13.0   18.2    97    8    100.0    5 
 6/10/26   0:55   12.4   12.5   12.4    90   10.8   0.0   ---   0.00   0.0   ---   12.4   12.5   12.5  1016.5  0.00   0.0   0.020   0.000   18.2    72   13.0   18.2    99    8    100.0    5 
 6/10/26   1:00   12.4   12.4   12.4    90   10.8   0.0   ---   0.00   0.0   ---   12.4   12.4   12.4  1016.4  0.00   0.0   0.021   0.000   18.2    72   13.0   18.2    97    8    100.0    5 
 6/10/26   1:05   12.4   12.4   12.4    90   10.8   0.0   ---   0.00   0.0   ---   12.4   12.4   12.4  1016.6  0.00   0.0   0.021   0.000   18.2    72   13.0   18.2   100    8    100.0    5 
 6/10/26   1:10   12.4   12.4   12.4    90   10.8   0.0   ---   0.00   0.0   ---   12.4   12.4   12.4  1016.6  0.00   0.0   0.021   0.000   18.2    72   13.0   18.2   100    8    100.0    5 
 6/10/26   1:15   12.3   12.4   12.3    90   10.7   0.0   ---   0.00   0.0   ---   12.3   12.4   12.4  1016.7  0.00   0.0   0.021   0.000   18.2    72   13.0   18.2   100    8    100.0    5 
 6/10/26   1:20   12.3   12.3   12.3    90   10.7   0.0   ---   0.00   0.0   ---   12.3   12.3   12.3  1016.8  0.00   0.0   0.021   0.000   18.2    72   13.0   18.2   100    8    100.0    5 
 6/10/26   1:25   12.2   12.3   12.2    90   10.6   0.0   ---   0.00   0.0   ---   12.2   12.3   12.3  1016.8  0.00   0.0   0.021   0.000   18.2    72   13.0   18.2   100    8    100.0    5 
 6/10/26   1:30   12.2   12.3   12.2    90   10.6   0.0   ---   0.00   0.0   ---   12.2   12.2   12.2  1016.8  0.00   0.0   0.021   0.000   18.2    72   13.0   18.2    99    8    100.0    5 
 6/10/26   1:35   12.1   12.2   12.1    90   10.5   0.0   ---   0.00   0.0   ---   12.1   12.2   12.2  1016.7  0.00   0.0   0.022   0.000   18.2    72   13.0   18.2   100    8    100.0    5 
 6/10/26   1:40   12.1   12.1   12.1    90   10.5   0.0   ---   0.00   0.0   ---   12.1   12.1   12.1  1016.7  0.00   0.0   0.022   0.000   18.2    72   13.0   18.2    98    8    100.0    5 
 6/10/26   1:45   12.1   12.1   12.1    90   10.5   0.0   ---   0.00   0.0   ---   12.1   12.1   12.1  1016.7  0.00   0.0   0.022   0.000   18.2    72   13.0   18.2    98    8    100.0    5 
 6/10/26   1:50   12.0   12.1   12.0    90   10.4   0.0   ---   0.00   0.0   ---   12.0   12.1   12.1  1016.7  0.00   0.0   0.022   0.000   18.2    72   13.0   18.2    98    8    100.0    5 
 6/10/26   1:55   12.0   12.0   12.0    90   10.4   0.0   ---   0.00   0.0   ---   12.0   12.1   12.1  1016.7  0.00   0.0   0.022   0.000   18.2    72   13.0   18.2    99    8    100.0    5 
 6/10/26   2:00   11.9   12.0   11.9    90   10.3   0.0   ---   0.00   0.0   ---   11.9   11.9   11.9  1016.6  0.00   0.0   0.022   0.000   18.2    72   13.0   18.2    98    8    100.0    5 
 6/10/26   2:05   11.9   11.9   11.9    90   10.4   0.0   ---   0.00   0.0   ---   11.9   12.0   12.0  1016.5  0.00   0.0   0.022   0.000   18.2    72   13.0   18.2    99    8    100.0    5 
 6/10/26   2:10   11.9   11.9   11.9    90   10.3   0.0   ---   0.00   0.0   ---   11.9   11.9   11.9  1016.5  0.00   0.0   0.022   0.000   18.2    72   13.0   18.2    91    8     93.8    5 
 6/10/26   2:15   11.8   11.9   11.8    90   10.2   0.0   ---   0.00   0.0   ---   11.8   11.9   11.9  1016.5  0.00   0.0   0.023   0.000   18.1    72   13.0   18.1    84    8     86.6    5 
 6/10/26   2:20   11.8   11.8   11.8    90   10.2   0.0   ---   0.00   0.0   ---   11.8   11.8   11.8  1016.4  0.00   0.0   0.023   0.000   18.1    72   13.0   18.1    85    8     87.6    5 
 6/10/26   2:25   11.8   11.8   11.7    90   10.2   0.0   ---   0.00   0.0   ---   11.8   11.8   11.8  1016.4  0.00   0.0   0.023   0.000   18.2    72   13.0   18.2    89    8     91.8    5 
 6/10/26   2:30   11.7   11.8   11.7    90   10.1   0.0   ---   0.00   0.0   ---   11.7   11.7   11.7  1016.3  0.00   0.0   0.023   0.000   18.1    72   13.0   18.1    98    8    100.0    5 
 6/10/26   2:35   11.7   11.7   11.6    90   10.1   0.0   ---   0.00   0.0   ---   11.7   11.7   11.7  1016.3  0.00   0.0   0.023   0.000   18.1    72   13.0   18.1    98    8    100.0    5 
 6/10/26   2:40   11.7   11.7   11.6    90   10.1   0.0   ---   0.00   0.0   ---   11.7   11.7   11.7  1016.2  0.00   0.0   0.023   0.000   18.1    72   13.0   18.1    97    8    100.0    5 
 6/10/26   2:45   11.6   11.7   11.6    90   10.0   0.0   ---   0.00   0.0   ---   11.6   11.7   11.7  1016.2  0.00   0.0   0.023   0.000   18.1    72   13.0   18.1    99    8    100.0    5 
 6/10/26   2:50   11.5   11.6   11.5    90    9.9   0.0   ---   0.00   0.0   ---   11.5   11.6   11.6  1016.1  0.00   0.0   0.024   0.000   18.1    72   13.0   18.1    97    8    100.0    5 
 6/10/26   2:55   11.4   11.5   11.4    90    9.8   0.0   ---   0.00   0.0   ---   11.4   11.5   11.5  1016.0  0.00   0.0   0.024   0.000   18.1    72   13.0   18.1    98    8    100.0    5 
 6/10/26   3:00   11.3   11.4   11.3    90    9.7   0.0   ---   0.00   0.0   ---   11.3   11.4   11.4  1016.0  0.00   0.0   0.024   0.000   18.1    72   13.0   18.1    99    8    100.0    5 
 6/10/26   3:05   11.3   11.3   11.3    90    9.7   0.0   ---   0.00   0.0   ---   11.3   11.4   11.4  1015.9  0.00   0.0   0.024   0.000   18.1    72   13.0   18.1   100    8    100.0    5 
 6/10/26   3:10   11.3   11.3   11.3    90    9.7   0.0   ---   0.00   0.0   ---   11.3   11.4   11.4  1015.9  0.00   0.0   0.024   0.000   18.1    72   13.0   18.1    99    8    100.0    5 
 6/10/26   3:15   11.3   11.3   11.3    90    9.7   0.0   ---   0.00   0.0   ---   11.3   11.4   11.4  1015.9  0.00   0.0   0.024   0.000   18.1    72   13.0   18.1   100    8    100.0    5 
 6/10/26   3:20   11.2   11.3   11.2    90    9.6   0.0   ---   0.00   0.0   ---   11.2   11.3   11.3  1015.8  0.00   0.0   0.025   0.000   18.1    72   13.0   18.1   100    8    100.0    5 
 6/10/26   3:25   11.1   11.2   11.1    90    9.5   0.0   ---   0.00   0.0   ---   11.1   11.2   11.2  1015.8  0.00   0.0   0.025   0.000   18.1    72   13.0   18.1    99    8    100.0    5 
 6/10/26   3:30   10.9   11.1   10.9    90    9.4   0.0   ---   0.00   0.0   ---   10.9   11.1   11.1  1015.8  0.00   0.0   0.026   0.000   18.1    72   13.0   18.1   100    8    100.0    5 
 6/10/26   3:35   10.9   11.0   10.9    90    9.3   0.0   ---   0.00   0.0   ---   10.9   11.0   11.0  1015.9  0.00   0.0   0.026   0.000   18.1    72   13.0   18.1    99    8    100.0    5 
 6/10/26   3:40   10.9   10.9   10.8    90    9.3   0.0   ---   0.00   0.0   ---   10.9   11.0   11.0  1015.8  0.00   0.0   0.026   0.000   18.1    72   13.0   18.1   100    8    100.0    5 
 6/10/26   3:45   10.8   10.9   10.8    90    9.3   0.0   ---   0.00   0.0   ---   10.8   10.9   10.9  1015.8  0.00   0.0   0.026   0.000   18.1    72   13.0   18.1   100    8    100.0    5 
 6/10/26   3:50   10.8   10.8   10.8    90    9.3   0.0   ---   0.00   0.0   ---   10.8   10.9   10.9  1015.8  0.00   0.0   0.026   0.000   18.1    72   13.0   18.1    98    8    100.0    5 
 6/10/26   3:55   10.8   10.8   10.8    90    9.2   0.0   ---   0.00   0.0   ---   10.8   10.9   10.9  1015.7  0.00   0.0   0.026   0.000   18.1    72   12.9   18.1   100    8    100.0    5 
 6/10/26   4:00   10.7   10.8   10.7    90    9.1   0.0   ---   0.00   0.0   ---   10.7   10.8   10.8  1015.7  0.00   0.0   0.026   0.000   18.1    72   12.9   18.1    98    8    100.0    5 
 6/10/26   4:05   10.7   10.7   10.7    90    9.1   0.0   ---   0.00   0.0   ---   10.7   10.8   10.8  1015.7  0.00   0.0   0.027   0.000   18.1    72   12.9   18.1   100    8    100.0    5 
 6/10/26   4:10   10.7   10.7   10.7    90    9.1   0.0   ---   0.00   0.0   ---   10.7   10.8   10.8  1015.8  0.00   0.0   0.026   0.000   18.1    72   12.9   18.1    98    8    100.0    5 
 6/10/26   4:15   10.7   10.7   10.7    90    9.1   0.0   ---   0.00   0.0   ---   10.7   10.8   10.8  1015.6  0.00   0.0   0.026   0.000   18.1    72   12.9   18.1   100    8    100.0    5 
 6/10/26   4:20   10.7   10.7   10.7    90    9.1   0.0   ---   0.00   0.0   ---   10.7   10.8   10.8  1015.7  0.00   0.0   0.026   0.000   18.1    72   12.9   18.1   100    8    100.0    5 
 6/10/26   4:25   10.7   10.7   10.7    90    9.1   0.0   ---   0.00   0.0   ---   10.7   10.8   10.8  1015.8  0.00   0.0   0.027   0.000   18.1    72   12.9   18.1   100    8    100.0    5 
 6/10/26   4:30   10.6   10.7   10.6    90    9.0   0.0   ---   0.00   0.0   ---   10.6   10.7   10.7  1015.8  0.00   0.0   0.027   0.000   18.1    72   12.9   18.1    99    8    100.0    5 
 6/10/26   4:35   10.5   10.6   10.5    90    8.9   0.0   ---   0.00   0.0   ---   10.5   10.6   10.6  1015.8  0.00   0.0   0.027   0.000   18.1    72   12.9   18.1   100    8    100.0    5 
 6/10/26   4:40   10.5   10.5   10.5    90    8.9   0.0   ---   0.00   0.0   ---   10.5   10.6   10.6  1015.9  0.00   0.0   0.027   0.000   18.1    72   12.9   18.1    99    8    100.0    5 
 6/10/26   4:45   10.6   10.6   10.6    90    9.0   0.0   ---   0.00   0.0   ---   10.6   10.7   10.7  1015.8  0.00   0.0   0.027   0.000   18.0    72   12.9   18.0    99    8    100.0    5 
 6/10/26   4:50   10.6   10.6   10.5    90    9.0   0.0   ---   0.00   0.0   ---   10.6   10.7   10.7  1015.8  0.00   0.0   0.027   0.000   18.0    72   12.9   18.0    99    8    100.0    5 
 6/10/26   4:55   10.5   10.6   10.4    90    8.9   0.0   ---   0.00   0.0   ---   10.5   10.6   10.6  1015.9  0.00   0.0   0.027   0.000   18.0    72   12.9   18.0   100    8    100.0    5 
 6/10/26   5:00   10.4   10.5   10.4    90    8.8   0.0   ---   0.00   0.0   ---   10.4   10.5   10.5  1015.9  0.00   0.0   0.028   0.000   18.0    72   12.9   18.0   100    8    100.0    5 
 6/10/26   5:05   10.3   10.4   10.3    90    8.8   0.0   ---   0.00   0.0   ---   10.3   10.4   10.4  1015.9  0.00   0.0   0.028   0.000   18.0    72   12.9   18.0    99    8    100.0    5 
 6/10/26   5:10   10.3   10.3   10.3    90    8.7   0.0   ---   0.00   0.0   ---   10.3   10.4   10.4  1015.9  0.00   0.0   0.028   0.000   18.0    72   12.9   18.0    99    8    100.0    5 
 6/10/26   5:15   10.3   10.3   10.3    90    8.7   0.0   ---   0.00   0.0   ---   10.3   10.4   10.4  1015.8  0.00   0.0   0.028   0.000   18.0    72   12.9   18.0    97    8    100.0    5 
 6/10/26   5:20   10.3   10.3   10.2    90    8.7   0.0   ---   0.00   0.0   ---   10.3   10.4   10.4  1015.8  0.00   0.0   0.028   0.000   18.0    72   12.9   18.0   100    8    100.0    5 
 6/10/26   5:25   10.3   10.3   10.2    90    8.7   0.0   ---   0.00   0.0   ---   10.3   10.4   10.4  1015.9  0.00   0.0   0.028   0.000   18.0    72   12.9   18.0    97    8    100.0    5 
 6/10/26   5:30   10.3   10.3   10.2    90    8.7   0.0   ---   0.00   0.0   ---   10.3   10.4   10.4  1016.0  0.00   0.0   0.028   0.000   18.0    72   12.9   18.0   100    8    100.0    5 
 6/10/26   5:35   10.2   10.3   10.2    90    8.7   0.0   ---   0.00   0.0   ---   10.2   10.4   10.4  1016.1  0.00   0.0   0.028   0.000   18.0    72   12.9   18.0   100    8    100.0    5 
 6/10/26   5:40   10.2   10.3   10.2    90    8.7   0.0   ---   0.00   0.0   ---   10.2   10.4   10.4  1016.2  0.00   0.0   0.028   0.000   18.0    72   12.9   18.0    99    8    100.0    5 
 6/10/26   5:45   10.2   10.3   10.2    91    8.8   0.0   ---   0.00   0.0   ---   10.2   10.4   10.4  1016.2  0.00   0.0   0.028   0.000   18.0    72   12.9   18.0   100    8    100.0    5 
 6/10/26   5:50   10.2   10.3   10.2    91    8.8   0.0   ---   0.00   0.0   ---   10.2   10.4   10.4  1016.3  0.00   0.0   0.028   0.000   18.0    72   12.9   18.0   100    8    100.0    5 
 6/10/26   5:55   10.2   10.3   10.2    91    8.8   0.0   ---   0.00   0.0   ---   10.2   10.4   10.4  1016.4  0.00   0.0   0.028   0.000   18.0    72   12.9   18.0    99    8    100.0    5 
 6/10/26   6:00   10.2   10.2   10.2    91    8.8   0.0   ---   0.00   0.0   ---   10.2   10.3   10.3  1016.4  0.00   0.0   0.028   0.000   18.0    72   12.9   18.0   100    8    100.0    5 
 6/10/26   6:05   10.1   10.2   10.1    91    8.7   0.0   ---   0.00   0.0   ---   10.1   10.3   10.3  1016.4  0.00   0.0   0.029   0.000   18.0    72   12.9   18.0   100    8    100.0    5 
 6/10/26   6:10   10.1   10.2   10.1    91    8.7   0.0   ---   0.00   0.0   ---   10.1   10.3   10.3  1016.3  0.00   0.0   0.029   0.000   18.0    72   12.9   18.0   100    8    100.0    5 
 6/10/26   6:15   10.1   10.1   10.1    91    8.7   0.0   ---   0.00   0.0   ---   10.1   10.3   10.3  1016.4  0.00   0.0   0.029   0.000   17.9    72   12.8   17.9    99    8    100.0    5 
 6/10/26   6:20   10.1   10.1   10.1    91    8.7   0.0   ---   0.00   0.0   ---   10.1   10.2   10.2  1016.4  0.00   0.0   0.029   0.000   18.0    72   12.9   18.0    99    8    100.0    5 
 6/10/26   6:25   10.1   10.1   10.0    91    8.7   0.0   ---   0.00   0.0   ---   10.1   10.2   10.2  1016.4  0.00   0.0   0.029   0.000   18.0    72   12.9   18.0   100    8    100.0    5 
 6/10/26   6:30   10.0   10.0   10.0    91    8.6   0.0   ---   0.00   0.0   ---   10.0   10.2   10.2  1016.4  0.00   0.0   0.029   0.000   18.0    72   12.9   18.0   100    8    100.0    5 
 6/10/26   6:35   10.1   10.1   10.0    91    8.7   0.0   ---   0.00   0.0   ---   10.1   10.2   10.2  1016.5  0.00   0.0   0.029   0.000   18.0    72   12.9   18.0   100    8    100.0    5 
 6/10/26   6:40   10.1   10.1   10.1    91    8.7   0.0   ---   0.00   0.0   ---   10.1   10.2   10.2  1016.4  0.00   0.0   0.029   0.000   18.0    72   12.9   18.0   100    8    100.0    5 
 6/10/26   6:45   10.2   10.2   10.1    91    8.8   0.0   ---   0.00   0.0   ---   10.2   10.3   10.3  1016.5  0.00   0.0   0.028   0.000   18.0    72   12.9   18.0   100    8    100.0    5 
 6/10/26   6:50   10.2   10.2   10.2    91    8.8   0.0   ---   0.00   0.0   ---   10.2   10.4   10.4  1016.5  0.00   0.0   0.028   0.000   18.0    72   12.9   18.0   100    8    100.0    5 
 6/10/26   6:55   10.3   10.3   10.2    91    8.9   0.0   ---   0.00   0.0   ---   10.3   10.4   10.4  1016.5  0.00   0.0   0.028   0.000   18.0    72   12.9   18.0   100    8    100.0    5 
 6/10/26   7:00   10.3   10.3   10.3    91    8.9   0.0   ---   0.00   0.0   ---   10.3   10.5   10.5  1016.5  0.00   0.0   0.028   0.000   18.0    72   12.9   18.0    97    8    100.0    5 
 6/10/26   7:05   10.3   10.3   10.3    91    8.9   0.0   ---   0.00   0.0   ---   10.3   10.5   10.5  1016.6  0.00   0.0   0.028   0.000   18.0    72   12.9   18.0    98    8    100.0    5 
 6/10/26   7:10   10.3   10.4   10.3    91    8.9   0.0   ---   0.00   0.0   ---   10.3   10.5   10.5  1016.5  0.00   0.0   0.028   0.000   18.0    72   12.9   18.0    99    8    100.0    5 
 6/10/26   7:15   10.4   10.4   10.3    91    9.0   0.0   ---   0.00   0.0   ---   10.4   10.6   10.6  1016.5  0.00   0.0   0.027   0.000   17.9    72   12.8   17.9    98    8    100.0    5 
 6/10/26   7:20   10.6   10.6   10.4    92    9.3   0.0   ---   0.00   0.0   ---   10.6   10.7   10.7  1016.5  0.00   0.0   0.027   0.000   17.9    72   12.8   17.9    99    8    100.0    5 
 6/10/26   7:25   10.8   10.8   10.5    92    9.6   0.0   ---   0.00   0.0   ---   10.8   11.0   11.0  1016.5  0.00   0.0   0.026   0.000   17.9    72   12.8   17.9    98    8    100.0    5 
 6/10/26   7:30   10.9   11.0   10.8    92    9.7   0.0   ---   0.00   0.0   ---   10.9   11.1   11.1  1016.5  0.00   0.0   0.026   0.000   17.9    72   12.8   17.9    96    8     99.0    5 
 6/10/26   7:35   11.1   11.1   11.0    92    9.9   0.0   ---   0.00   0.0   ---   11.1   11.2   11.2  1016.5  0.00   0.0   0.025   0.000   17.9    72   12.8   17.9    96    8     99.0    5 
 6/10/26   7:40   11.3   11.3   11.2    92   10.1   0.0   ---   0.00   0.0   ---   11.3   11.4   11.4  1016.5  0.00   0.0   0.024   0.000   17.9    72   12.8   17.9    86    8     88.7    5 
 6/10/26   7:45   11.6   11.6   11.3    91   10.1   0.0   ---   0.00   0.0   ---   11.6   11.7   11.7  1016.5  0.00   0.0   0.024   0.000   17.9    72   12.8   17.9    83    8     85.6    5 
 6/10/26   7:50   11.7   11.7   11.6    91   10.3   0.0   ---   0.00   0.0   ---   11.7   11.8   11.8  1016.7  0.00   0.0   0.023   0.000   17.9    72   12.8   17.9    89    8     91.8    5 
 6/10/26   7:55   12.0   12.0   11.7    92   10.7   0.0   ---   0.00   0.0   ---   12.0   12.1   12.1  1016.7  0.00   0.0   0.022   0.000   17.9    72   12.8   17.9    98    8    100.0    5 
 6/10/26   8:00   12.3   12.3   12.1    91   10.9   0.0   ---   0.00   0.0   ---   12.3   12.4   12.4  1016.7  0.00   0.0   0.021   0.000   17.9    72   12.8   17.9    99    8    100.0    5 
 6/10/26   8:05   12.8   12.8   12.3    91   11.4   0.0   ---   0.00   0.0   ---   12.8   12.9   12.9  1016.8  0.00   0.0   0.019   0.000   17.9    72   12.8   17.9    94    8     96.9    5 
 6/10/26   8:10   13.4   13.4   12.8    91   12.0   0.0   ---   0.00   0.0   ---   13.4   13.5   13.5  1016.8  0.00   0.0   0.017   0.000   17.9    72   12.8   17.9    97    8    100.0    5 
 6/10/26   8:15   14.2   14.2   13.5    88   12.2   0.0   ---   0.00   0.0   ---   14.2   14.2   14.2  1016.8  0.00   0.0   0.014   0.000   17.9    72   12.8   17.9    97    8    100.0    5 
 6/10/26   8:20   14.8   14.8   14.2    85   12.3   0.0   ---   0.00   0.0   ---   14.8   14.8   14.8  1016.8  0.00   0.0   0.012   0.000   17.9    72   12.8   17.9    95    8     97.9    5 
 6/10/26   8:25   15.5   15.5   14.8    82   12.4   0.0   ---   0.00   0.0   ---   15.5   15.5   15.5  1016.8  0.00   0.0   0.010   0.000   17.9    72   12.8   17.9    97    8    100.0    5 
 6/10/26   8:30   15.8   15.8   15.5    81   12.5   0.0   ---   0.00   0.0   ---   15.8   15.8   15.8  1016.7  0.00   0.0   0.009   0.000   17.9    72   12.8   17.9    95    8     97.9    5 
 6/10/26   8:35   16.1   16.1   15.8    79   12.4   0.0   ---   0.00   0.0   ---   16.1   16.0   16.0  1016.7  0.00   0.0   0.008   0.000   17.9    72   12.8   17.9    96    8     99.0    5 
 6/10/26   8:40   16.2   16.2   16.1    81   13.0   0.0   ---   0.00   0.0   ---   16.2   16.3   16.3  1016.7  0.00   0.0   0.007   0.000   17.9    72   12.8   17.9    97    8    100.0    5 
 6/10/26   8:45   16.4   16.4   16.2    81   13.2   0.0   ---   0.00   0.0   ---   16.4   16.5   16.5  1016.7  0.00   0.0   0.007   0.000   18.0    72   12.9   18.0    97    8    100.0    5 
 6/10/26   8:50   16.8   16.8   16.4    79   13.2   0.0   ---   0.00   0.0   ---   16.8   16.9   16.9  1016.8  0.00   0.0   0.005   0.000   18.0    72   12.9   18.0    96    8     99.0    5 
 6/10/26   8:55   17.3   17.3   16.9    76   13.0   0.0   ---   0.00   0.0   ---   17.3   17.3   17.3  1016.7  0.00   0.0   0.004   0.000   18.0    72   12.9   18.0    98    8    100.0    5 
 6/10/26   9:00   17.6   17.6   17.3    75   13.1   0.0   ---   0.00   0.0   ---   17.6   17.6   17.6  1016.7  0.00   0.0   0.003   0.000   18.0    72   12.9   18.0    96    8     99.0    5 
 6/10/26   9:05   18.2   18.2   17.7    73   13.3   0.0   ---   0.00   0.0   ---   18.2   18.3   18.3  1016.7  0.00   0.0   0.000   0.000   18.0    72   12.9   18.0    96    8     99.0    5 
 6/10/26   9:10   18.5   18.5   18.2    66   12.0   0.0   ---   0.00   0.0   ---   18.5   18.4   18.4  1016.7  0.00   0.0   0.000   0.001   18.1    72   12.9   18.1    96    8     99.0    5 
 6/10/26   9:15   18.4   18.5   18.4    65   11.7   0.0   ---   0.00   0.0   ---   18.4   18.2   18.2  1016.8  0.00   0.0   0.000   0.000   18.1    72   12.9   18.1    97    8    100.0    5 
 6/10/26   9:20   18.3   18.4   18.3    70   12.8   0.0   ---   0.00   0.0   ---   18.3   18.3   18.3  1016.8  0.00   0.0   0.000   0.000   18.1    72   12.9   18.1    95    8     97.9    5 
 6/10/26   9:25   18.4   18.4   18.3    69   12.7   0.0   ---   0.00   0.0   ---   18.4   18.4   18.4  1016.9  0.00   0.0   0.000   0.000   18.1    72   12.9   18.1    93    8     95.9    5 
 6/10/26   9:30   18.8   18.8   18.5    68   12.8   0.0   ---   0.00   0.0   ---   18.8   18.8   18.8  1017.0  0.00   0.0   0.000   0.002   18.0    72   12.9   18.0    97    8    100.0    5 
 6/10/26   9:35   18.9   19.0   18.8    66   12.4   0.0   ---   0.00   0.0   ---   18.9   18.9   18.9  1017.0  0.00   0.0   0.000   0.002   18.1    72   12.9   18.1    95    8     97.9    5 
 6/10/26   9:40   18.9   19.0   18.9    66   12.4   0.0   ---   0.00   0.0   ---   18.9   18.8   18.8  1017.0  0.00   0.0   0.000   0.002   18.1    72   12.9   18.1    98    8    100.0    5 
 6/10/26   9:45   19.2   19.2   18.9    67   12.9   0.0   ---   0.00   0.0   ---   19.2   19.3   19.3  1016.9  0.00   0.0   0.000   0.003   18.1    72   12.9   18.1    97    8    100.0    5 
 6/10/26   9:50   19.3   19.3   19.2    66   12.8   0.0   ---   0.00   0.0   ---   19.3   19.3   19.3  1016.9  0.00   0.0   0.000   0.003   18.1    72   12.9   18.1    95    8     97.9    5 
 6/10/26   9:55   19.1   19.3   19.0    69   13.2   0.0   ---   0.00   0.0   ---   19.1   19.2   19.2  1017.0  0.00   0.0   0.000   0.003   18.1    72   12.9   18.1    97    8    100.0    5 
 6/10/26  10:00   19.1   19.1   19.1    67   12.8   0.0   ---   0.00   0.0   ---   19.1   19.1   19.1  1017.1  0.00   0.0   0.000   0.003   18.1    72   12.9   18.1    96    8     99.0    5 
 6/10/26  10:05   19.3   19.3   19.2    65   12.6   0.0   ---   0.00   0.0   ---   19.3   19.3   19.3  1017.0  0.00   0.0   0.000   0.003   18.1    72   12.9   18.1    93    8     95.9    5 
 6/10/26  10:10   19.5   19.5   19.3    64   12.5   0.0   ---   0.00   0.0   ---   19.5   19.4   19.4  1017.0  0.00   0.0   0.000   0.004   18.1    72   12.9   18.1    96    8     99.0    5 
 6/10/26  10:15   19.6   19.7   19.5    63   12.3   0.0   ---   0.00   0.0   ---   19.6   19.4   19.4  1017.0  0.00   0.0   0.000   0.004   18.1    72   12.9   18.1    98    8    100.0    5 
 6/10/26  10:20   19.5   19.6   19.4    64   12.5   0.0   ---   0.00   0.0   ---   19.5   19.4   19.4  1017.0  0.00   0.0   0.000   0.004   18.1    72   12.9   18.1    97    8    100.0    5 
 6/10/26  10:25   19.4   19.4   19.4    62   12.0   0.0   ---   0.00   0.0   ---   19.4   19.3   19.3  1016.9  0.00   0.0   0.000   0.004   18.1    72   12.9   18.1    99    8    100.0    5 
 6/10/26  10:30   19.5   19.5   19.4    64   12.5   0.0   ---   0.00   0.0   ---   19.5   19.4   19.4  1016.9  0.00   0.0   0.000   0.004   18.1    72   12.9   18.1    99    8    100.0    5 
 6/10/26  10:35   19.6   19.6   19.5    62   12.1   0.0   ---   0.00   0.0   ---   19.6   19.4   19.4  1017.0  0.00   0.0   0.000   0.004   18.1    72   12.9   18.1    97    8    100.0    5 
 6/10/26  10:40   19.6   19.6   19.6    60   11.6   0.0   ---   0.00   0.0   ---   19.6   19.4   19.4  1017.0  0.00   0.0   0.000   0.004   18.1    72   12.9   18.1    96    8     99.0    5 
 6/10/26  10:45   19.8   19.8   19.6    64   12.8   0.0   ---   0.00   0.0   ---   19.8   19.8   19.8  1017.0  0.00   0.0   0.000   0.005   18.1    72   12.9   18.1    94    8     96.9    5 
 6/10/26  10:50   19.9   19.9   19.8    60   11.9   0.0   ---   0.00   0.0   ---   19.9   19.8   19.8  1016.9  0.00   0.0   0.000   0.006   18.1    72   12.9   18.1    95    8     97.9    5 
 6/10/26  10:55   20.2   20.2   19.9    61   12.5   0.0   ---   0.00   0.0   ---   20.2   20.1   20.1  1016.8  0.00   0.0   0.000   0.007   18.1    72   12.9   18.1    99    8    100.0    5 
 6/10/26  11:00   20.4   20.4   20.2    60   12.4   0.0   ---   0.00   0.0   ---   20.4   20.2   20.2  1016.8  0.00   0.0   0.000   0.007   18.1    72   12.9   18.1    96    8     99.0    5 
 6/10/26  11:05   20.8   20.9   20.5    58   12.3   0.0   ---   0.00   0.0   ---   20.8   20.3   20.3  1016.7  0.00   0.0   0.000   0.009   18.1    72   12.9   18.1    96    8     99.0    5 
 6/10/26  11:10   20.8   20.9   20.8    59   12.5   0.0   ---   0.00   0.0   ---   20.8   20.3   20.3  1016.6  0.00   0.0   0.000   0.008   18.1    72   12.9   18.1    93    8     95.9    5 
 6/10/26  11:15   20.3   20.8   20.3    61   12.6   0.0   ---   0.00   0.0   ---   20.3   20.1   20.1  1016.6  0.00   0.0   0.000   0.007   18.1    72   12.9   18.1    95    8     97.9    5 
 6/10/26  11:20   20.1   20.3   20.1    62   12.6   0.0   ---   0.00   0.0   ---   20.1   20.0   20.0  1016.5  0.00   0.0   0.000   0.006   18.1    72   12.9   18.1    98    8    100.0    5 
 6/10/26  11:25   20.1   20.1   20.1    61   12.3   0.0   ---   0.00   0.0   ---   20.1   19.9   19.9  1016.5  0.00   0.0   0.000   0.006   18.1    73   13.1   18.1    92    8     94.8    5 
 6/10/26  11:30   19.9   20.1   19.9    63   12.6   0.0   ---   0.00   0.0   ---   19.9   19.9   19.9  1016.4  0.00   0.0   0.000   0.005   18.1    72   12.9   18.1    82    8     84.5    5 
 6/10/26  11:35   19.8   19.9   19.8    62   12.3   0.0   ---   0.00   0.0   ---   19.8   19.7   19.7  1016.4  0.00   0.0   0.000   0.005   18.1    72   12.9   18.1    91    8     93.8    5 
 6/10/26  11:40   19.7   19.8   19.7    63   12.5   0.0   ---   0.00   0.0   ---   19.7   19.7   19.7  1016.4  0.00   0.0   0.000   0.005   18.1    72   12.9   18.1    95    8     97.9    5 
 6/10/26  11:45   19.4   19.7   19.4    66   12.9   0.0   ---   0.00   0.0   ---   19.4   19.5   19.5  1016.3  0.00   0.0   0.000   0.004   18.1    73   13.1   18.1    97    8    100.0    5 
 6/10/26  11:50   19.4   19.5   19.4    66   12.9   0.0   ---   0.00   0.0   ---   19.4   19.5   19.5  1016.3  0.00   0.0   0.000   0.004   18.1    73   13.1   18.1    98    8    100.0    5 
 6/10/26  11:55   19.3   19.5   19.3    65   12.5   0.0   ---   0.00   0.0   ---   19.3   19.2   19.2  1016.2  0.00   0.0   0.000   0.003   18.1    73   13.1   18.1    97    8    100.0    5 
 6/10/26  12:00   19.0   19.3   19.0    68   13.0   0.0   ---   0.00   0.0   ---   19.0   19.1   19.1  1016.1  0.00   0.0   0.000   0.002   18.1    73   13.1   18.1    99    8    100.0    5 
 6/10/26  12:05   18.8   19.1   18.8    65   12.1   0.0   ---   0.00   0.0   ---   18.8   18.7   18.7  1016.0  0.00   0.0   0.000   0.002   18.1    73   13.1   18.1    98    8    100.0    5 
 6/10/26  12:10   18.8   18.8   18.7    66   12.3   0.0   ---   0.00   0.0   ---   18.8   18.7   18.7  1016.0  0.00   0.0   0.000   0.002   18.1    73   13.1   18.1    95    8     97.9    5 
 6/10/26  12:15   18.8   18.8   18.7    65   12.1   0.0   ---   0.00   0.0   ---   18.8   18.7   18.7  1016.1  0.00   0.0   0.000   0.002   18.1    73   13.1   18.1    96    8     99.0    5 
 6/10/26  12:20   18.9   18.9   18.8    68   12.9   0.0   ---   0.00   0.0   ---   18.9   18.9   18.9  1016.0  0.00   0.0   0.000   0.002   18.1    73   13.1   18.1    97    8    100.0    5 
 6/10/26  12:25   18.9   19.0   18.9    65   12.2   0.0   ---   0.00   0.0   ---   18.9   18.8   18.8  1015.9  0.00   0.0   0.000   0.002   18.1    73   13.1   18.1    97    8    100.0    5 
 6/10/26  12:30   19.1   19.1   18.9    65   12.4   0.0   ---   0.00   0.0   ---   19.1   19.1   19.1  1015.9  0.00   0.0   0.000   0.003   18.1    73   13.1   18.1    97    8    100.0    5 
 6/10/26  12:35   19.2   19.2   19.1    66   12.7   0.0   ---   0.00   0.0   ---   19.2   19.2   19.2  1015.7  0.00   0.0   0.000   0.003   18.1    73   13.1   18.1    94    8     96.9    5 
 6/10/26  12:40   19.2   19.2   19.1    66   12.7   0.0   ---   0.00   0.0   ---   19.2   19.2   19.2  1015.6  0.00   0.0   0.000   0.003   18.1    73   13.1   18.1    98    8    100.0    5 
 6/10/26  12:45   19.0   19.2   19.0    65   12.3   0.0   ---   0.00   0.0   ---   19.0   18.9   18.9  1015.5  0.00   0.0   0.000   0.002   18.1    73   13.1   18.1    97    8    100.0    5 
 6/10/26  12:50   19.1   19.1   18.9    67   12.8   0.0   ---   0.00   0.0   ---   19.1   19.1   19.1  1015.5  0.00   0.0   0.000   0.003   18.1    73   13.1   18.1    97    8    100.0    5 
 6/10/26  12:55   19.1   19.2   19.1    66   12.6   0.0   ---   0.00   0.0   ---   19.1   19.0   19.0  1015.3  0.00   0.0   0.000   0.003   18.1    73   13.1   18.1    96    8     99.0    5 
 6/10/26  13:00   19.2   19.2   19.1    69   13.4   0.0   ---   0.00   0.0   ---   19.2   19.3   19.3  1015.3  0.00   0.0   0.000   0.003   18.1    73   13.1   18.1    96    8     99.0    5 
 6/10/26  13:05   19.3   19.4   19.2    65   12.6   0.0   ---   0.00   0.0   ---   19.3   19.3   19.3  1015.3  0.00   0.0   0.000   0.003   18.1    73   13.1   18.1    97    8    100.0    5 
 6/10/26  13:10   19.6   19.6   19.3    67   13.3   0.0   ---   0.00   0.0   ---   19.6   19.7   19.7  1015.2  0.00   0.0   0.000   0.004   18.1    73   13.1   18.1    93    8     95.9    5 
 6/10/26  13:15   19.6   19.7   19.6    66   13.0   0.0   ---   0.00   0.0   ---   19.6   19.6   19.6  1015.2  0.00   0.0   0.000   0.004   18.1    73   13.1   18.1    97    8    100.0    5 
 6/10/26  13:20   19.4   19.6   19.4    65   12.6   0.0   ---   0.00   0.0   ---   19.4   19.4   19.4  1015.1  0.00   0.0   0.000   0.004   18.1    73   13.1   18.1    93    8     95.9    5 
 6/10/26  13:25   19.3   19.4   19.3    66   12.8   0.0   ---   0.00   0.0   ---   19.3   19.3   19.3  1015.0  0.00   0.0   0.000   0.003   18.1    73   13.1   18.1    97    8    100.0    5 
 6/10/26  13:30   19.3   19.3   19.3    65   12.5   0.0   ---   0.00   0.0   ---   19.3   19.2   19.2  1014.9  0.00   0.0   0.000   0.003   18.1    73   13.1   18.1    96    8     99.0    5 
 6/10/26  13:35   19.4   19.4   19.3    65   12.6   0.0   ---   0.00   0.0   ---   19.4   19.4   19.4  1014.9  0.00   0.0   0.000   0.004   18.1    73   13.2   18.2    98    8    100.0    5 
 6/10/26  13:40   19.6   19.6   19.4    66   13.0   0.0   ---   0.00   0.0   ---   19.6   19.6   19.6  1014.9  0.00   0.0   0.000   0.004   18.1    73   13.2   18.2    93    8     95.9    5 
 6/10/26  13:45   19.8   19.8   19.6    67   13.5   0.0   ---   0.00   0.0   ---   19.8   20.0   20.0  1014.7  0.00   0.0   0.000   0.005   18.1    73   13.2   18.2    96    8     99.0    5 
 6/10/26  13:50   20.0   20.0   19.8    65   13.2   0.0   ---   0.00   0.0   ---   20.0   20.1   20.1  1014.7  0.00   0.0   0.000   0.006   18.1    73   13.2   18.2    93    8     95.9    5 
 6/10/26  13:55   20.2   20.2   20.0    67   13.9   0.0   ---   0.00   0.0   ---   20.2   20.4   20.4  1014.7  0.00   0.0   0.000   0.007   18.1    73   13.2   18.2    97    8    100.0    5 
 6/10/26  14:00   20.1   20.3   20.1    64   13.1   0.0   ---   0.00   0.0   ---   20.1   20.1   20.1  1014.6  0.00   0.0   0.000   0.006   18.1    73   13.2   18.2    95    8     97.9    5 
 6/10/26  14:05   20.0   20.2   20.0    64   13.0   0.0   ---   0.00   0.0   ---   20.0   20.1   20.1  1014.6  0.00   0.0   0.000   0.006   18.1    73   13.2   18.2    95    8     97.9    5 
 6/10/26  14:10   20.2   20.2   20.0    64   13.2   0.0   ---   0.00   0.0   ---   20.2   20.2   20.2  1014.5  0.00   0.0   0.000   0.007   18.1    73   13.2   18.2    94    8     96.9    5 
 6/10/26  14:15   20.5   20.5   20.2    63   13.2   0.0   ---   0.00   0.0   ---   20.5   20.3   20.3  1014.4  0.00   0.0   0.000   0.008   18.1    73   13.2   18.2    96    8     99.0    5 
 6/10/26  14:20   20.7   20.7   20.5    63   13.4   0.0   ---   0.00   0.0   ---   20.7   20.5   20.5  1014.3  0.00   0.0   0.000   0.008   18.1    73   13.2   18.2    95    8     97.9    5 
 6/10/26  14:25   20.7   20.7   20.6    64   13.6   0.0   ---   0.00   0.0   ---   20.7   20.6   20.6  1014.1  0.00   0.0   0.000   0.008   18.1    72   13.0   18.1    97    8    100.0    5 
 6/10/26  14:30   20.4   20.6   20.4    61   12.6   0.0   ---   0.00   0.0   ---   20.4   20.2   20.2  1014.1  0.00   0.0   0.000   0.007   18.1    73   13.2   18.2    98    8    100.0    5 
 6/10/26  14:35   20.4   20.4   20.4    61   12.7   0.0   ---   0.00   0.0   ---   20.4   20.2   20.2  1013.9  0.00   0.0   0.000   0.007   18.1    73   13.2   18.2    97    8    100.0    5 
 6/10/26  14:40   20.2   20.4   20.2    61   12.5   0.0   ---   0.00   0.0   ---   20.2   20.1   20.1  1013.8  0.00   0.0   0.000   0.007   18.1    73   13.2   18.2    96    8     99.0    5 
 6/10/26  14:45   20.1   20.2   20.1    62   12.5   0.0   ---   0.00   0.0   ---   20.1   20.0   20.0  1013.7  0.00   0.0   0.000   0.006   18.1    73   13.2   18.2    98    8    100.0    5 
 6/10/26  14:50   20.1   20.1   20.1    63   12.8   0.0   ---   0.00   0.0   ---   20.1   20.1   20.1  1013.4  0.00   0.0   0.000   0.006   18.1    72   13.0   18.1    95    8     97.9    5 
 6/10/26  14:55   20.2   20.2   20.1    62   12.7   0.0   ---   0.00   0.0   ---   20.2   20.1   20.1  1013.2  0.00   0.0   0.000   0.006   18.2    73   13.2   18.2    95    8     97.9    5 
 6/10/26  15:00   20.2   20.2   20.2    64   13.1   0.0   ---   0.00   0.0   ---   20.2   20.2   20.2  1013.1  0.00   0.0   0.000   0.006   18.2    73   13.2   18.2    85    8     87.6    5 
 6/10/26  15:05   20.1   20.2   20.1    64   13.0   0.0   ---   0.00   0.0   ---   20.1   20.1   20.1  1013.0  0.00   0.0   0.000   0.006   18.2    72   13.1   18.3    83    8     85.6    5 
 6/10/26  15:10   20.0   20.1   20.0    63   12.7   0.0   ---   0.00   0.0   ---   20.0   20.0   20.0  1012.8  0.00   0.0   0.000   0.006   18.2    72   13.1   18.3    96    8     99.0    5 
 6/10/26  15:15   19.9   20.0   19.9    64   12.9   0.0   ---   0.00   0.0   ---   19.9   20.0   20.0  1012.7  0.00   0.0   0.000   0.006   18.3    72   13.1   18.3    96    8     99.0    5 
 6/10/26  15:20   19.8   20.0   19.8    64   12.8   0.0   ---   0.00   0.0   ---   19.8   19.8   19.8  1012.7  0.00   0.0   0.000   0.005   18.3    72   13.1   18.3    93    8     95.9    5 
 6/10/26  15:25   19.7   19.8   19.7    65   13.0   0.0   ---   0.00   0.0   ---   19.7   19.8   19.8  1012.6  0.00   0.0   0.000   0.005   18.3    72   13.2   18.4    99    8    100.0    5 
 6/10/26  15:30   19.7   19.7   19.7    64   12.7   0.0   ---   0.00   0.0   ---   19.7   19.7   19.7  1012.6  0.00   0.0   0.000   0.005   18.3    72   13.2   18.4    98    8    100.0    5 
 6/10/26  15:35   19.5   19.7   19.5    63   12.3   0.0   ---   0.00   0.0   ---   19.5   19.4   19.4  1012.6  0.00   0.0   0.000   0.004   18.4    72   13.2   18.4    99    8    100.0    5 
 6/10/26  15:40   19.2   19.5   19.2    64   12.2   0.0   ---   0.00   0.0   ---   19.2   19.1   19.1  1012.5  0.00   0.0   0.000   0.003   18.4    72   13.2   18.4    95    8     97.9    5 
 6/10/26  15:45   19.2   19.2   19.2    64   12.2   0.0   ---   0.00   0.0   ---   19.2   19.1   19.1  1012.6  0.00   0.0   0.000   0.003   18.4    72   13.2   18.4    97    8    100.0    5 
 6/10/26  15:50   19.1   19.2   19.1    64   12.1   0.0   ---   0.00   0.0   ---   19.1   18.9   18.9  1012.7  0.00   0.0   0.000   0.003   18.4    72   13.2   18.4    97    8    100.0    5 
 6/10/26  15:55   18.9   19.1   18.9    65   12.2   0.0   ---   0.00   0.0   ---   18.9   18.8   18.8  1012.4  0.00   0.0   0.000   0.002   18.4    72   13.3   18.6    98    8    100.0    5 
 6/10/26  16:00   18.8   18.9   18.8    65   12.1   0.0   ---   0.00   0.0   ---   18.8   18.7   18.7  1012.2  0.00   0.0   0.000   0.002   18.4    72   13.3   18.6    99    8    100.0    5 
 6/10/26  16:05   18.7   18.8   18.7    66   12.2   0.0   ---   0.00   0.0   ---   18.7   18.6   18.6  1012.2  0.00   0.0   0.000   0.001   18.4    72   13.3   18.6    97    8    100.0    5 
 6/10/26  16:10   18.6   18.7   18.6    67   12.3   0.0   ---   0.00   0.0   ---   18.6   18.5   18.5  1012.2  0.00   0.0   0.000   0.001   18.4    72   13.3   18.6    95    8     97.9    5 
 6/10/26  16:15   18.5   18.6   18.4    67   12.3   0.0   ---   0.00   0.0   ---   18.5   18.4   18.4  1012.1  0.00   0.0   0.000   0.001   18.4    72   13.2   18.4    95    8     97.9    5 
 6/10/26  16:20   18.5   18.5   18.4    69   12.7   0.0   ---   0.00   0.0   ---   18.5   18.5   18.5  1012.1  0.00   0.0   0.000   0.001   18.4    72   13.2   18.4    97    8    100.0    5 
 6/10/26  16:25   18.5   18.5   18.4    70   12.9   0.0   ---   0.00   0.0   ---   18.5   18.6   18.6  1012.1  0.00   0.0   0.000   0.001   18.4    72   13.2   18.4    97    8    100.0    5 
 6/10/26  16:30   18.5   18.5   18.5    70   12.9   0.0   ---   0.00   0.0   ---   18.5   18.6   18.6  1012.1  0.00   0.0   0.000   0.001   18.4    72   13.2   18.4    93    8     95.9    5 
 6/10/26  16:35   18.4   18.5   18.4    71   13.1   0.0   ---   0.00   0.0   ---   18.4   18.5   18.5  1012.0  0.00   0.0   0.000   0.000   18.4    72   13.2   18.4    92    8     94.8    5 
 6/10/26  16:40   18.4   18.5   18.4    69   12.6   0.0   ---   0.00   0.0   ---   18.4   18.4   18.4  1012.2  0.00   0.0   0.000   0.000   18.3    72   13.2   18.4    97    8    100.0    5 
 6/10/26  16:45   18.3   18.4   18.3    70   12.7   0.0   ---   0.00   0.0   ---   18.3   18.3   18.3  1012.4  0.00   0.0   0.000   0.000   18.4    72   13.2   18.4    97    8    100.0    5 
 6/10/26  16:50   18.2   18.3   18.2    70   12.7   0.0   ---   0.00   0.0   ---   18.2   18.2   18.2  1012.8  0.00   0.0   0.000   0.000   18.3    72   13.2   18.4    95    8     97.9    5 
 6/10/26  16:55   18.2   18.2   18.2    70   12.7   0.0   ---   0.00   0.0   ---   18.2   18.2   18.2  1013.0  0.00   0.0   0.000   0.000   18.3    72   13.2   18.4    97    8    100.0    5 
 6/10/26  17:00   18.2   18.2   18.2    68   12.2   0.0   ---   0.00   0.0   ---   18.2   18.1   18.1  1013.0  0.00   0.0   0.000   0.000   18.3    72   13.2   18.4    98    8    100.0    5 
 6/10/26  17:05   18.2   18.2   18.2    68   12.2   0.0   ---   0.00   0.0   ---   18.2   18.1   18.1  1013.0  0.00   0.0   0.000   0.000   18.3    72   13.2   18.4    98    8    100.0    5 
 6/10/26  17:10   18.2   18.2   18.2    69   12.4   0.0   ---   0.00   0.0   ---   18.2   18.1   18.1  1013.0  0.00   0.0   0.001   0.000   18.3    72   13.2   18.4    98    8    100.0    5 
 6/10/26  17:15   18.2   18.2   18.2    69   12.4   0.0   ---   0.00   0.0   ---   18.2   18.2   18.2  1012.9  0.00   0.0   0.000   0.000   18.3    72   13.2   18.4    96    8     99.0    5 
 6/10/26  17:20   18.2   18.2   18.2    67   12.0   0.0   ---   0.00   0.0   ---   18.2   18.1   18.1  1012.8  0.00   0.0   0.000   0.000   18.3    72   13.2   18.4    97    8    100.0    5 
 6/10/26  17:25   18.3   18.3   18.2    68   12.3   0.0   ---   0.00   0.0   ---   18.3   18.2   18.2  1012.8  0.00   0.0   0.000   0.000   18.3    72   13.2   18.4    97    8    100.0    5 
 6/10/26  17:30   18.4   18.4   18.3    69   12.6   0.0   ---   0.00   0.0   ---   18.4   18.4   18.4  1012.7  0.00   0.0   0.000   0.000   18.3    72   13.2   18.4    99    8    100.0    5 
 6/10/26  17:35   18.4   18.4   18.3    68   12.4   0.0   ---   0.00   0.0   ---   18.4   18.3   18.3  1012.9  0.00   0.0   0.000   0.000   18.3    72   13.2   18.4    95    8     97.9    5 
 6/10/26  17:40   18.3   18.4   18.3    68   12.3   0.0   ---   0.00   0.0   ---   18.3   18.3   18.3  1012.9  0.00   0.0   0.000   0.000   18.3    72   13.2   18.4    94    8     96.9    5 
 6/10/26  17:45   18.3   18.3   18.3    69   12.5   0.0   ---   0.00   0.0   ---   18.3   18.3   18.3  1012.8  0.00   0.0   0.000   0.000   18.3    72   13.2   18.4    98    8    100.0    5 
 6/10/26  17:50   18.2   18.3   18.2    68   12.2   0.0   ---   0.00   0.0   ---   18.2   18.1   18.1  1012.8  0.00   0.0   0.000   0.000   18.3    72   13.1   18.3    96    8     99.0    5 
 6/10/26  17:55   18.2   18.2   18.2    69   12.4   0.0   ---   0.00   0.0   ---   18.2   18.2   18.2  1012.7  0.00   0.0   0.000   0.000   18.3    72   13.2   18.4    96    8     99.0    5 
 6/10/26  18:00   18.1   18.2   18.1    70   12.6   0.0   ---   0.00   0.0   ---   18.1   18.1   18.1  1012.7  0.00   0.0   0.001   0.000   18.3    72   13.2   18.4    99    8    100.0    5 
 6/10/26  18:05   18.0   18.1   18.0    70   12.4   0.0   ---   0.00   0.0   ---   18.0   17.9   17.9  1012.8  0.00   0.0   0.001   0.000   18.3    72   13.2   18.4    96    8     99.0    5 
 6/10/26  18:10   17.8   18.0   17.8    71   12.5   0.0   ---   0.00   0.0   ---   17.8   17.8   17.8  1012.8  0.00   0.0   0.002   0.000   18.3    72   13.1   18.3    99    8    100.0    5 
 6/10/26  18:15   17.7   17.8   17.7    72   12.6   0.0   ---   0.00   0.0   ---   17.7   17.7   17.7  1012.8  0.00   0.0   0.002   0.000   18.3    72   13.2   18.4    96    8     99.0    5 
 6/10/26  18:20   17.6   17.7   17.6    73   12.7   0.0   ---   0.00   0.0   ---   17.6   17.6   17.6  1012.9  0.00   0.0   0.003   0.000   18.3    72   13.2   18.4    93    8     95.9    5 
 6/10/26  18:25   17.5   17.6   17.5    73   12.6   0.0   ---   0.00   0.0   ---   17.5   17.4   17.4  1013.1  0.00   0.0   0.003   0.000   18.3    72   13.2   18.4    97    8    100.0    5 
 6/10/26  18:30   17.4   17.5   17.4    73   12.5   0.0   ---   0.00   0.0   ---   17.4   17.3   17.3  1013.3  0.00   0.0   0.003   0.000   18.3    72   13.2   18.4    94    8     96.9    5 
 6/10/26  18:35   17.3   17.4   17.3    74   12.6   0.0   ---   0.00   0.0   ---   17.3   17.2   17.2  1013.4  0.00   0.0   0.004   0.000   18.3    72   13.2   18.4    97    8    100.0    5 
 6/10/26  18:40   17.2   17.3   17.2    73   12.3   0.0   ---   0.00   0.0   ---   17.2   17.1   17.1  1013.3  0.00   0.0   0.004   0.000   18.3    72   13.2   18.4    97    8    100.0    5 
 6/10/26  18:45   17.1   17.2   17.1    73   12.2   0.0   ---   0.00   0.0   ---   17.1   17.0   17.0  1013.4  0.00   0.0   0.004   0.000   18.3    72   13.2   18.4    84    8     86.6    5 
 6/10/26  18:50   17.1   17.2   17.1    73   12.2   0.0   ---   0.00   0.0   ---   17.1   16.9   16.9  1013.5  0.00   0.0   0.004   0.000   18.3    72   13.2   18.4    86    8     88.7    5 
 6/10/26  18:55   17.1   17.1   17.0    73   12.2   0.0   ---   0.00   0.0   ---   17.1   16.9   16.9  1013.4  0.00   0.0   0.004   0.000   18.3    72   13.2   18.4    94    8     96.9    5 
 6/10/26  19:00   16.9   17.0   16.9    74   12.2   0.0   ---   0.00   0.0   ---   16.9   16.8   16.8  1013.3  0.00   0.0   0.005   0.000   18.3    72   13.2   18.4    98    8    100.0    5 
 6/10/26  19:05   16.8   16.9   16.8    74   12.1   0.0   ---   0.00   0.0   ---   16.8   16.7   16.7  1013.4  0.00   0.0   0.005   0.000   18.3    72   13.2   18.4    97    8    100.0    5 
 6/10/26  19:10   16.7   16.8   16.7    74   12.0   0.0   ---   0.00   0.0   ---   16.7   16.5   16.5  1013.7  0.00   0.0   0.006   0.000   18.3    72   13.2   18.4    97    8    100.0    5 
 6/10/26  19:15   16.5   16.7   16.5    75   12.1   0.0   ---   0.00   0.0   ---   16.5   16.4   16.4  1013.7  0.00   0.0   0.006   0.000   18.3    72   13.2   18.4   100    8    100.0    5 
 6/10/26  19:20   16.4   16.6   16.4    75   11.9   0.0   ---   0.00   0.0   ---   16.4   16.3   16.3  1013.7  0.00   0.0   0.007   0.000   18.3    72   13.2   18.4    97    8    100.0    5 
 6/10/26  19:25   16.2   16.4   16.2    76   12.0   0.0   ---   0.00   0.0   ---   16.2   16.1   16.1  1013.8  0.00   0.0   0.007   0.000   18.3    72   13.2   18.4    95    8     97.9    5 
 6/10/26  19:30   16.2   16.2   16.2    76   11.9   0.0   ---   0.00   0.0   ---   16.2   16.1   16.1  1013.9  0.00   0.0   0.008   0.000   18.3    72   13.2   18.4    99    8    100.0    5 
 6/10/26  19:35   16.1   16.2   16.1    76   11.9   0.0   ---   0.00   0.0   ---   16.1   16.0   16.0  1014.0  0.00   0.0   0.008   0.000   18.3    72   13.2   18.4   100    8    100.0    5 
 6/10/26  19:40   16.0   16.1   16.0    77   12.0   0.0   ---   0.00   0.0   ---   16.0   15.9   15.9  1014.0  0.00   0.0   0.008   0.000   18.3    72   13.2   18.4    98    8    100.0    5 
 6/10/26  19:45   15.9   16.0   15.9    77   11.9   0.0   ---   0.00   0.0   ---   15.9   15.8   15.8  1014.0  0.00   0.0   0.008   0.000   18.3    72   13.1   18.3    99    8    100.0    5 
 6/10/26  19:50   15.9   15.9   15.8    77   11.9   0.0   ---   0.00   0.0   ---   15.9   15.8   15.8  1014.0  0.00   0.0   0.008   0.000   18.3    72   13.1   18.3   100    8    100.0    5 
 6/10/26  19:55   15.8   15.8   15.8    78   11.9   0.0   ---   0.00   0.0   ---   15.8   15.7   15.7  1014.0  0.00   0.0   0.009   0.000   18.3    72   13.1   18.3   100    8    100.0    5 
 6/10/26  20:00   15.7   15.8   15.7    78   11.8   0.0   ---   0.00   0.0   ---   15.7   15.6   15.6  1014.1  0.00   0.0   0.009   0.000   18.3    72   13.1   18.3    98    8    100.0    5 
 6/10/26  20:05   15.7   15.7   15.6    78   11.8   0.0   ---   0.00   0.0   ---   15.7   15.6   15.6  1014.2  0.00   0.0   0.009   0.000   18.3    72   13.1   18.3    98    8    100.0    5 
 6/10/26  20:10   15.6   15.7   15.6    79   12.0   0.0   ---   0.00   0.0   ---   15.6   15.5   15.5  1014.2  0.00   0.0   0.009   0.000   18.3    72   13.2   18.4    99    8    100.0    5 
 6/10/26  20:15   15.6   15.6   15.6    79   12.0   0.0   ---   0.00   0.0   ---   15.6   15.5   15.5  1014.2  0.00   0.0   0.009   0.000   18.3    72   13.2   18.4    99    8    100.0    5 
 6/10/26  20:20   15.6   15.6   15.6    79   11.9   0.0   ---   0.00   0.0   ---   15.6   15.4   15.4  1014.2  0.00   0.0   0.010   0.000   18.3    72   13.1   18.3    98    8    100.0    5 
 6/10/26  20:25   15.6   15.6   15.6    80   12.1   0.0   ---   0.00   0.0   ---   15.6   15.5   15.5  1014.3  0.00   0.0   0.010   0.000   18.3    72   13.1   18.3    97    8    100.0    5 
 6/10/26  20:30   15.5   15.6   15.5    80   12.1   0.0   ---   0.00   0.0   ---   15.5   15.4   15.4  1014.2  0.00   0.0   0.010   0.000   18.3    72   13.2   18.4    99    8    100.0    5 
 6/10/26  20:35   15.5   15.5   15.4    80   12.1   0.0   ---   0.00   0.0   ---   15.5   15.4   15.4  1014.2  0.00   0.0   0.010   0.000   18.3    72   13.2   18.4    98    8    100.0    5 
 6/10/26  20:40   15.4   15.5   15.4    80   12.0   0.0   ---   0.00   0.0   ---   15.4   15.3   15.3  1014.1  0.00   0.0   0.010   0.000   18.3    72   13.1   18.3    99    8    100.0    5 
 6/10/26  20:45   15.3   15.4   15.3    81   12.1   0.0   ---   0.00   0.0   ---   15.3   15.3   15.3  1014.2  0.00   0.0   0.010   0.000   18.3    72   13.2   18.4    97    8    100.0    5 
 6/10/26  20:50   15.3   15.3   15.3    81   12.0   0.0   ---   0.00   0.0   ---   15.3   15.2   15.2  1014.2  0.00   0.0   0.011   0.000   18.3    72   13.1   18.3    99    8    100.0    5 
 6/10/26  20:55   15.2   15.3   15.2    82   12.2   0.0   ---   0.00   0.0   ---   15.2   15.2   15.2  1014.2  0.00   0.0   0.011   0.000   18.3    72   13.2   18.4    99    8    100.0    5 
 6/10/26  21:00   15.2   15.3   15.2    82   12.2   0.0   ---   0.00   0.0   ---   15.2   15.2   15.2  1014.1  0.00   0.0   0.011   0.000   18.3    72   13.2   18.4    97    8    100.0    5 
 6/10/26  21:05   15.2   15.3   15.2    82   12.2   0.0   ---   0.00   0.0   ---   15.2   15.2   15.2  1013.9  0.00   0.0   0.011   0.000   18.3    73   13.4   18.4    96    8     99.0    5 
 6/10/26  21:10   15.2   15.2   15.2    82   12.1   0.0   ---   0.00   0.0   ---   15.2   15.1   15.1  1014.0  0.00   0.0   0.011   0.000   18.3    73   13.4   18.4    96    8     99.0    5 
 6/10/26  21:15   15.1   15.2   15.1    83   12.2   0.0   ---   0.00   0.0   ---   15.1   15.1   15.1  1014.0  0.00   0.0   0.011   0.000   18.3    73   13.4   18.4    95    8     97.9    5 
 6/10/26  21:20   15.1   15.1   15.1    83   12.2   0.0   ---   0.00   0.0   ---   15.1   15.1   15.1  1014.0  0.00   0.0   0.011   0.000   18.3    73   13.4   18.4    96    8     99.0    5 
 6/10/26  21:25   15.1   15.1   15.1    83   12.2   0.0   ---   0.00   0.0   ---   15.1   15.0   15.0  1013.8  0.00   0.0   0.011   0.000   18.4    73   13.5   18.5    96    8     99.0    5 
 6/10/26  21:30   15.0   15.1   15.0    84   12.3   0.0   ---   0.00   0.0   ---   15.0   15.0   15.0  1013.8  0.00   0.0   0.012   0.000   18.3    73   13.4   18.4    96    8     99.0    5 
 6/10/26  21:35   15.1   15.1   15.0    84   12.4   0.0   ---   0.00   0.0   ---   15.1   15.1   15.1  1013.7  0.00   0.0   0.011   0.000   18.4    73   13.5   18.5    97    8    100.0    5 
 6/10/26  21:40   15.0   15.1   15.0    84   12.3   0.0   ---   0.00   0.0   ---   15.0   15.0   15.0  1013.7  0.00   0.0   0.012   0.000   18.4    73   13.5   18.5    97    8    100.0    5 
 6/10/26  21:45   15.0   15.0   15.0    85   12.5   0.0   ---   0.00   0.0   ---   15.0   15.0   15.0  1013.7  0.00   0.0   0.012   0.000   18.4    73   13.5   18.5    97    8    100.0    5 
 6/10/26  21:50   15.0   15.0   15.0    85   12.5   0.0   ---   0.00   0.0   ---   15.0   15.0   15.0  1013.7  0.00   0.0   0.012   0.000   18.4    73   13.5   18.5    98    8    100.0    5 
 6/10/26  21:55   15.1   15.1   15.0    85   12.6   0.0   ---   0.00   0.0   ---   15.1   15.1   15.1  1013.7  0.00   0.0   0.011   0.000   18.4    73   13.5   18.5    96    8     99.0    5 
 6/10/26  22:00   15.1   15.1   15.0    85   12.6   0.0   ---   0.00   0.0   ---   15.1   15.1   15.1  1013.8  0.00   0.0   0.011   0.000   18.4    73   13.5   18.5    98    8    100.0    5 
 6/10/26  22:05   15.1   15.1   15.1    86   12.7   0.0   ---   0.00   0.0   ---   15.1   15.1   15.1  1013.9  0.00   0.0   0.011   0.000   18.4    72   13.2   18.4    93    8     95.9    5 
 6/10/26  22:10   15.1   15.1   15.1    86   12.7   0.0   ---   0.00   0.0   ---   15.1   15.1   15.1  1013.9  0.00   0.0   0.011   0.000   18.4    73   13.5   18.5    99    8    100.0    5 
 6/10/26  22:15   15.1   15.1   15.1    86   12.7   0.0   ---   0.00   0.0   ---   15.1   15.1   15.1  1013.9  0.00   0.0   0.011   0.000   18.4    73   13.5   18.5    98    8    100.0    5 
 6/10/26  22:20   15.1   15.1   15.1    86   12.7   0.0   ---   0.00   0.0   ---   15.1   15.1   15.1  1013.8  0.00   0.0   0.011   0.000   18.4    73   13.5   18.5    97    8    100.0    5 
 6/10/26  22:25   15.1   15.1   15.1    86   12.8   0.0   ---   0.00   0.0   ---   15.1   15.2   15.2  1013.7  0.00   0.0   0.011   0.000   18.4    73   13.5   18.5    96    8     99.0    5 
 6/10/26  22:30   15.2   15.2   15.1    86   12.8   0.0   ---   0.00   0.0   ---   15.2   15.2   15.2  1013.6  0.00   0.0   0.011   0.000   18.4    73   13.5   18.5    97    8    100.0    5 
 6/10/26  22:35   15.2   15.2   15.2    87   13.0   0.0   ---   0.00   0.0   ---   15.2   15.2   15.2  1013.6  0.00   0.0   0.011   0.000   18.4    73   13.5   18.5    97    8    100.0    5 
 6/10/26  22:40   15.2   15.2   15.2    86   12.9   0.0   ---   0.00   0.0   ---   15.2   15.3   15.3  1013.7  0.00   0.0   0.011   0.000   18.4    73   13.5   18.6    95    8     97.9    5 
 6/10/26  22:45   15.2   15.3   15.2    86   12.9   0.0   ---   0.00   0.0   ---   15.2   15.3   15.3  1013.7  0.00   0.0   0.011   0.000   18.4    73   13.5   18.5    97    8    100.0    5 
 6/10/26  22:50   15.2   15.3   15.2    86   12.9   0.0   ---   0.00   0.0   ---   15.2   15.3   15.3  1013.5  0.00   0.0   0.011   0.000   18.4    73   13.5   18.5    98    8    100.0    5 
 6/10/26  22:55   15.2   15.2   15.2    86   12.9   0.0   ---   0.00   0.0   ---   15.2   15.3   15.3  1013.5  0.00   0.0   0.011   0.000   18.4    73   13.5   18.5    93    8     95.9    5 
 6/10/26  23:00   15.2   15.2   15.2    86   12.8   0.0   ---   0.00   0.0   ---   15.2   15.2   15.2  1013.7  0.00   0.0   0.011   0.000   18.4    73   13.5   18.5    82    8     84.5    5 
 6/10/26  23:05   15.2   15.2   15.2    86   12.8   0.0   ---   0.00   0.0   ---   15.2   15.2   15.2  1013.7  0.00   0.0   0.011   0.000   18.4    73   13.5   18.5    82    8     84.5    5 
 6/10/26  23:10   15.2   15.2   15.2    86   12.8   0.0   ---   0.00   0.0   ---   15.2   15.2   15.2  1013.6  0.00   0.0   0.011   0.000   18.4    73   13.5   18.5    92    8     94.8    5 
 6/10/26  23:15   15.2   15.2   15.2    86   12.8   0.0   ---   0.00   0.0   ---   15.2   15.2   15.2  1013.5  0.00   0.0   0.011   0.000   18.4    73   13.5   18.6    96    8     99.0    5 
 6/10/26  23:20   15.2   15.2   15.2    86   12.8   0.0   ---   0.00   0.0   ---   15.2   15.2   15.2  1013.5  0.00   0.0   0.011   0.000   18.4    73   13.5   18.6    97    8    100.0    5 
 6/10/26  23:25   15.2   15.2   15.2    86   12.8   0.0   ---   0.00   0.0   ---   15.2   15.2   15.2  1013.4  0.00   0.0   0.011   0.000   18.4    73   13.5   18.6    98    8    100.0    5 
 6/10/26  23:30   15.2   15.3   15.2    86   12.9   0.0   ---   0.00   0.0   ---   15.2   15.3   15.3  1013.2  0.00   0.0   0.011   0.000   18.4    73   13.5   18.6    96    8     99.0    5 
 6/10/26  23:35   15.2   15.3   15.2    86   12.9   0.0   ---   0.00   0.0   ---   15.2   15.3   15.3  1013.1  0.00   0.0   0.011   0.000   18.4    73   13.5   18.6    96    8     99.0    5 
 6/10/26  23:40   15.4   15.4   15.2    86   13.1   0.0   ---   0.00   0.0   ---   15.4   15.4   15.4  1013.0  0.00   0.0   0.010   0.000   18.4    73   13.5   18.6    91    8     93.8    5 
 6/10/26  23:45   15.6   15.6   15.4    85   13.1   0.0   ---   0.00   0.0   ---   15.6   15.7   15.7  1012.9  0.00   0.0   0.009   0.000   18.4    73   13.5   18.5    92    8     94.8    5 
 6/10/26  23:50   15.7   15.7   15.6    84   13.0   0.0   ---   0.00   0.0   ---   15.7   15.8   15.8  1012.9  0.00   0.0   0.009   0.000   18.4    73   13.5   18.5    93    8     95.9    5 
 6/10/26  23:55   15.8   15.8   15.7    84   13.1   0.0   ---   0.00   0.0   ---   15.8   15.9   15.9  1013.0  0.00   0.0   0.009   0.000   18.4    73   13.5   18.5    95    8     97.9    5 
 7/10/26  00:00   16.0   16.0   15.8    82   12.9   0.0   ---   0.00   0.0   ---   16.0   16.1   16.1  1013.1  0.00   0.0   0.008   0.000   18.4    73   13.5   18.5    95    8     97.9    5 
 7/10/26   0:05   16.1   16.1   16.0    82   13.0   0.0   ---   0.00   0.0   ---   16.1   16.2   16.2  1013.2  0.00   0.0   0.008   0.000   18.4    73   13.5   18.5    96    8     99.0    5 
 7/10/26   0:10   16.1   16.1   16.1    81   12.8   0.0   ---   0.00   0.0   ---   16.1   16.1   16.1  1013.2  0.00   0.0   0.008   0.000   18.4    73   13.5   18.5    97    8    100.0    5 
 7/10/26   0:15   16.1   16.1   16.1    81   12.8   0.0   ---   0.00   0.0   ---   16.1   16.1   16.1  1013.1  0.00   0.0   0.008   0.000   18.4    73   13.5   18.5    93    8     95.9    5 
 7/10/26   0:20   16.3   16.3   16.1    80   12.8   0.0   ---   0.00   0.0   ---   16.3   16.3   16.3  1013.0  0.00   0.0   0.007   0.000   18.4    73   13.5   18.5    98    8    100.0    5 
 7/10/26   0:25   16.4   16.4   16.3    80   12.9   0.0   ---   0.00   0.0   ---   16.4   16.4   16.4  1012.9  0.00   0.0   0.007   0.000   18.4    73   13.5   18.5    96    8     99.0    5 
 7/10/26   0:30   16.4   16.4   16.4    80   12.9   0.0   ---   0.00   0.0   ---   16.4   16.4   16.4  1012.9  0.00   0.0   0.007   0.000   18.4    73   13.5   18.5    94    8     96.9    5 
 7/10/26   0:35   16.3   16.4   16.3    80   12.9   0.0   ---   0.00   0.0   ---   16.3   16.4   16.4  1012.8  0.00   0.0   0.007   0.000   18.4    73   13.5   18.5    98    8    100.0    5 
 7/10/26   0:40   16.3   16.3   16.3    80   12.8   0.0   ---   0.00   0.0   ---   16.3   16.3   16.3  1012.8  0.00   0.0   0.007   0.000   18.4    73   13.5   18.6    95    8     97.9    5 
 7/10/26   0:45   16.2   16.3   16.2    80   12.8   0.0   ---   0.00   0.0   ---   16.2   16.2   16.2  1012.8  0.00   0.0   0.007   0.000   18.4    73   13.5   18.6    94    8     96.9    5 
 7/10/26   0:50   16.2   16.2   16.2    80   12.7   0.0   ---   0.00   0.0   ---   16.2   16.2   16.2  1012.9  0.00   0.0   0.008   0.000   18.4    73   13.5   18.6    94    8     96.9    5 
 7/10/26   0:55   16.2   16.2   16.1    80   12.7   0.0   ---   0.00   0.0   ---   16.2   16.2   16.2  1012.9  0.00   0.0   0.008   0.000   18.4    73   13.5   18.5    98    8    100.0    5 
 7/10/26   1:00   16.2   16.2   16.1    80   12.7   0.0   ---   0.00   0.0   ---   16.2   16.2   16.2  1012.9  0.00   0.0   0.008   0.000   18.4    73   13.5   18.5    96    8     99.0    5 
 7/10/26   1:05   16.2   16.2   16.2    80   12.8   0.0   ---   0.00   0.0   ---   16.2   16.2   16.2  1013.0  0.00   0.0   0.007   0.000   18.4    73   13.5   18.6    94    8     96.9    5 
 7/10/26   1:10   16.2   16.3   16.2    80   12.8   0.0   ---   0.00   0.0   ---   16.2   16.2   16.2  1012.9  0.00   0.0   0.007   0.000   18.4    73   13.5   18.6    96    8     99.0    5 
 7/10/26   1:15   16.3   16.3   16.2    80   12.8   0.0   ---   0.00   0.0   ---   16.3   16.3   16.3  1013.0  0.00   0.0   0.007   0.000   18.4    73   13.5   18.6    95    8     97.9    5 
 7/10/26   1:20   16.2   16.3   16.2    80   12.8   0.0   ---   0.00   0.0   ---   16.2   16.2   16.2  1013.0  0.00   0.0   0.007   0.000   18.4    73   13.5   18.6    91    8     93.8    5 
 7/10/26   1:25   16.2   16.2   16.2    81   13.0   0.0   ---   0.00   0.0   ---   16.2   16.3   16.3  1013.0  0.00   0.0   0.007   0.000   18.4    73   13.5   18.6    97    8    100.0    5 
 7/10/26   1:30   16.2   16.3   16.2    81   13.0   0.0   ---   0.00   0.0   ---   16.2   16.3   16.3  1013.1  0.00   0.0   0.007   0.000   18.4    73   13.5   18.5    94    8     96.9    5 
 7/10/26   1:35   16.2   16.2   16.1    81   12.9   0.0   ---   0.00   0.0   ---   16.2   16.2   16.2  1012.9  0.00   0.0   0.008   0.000   18.4    73   13.5   18.5    96    8     99.0    5 
 7/10/26   1:40   16.1   16.2   16.1    81   12.8   0.0   ---   0.00   0.0   ---   16.1   16.1   16.1  1013.0  0.00   0.0   0.008   0.000   18.4    73   13.5   18.6    95    8     97.9    5 
 7/10/26   1:45   16.1   16.1   16.1    81   12.8   0.0   ---   0.00   0.0   ---   16.1   16.1   16.1  1012.9  0.00   0.0   0.008   0.000   18.4    73   13.5   18.6    95    8     97.9    5 
 7/10/26   1:50   16.0   16.1   16.0    81   12.7   0.0   ---   0.00   0.0   ---   16.0   16.0   16.0  1012.9  0.00   0.0   0.008   0.000   18.4    73   13.5   18.5    95    8     97.9    5 
 7/10/26   1:55   15.9   16.1   15.9    82   12.9   0.0   ---   0.00   0.0   ---   15.9   16.0   16.0  1012.9  0.00   0.0   0.008   0.000   18.4    73   13.5   18.5    96    8     99.0    5 
 7/10/26   2:00   15.9   15.9   15.9    82   12.8   0.0   ---   0.00   0.0   ---   15.9   15.9   15.9  1012.8  0.00   0.0   0.008   0.000   18.4    73   13.5   18.5    96    8     99.0    5 
 7/10/26   2:05   15.8   15.9   15.8    82   12.7   0.0   ---   0.00   0.0   ---   15.8   15.8   15.8  1012.7  0.00   0.0   0.009   0.000   18.4    73   13.5   18.5    97    8    100.0    5 
 7/10/26   2:10   15.7   15.8   15.7    83   12.8   0.0   ---   0.00   0.0   ---   15.7   15.7   15.7  1012.6  0.00   0.0   0.009   0.000   18.4    73   13.5   18.5    95    8     97.9    5 
 7/10/26   2:15   15.7   15.7   15.7    83   12.8   0.0   ---   0.00   0.0   ---   15.7   15.7   15.7  1012.7  0.00   0.0   0.009   0.000   18.4    73   13.5   18.5    93    8     95.9    5 
 7/10/26   2:20   15.6   15.7   15.6    84   12.9   0.0   ---   0.00   0.0   ---   15.6   15.7   15.7  1012.6  0.00   0.0   0.009   0.000   18.4    73   13.5   18.6    97    8    100.0    5 
 7/10/26   2:25   15.6   15.7   15.6    84   12.9   0.0   ---   0.00   0.0   ---   15.6   15.7   15.7  1012.5  0.00   0.0   0.009   0.000   18.4    73   13.5   18.5    92    8     94.8    5 
 7/10/26   2:30   15.5   15.6   15.5    84   12.8   0.0   ---   0.00   0.0   ---   15.5   15.6   15.6  1012.6  0.00   0.0   0.010   0.000   18.4    73   13.5   18.5    95    8     97.9    5 
 7/10/26   2:35   15.5   15.5   15.4    84   12.8   0.0   ---   0.00   0.0   ---   15.5   15.6   15.6  1012.6  0.00   0.0   0.010   0.000   18.4    73   13.5   18.6    98    8    100.0    5 
 7/10/26   2:40   15.4   15.5   15.4    84   12.8   0.0   ---   0.00   0.0   ---   15.4   15.4   15.4  1012.8  0.00   0.0   0.010   0.000   18.4    73   13.5   18.5    97    8    100.0    5 
 7/10/26   2:45   15.4   15.4   15.4    84   12.8   0.0   ---   0.00   0.0   ---   15.4   15.4   15.4  1012.9  0.00   0.0   0.010   0.000   18.4    73   13.5   18.5    94    8     96.9    5 
 7/10/26   2:50   15.4   15.4   15.4    84   12.7   0.0   ---   0.00   0.0   ---   15.4   15.4   15.4  1012.9  0.00   0.0   0.010   0.000   18.4    73   13.5   18.5    96    8     99.0    5 
 7/10/26   2:55   15.4   15.4   15.3    85   12.9   0.0   ---   0.00   0.0   ---   15.4   15.4   15.4  1012.9  0.00   0.0   0.010   0.000   18.4    73   13.5   18.6    97    8    100.0    5 
 7/10/26   3:00   15.4   15.4   15.3    85   12.9   0.0   ---   0.00   0.0   ---   15.4   15.5   15.5  1012.8  0.00   0.0   0.010   0.000   18.4    73   13.5   18.5    95    8     97.9    5 
 7/10/26   3:05   15.5   15.5   15.4    85   13.0   0.0   ---   0.00   0.0   ---   15.5   15.6   15.6  1012.9  0.00   0.0   0.010   0.000   18.4    73   13.5   18.5    94    8     96.9    5 
 7/10/26   3:10   15.4   15.5   15.4    85   12.9   0.0   ---   0.00   0.0   ---   15.4   15.5   15.5  1012.9  0.00   0.0   0.010   0.000   18.4    73   13.5   18.5    92    8     94.8    5 
 7/10/26   3:15   15.4   15.5   15.4    85   12.9   0.0   ---   0.00   0.0   ---   15.4   15.5   15.5  1013.0  0.00   0.0   0.010   0.000   18.4    73   13.5   18.5    81    8     83.5    5 
 7/10/26   3:20   15.5   15.5   15.4    85   13.0   0.0   ---   0.00   0.0   ---   15.5   15.6   15.6  1012.8  0.00   0.0   0.010   0.000   18.4    73   13.5   18.5    83    8     85.6    5 
 7/10/26   3:25   15.5   15.6   15.5    85   13.0   0.0   ---   0.00   0.0   ---   15.5   15.6   15.6  1012.8  0.00   0.0   0.010   0.000   18.4    73   13.5   18.5    88    8     90.7    5 
 7/10/26   3:30   15.5   15.6   15.5    85   13.0   0.0   ---   0.00   0.0   ---   15.5   15.6   15.6  1012.7  0.00   0.0   0.010   0.000   18.4    73   13.5   18.5    95    8     97.9    5 
 7/10/26   3:35   15.5   15.5   15.4    85   13.0   0.0   ---   0.00   0.0   ---   15.5   15.6   15.6  1012.5  0.00   0.0   0.010   0.000   18.4    73   13.5   18.5    96    8     99.0    5 
 7/10/26   3:40   15.3   15.5   15.3    85   12.8   0.0   ---   0.00   0.0   ---   15.3   15.4   15.4  1012.4  0.00   0.0   0.010   0.000   18.4    73   13.5   18.5    95    8     97.9    5 
 7/10/26   3:45   15.3   15.3   15.3    85   12.8   0.0   ---   0.00   0.0   ---   15.3   15.4   15.4  1012.3  0.00   0.0   0.010   0.000   18.4    73   13.5   18.5    98    8    100.0    5 
 7/10/26   3:50   15.2   15.3   15.2    85   12.7   0.0   ---   0.00   0.0   ---   15.2   15.2   15.2  1012.3  0.00   0.0   0.011   0.000   18.4    73   13.5   18.5    97    8    100.0    5 
 7/10/26   3:55   15.2   15.2   15.2    86   12.8   0.0   ---   0.00   0.0   ---   15.2   15.2   15.2  1012.3  0.00   0.0   0.011   0.000   18.4    73   13.5   18.5    95    8     97.9    5 
 7/10/26   4:00   15.2   15.2   15.2    86   12.8   0.0   ---   0.00   0.0   ---   15.2   15.2   15.2  1012.4  0.00   0.0   0.011   0.000   18.4    73   13.5   18.5    95    8     97.9    5 
 7/10/26   4:05   15.1   15.2   15.1    86   12.8   0.0   ---   0.00   0.0   ---   15.1   15.2   15.2  1012.2  0.00   0.0   0.011   0.000   18.4    73   13.5   18.5    96    8     99.0    5 
 7/10/26   4:10   15.0   15.1   15.0    86   12.7   0.0   ---   0.00   0.0   ---   15.0   15.0   15.0  1012.2  0.00   0.0   0.012   0.000   18.4    73   13.5   18.5    94    8     96.9    5 
 7/10/26   4:15   14.9   15.0   14.9    86   12.6   0.0   ---   0.00   0.0   ---   14.9   14.9   14.9  1012.2  0.00   0.0   0.012   0.000   18.4    73   13.5   18.5    96    8     99.0    5 
 7/10/26   4:20   14.8   14.9   14.8    86   12.5   0.0   ---   0.00   0.0   ---   14.8   14.8   14.8  1012.2  0.00   0.0   0.012   0.000   18.4    73   13.5   18.5    94    8     96.9    5 
 7/10/26   4:25   14.8   14.8   14.7    87   12.6   0.0   ---   0.00   0.0   ---   14.8   14.8   14.8  1012.2  0.00   0.0   0.012   0.000   18.4    73   13.5   18.5    96    8     99.0    5 
 7/10/26   4:30   14.8   14.8   14.7    87   12.7   0.0   ---   0.00   0.0   ---   14.8   14.9   14.9  1012.1  0.00   0.0   0.012   0.000   18.4    73   13.5   18.5    96    8     99.0    5 
 7/10/26   4:35   14.8   14.8   14.8    87   12.7   0.0   ---   0.00   0.0   ---   14.8   14.9   14.9  1012.2  0.00   0.0   0.012   0.000   18.4    73   13.5   18.5    94    8     96.9    5 
 7/10/26   4:40   14.8   14.9   14.8    87   12.7   0.0   ---   0.00   0.0   ---   14.8   14.9   14.9  1012.2  0.00   0.0   0.012   0.000   18.4    73   13.5   18.5    95    8     97.9    5 
 7/10/26   4:45   14.8   14.9   14.8    87   12.7   0.0   ---   0.00   0.0   ---   14.8   14.9   14.9  1012.2  0.00   0.0   0.012   0.000   18.4    73   13.5   18.5    96    8     99.0    5 
 7/10/26   4:50   14.7   14.8   14.7    87   12.6   0.0   ---   0.00   0.0   ---   14.7   14.7   14.7  1012.3  0.00   0.0   0.013   0.000   18.4    73   13.5   18.5    94    8     96.9    5 
 7/10/26   4:55   14.7   14.8   14.7    87   12.5   0.0   ---   0.00   0.0   ---   14.7   14.7   14.7  1012.4  0.00   0.0   0.013   0.000   18.4    73   13.5   18.5    94    8     96.9    5 
 7/10/26   5:00   14.7   14.7   14.6    87   12.5   0.0   ---   0.00   0.0   ---   14.7   14.7   14.7  1012.5  0.00   0.0   0.013   0.000   18.4    73   13.5   18.5    93    8     95.9    5 
 7/10/26   5:05   14.6   14.7   14.6    87   12.5   0.0   ---   0.00   0.0   ---   14.6   14.6   14.6  1012.6  0.00   0.0   0.013   0.000   18.4    73   13.5   18.5    94    8     96.9    5 
 7/10/26   5:10   14.6   14.7   14.6    87   12.5   0.0   ---   0.00   0.0   ---   14.6   14.6   14.6  1012.6  0.00   0.0   0.013   0.000   18.4    73   13.5   18.5    94    8     96.9    5 
 7/10/26   5:15   14.6   14.6   14.5    87   12.4   0.0   ---   0.00   0.0   ---   14.6   14.6   14.6  1012.7  0.00   0.0   0.013   0.000   18.4    73   13.5   18.5    96    8     99.0    5 
 7/10/26   5:20   14.5   14.5   14.5    88   12.5   0.0   ---   0.00   0.0   ---   14.5   14.5   14.5  1012.6  0.00   0.0   0.013   0.000   18.4    73   13.5   18.5    95    8     97.9    5 
 7/10/26   5:25   14.6   14.6   14.5    88   12.6   0.0   ---   0.00   0.0   ---   14.6   14.6   14.6  1012.6  0.00   0.0   0.013   0.000   18.4    73   13.5   18.5    94    8     96.9    5 
 7/10/26   5:30   14.5   14.6   14.5    88   12.5   0.0   ---   0.00   0.0   ---   14.5   14.5   14.5  1012.6  0.00   0.0   0.013   0.000   18.4    73   13.5   18.5    92    8     94.8    5 
 7/10/26   5:35   14.5   14.5   14.4    88   12.5   0.0   ---   0.00   0.0   ---   14.5   14.5   14.5  1012.6  0.00   0.0   0.013   0.000   18.4    73   13.5   18.5    95    8     97.9    5 
 7/10/26   5:40   14.4   14.4   14.4    88   12.4   0.0   ---   0.00   0.0   ---   14.4   14.4   14.4  1012.5  0.00   0.0   0.014   0.000   18.4    73   13.5   18.5    93    8     95.9    5 
 7/10/26   5:45   14.4   14.4   14.4    88   12.5   0.0   ---   0.00   0.0   ---   14.4   14.4   14.4  1012.5  0.00   0.0   0.014   0.000   18.4    73   13.5   18.5    95    8     97.9    5 
 7/10/26   5:50   14.4   14.4   14.4    88   12.5   0.0   ---   0.00   0.0   ---   14.4   14.4   14.4  1012.6  0.00   0.0   0.014   0.000   18.4    73   13.5   18.5    94    8     96.9    5 
 7/10/26   5:55   14.5   14.5   14.4    89   12.7   0.0   ---   0.00   0.0   ---   14.5   14.6   14.6  1012.6  0.00   0.0   0.013   0.000   18.4    73   13.5   18.5    96    8     99.0    5 
 7/10/26   6:00   14.4   14.4   14.4    88   12.5   0.0   ---   0.00   0.0   ---   14.4   14.4   14.4  1012.6  0.00   0.0   0.014   0.000   18.4    73   13.5   18.5    95    8     97.9    5 
 7/10/26   6:05   14.4   14.4   14.4    88   12.4   0.0   ---   0.00   0.0   ---   14.4   14.4   14.4  1012.6  0.00   0.0   0.014   0.000   18.4    73   13.5   18.5    94    8     96.9    5 
 7/10/26   6:10   14.3   14.4   14.3    89   12.5   0.0   ---   0.00   0.0   ---   14.3   14.4   14.4  1012.6  0.00   0.0   0.014   0.000   18.4    73   13.5   18.5    97    8    100.0    5 
 7/10/26   6:15   14.3   14.4   14.3    89   12.5   0.0   ---   0.00   0.0   ---   14.3   14.4   14.4  1012.7  0.00   0.0   0.014   0.000   18.4    73   13.5   18.5    93    8     95.9    5 
 7/10/26   6:20   14.3   14.3   14.3    89   12.5   0.0   ---   0.00   0.0   ---   14.3   14.4   14.4  1012.7  0.00   0.0   0.014   0.000   18.4    73   13.5   18.5    92    8     94.8    5 
 7/10/26   6:25   14.4   14.4   14.3    89   12.6   0.0   ---   0.00   0.0   ---   14.4   14.4   14.4  1012.8  0.00   0.0   0.014   0.000   18.4    73   13.5   18.5    92    8     94.8    5 
 7/10/26   6:30   14.3   14.4   14.3    89   12.5   0.0   ---   0.00   0.0   ---   14.3   14.4   14.4  1012.7  0.00   0.0   0.014   0.000   18.4    73   13.5   18.5    96    8     99.0    5 
 7/10/26   6:35   14.4   14.4   14.3    89   12.6   0.0   ---   0.00   0.0   ---   14.4   14.4   14.4  1012.6  0.20   0.0   0.014   0.000   18.3    74   13.6   18.4    98    8    100.0    5 
 7/10/26   6:40   14.4   14.4   14.4    90   12.8   0.0   ---   0.00   0.0   ---   14.4   14.5   14.5  1012.7  0.00   0.0   0.014   0.000   18.4    74   13.7   18.6    95    8     97.9    5 
 7/10/26   6:45   14.4   14.4   14.4    89   12.7   0.0   ---   0.00   0.0   ---   14.4   14.5   14.5  1012.8  0.00   0.0   0.014   0.000   18.4    73   13.5   18.5    95    8     97.9    5 
 7/10/26   6:50   14.5   14.5   14.4    89   12.7   0.0   ---   0.00   0.0   ---   14.5   14.6   14.6  1012.8  0.00   0.0   0.013   0.000   18.4    74   13.7   18.6    95    8     97.9    5 
 7/10/26   6:55   14.5   14.6   14.5    89   12.7   0.0   ---   0.00   0.0   ---   14.5   14.6   14.6  1012.8  0.00   0.0   0.013   0.000   18.4    74   13.7   18.6    95    8     97.9    5 
 7/10/26   7:00   14.6   14.6   14.5    90   12.9   0.0   ---   0.00   0.0   ---   14.6   14.6   14.6  1012.8  0.00   0.0   0.013   0.000   18.4    74   13.7   18.6    95    8     97.9    5 
 7/10/26   7:05   14.7   14.7   14.6    90   13.1   0.0   ---   0.00   0.0   ---   14.7   14.8   14.8  1012.7  0.00   0.0   0.013   0.000   18.4    74   13.7   18.6    95    8     97.9    5 
 7/10/26   7:10   14.9   14.9   14.7    90   13.3   0.0   ---   0.00   0.0   ---   14.9   15.0   15.0  1012.7  0.00   0.0   0.012   0.000   18.4    74   13.7   18.6    96    8     99.0    5 
 7/10/26   7:15   15.1   15.1   14.9    90   13.4   0.0   ---   0.00   0.0   ---   15.1   15.2   15.2  1012.7  0.00   0.0   0.011   0.000   18.4    74   13.7   18.6    97    8    100.0    5 
 7/10/26   7:20   15.2   15.2   15.1    90   13.5   0.0   ---   0.00   0.0   ---   15.2   15.3   15.3  1012.7  0.00   0.0   0.011   0.000   18.4    74   13.7   18.6    95    8     97.9    5 
 7/10/26   7:25   15.3   15.3   15.2    89   13.5   0.0   ---   0.00   0.0   ---   15.3   15.4   15.4  1012.8  0.00   0.0   0.010   0.000   18.4    74   13.7   18.6    97    8    100.0    5 
 7/10/26   7:30   15.4   15.4   15.3    89   13.6   0.0   ---   0.00   0.0   ---   15.4   15.6   15.6  1012.8  0.00   0.0   0.010   0.000   18.4    74   13.7   18.6    96    8     99.0    5 
 7/10/26   7:35   15.5   15.5   15.4    89   13.7   0.0   ---   0.00   0.0   ---   15.5   15.7   15.7  1012.8  0.00   0.0   0.010   0.000   18.4    74   13.7   18.6    90    8     92.8    5 
 7/10/26   7:40   15.6   15.6   15.5    89   13.8   0.0   ---   0.00   0.0   ---   15.6   15.8   15.8  1012.8  0.00   0.0   0.009   0.000   18.4    74   13.7   18.6    85    8     87.6    5 
 7/10/26   7:45   15.6   15.6   15.6    88   13.6   0.0   ---   0.00   0.0   ---   15.6   15.7   15.7  1012.8  0.00   0.0   0.009   0.000   18.4    74   13.7   18.6    83    8     85.6    5 
 7/10/26   7:50   15.7   15.7   15.6    88   13.7   0.0   ---   0.00   0.0   ---   15.7   15.8   15.8  1012.8  0.00   0.0   0.009   0.000   18.4    74   13.7   18.6    92    8     94.8    5 
 7/10/26   7:55   15.7   15.7   15.7    88   13.7   0.0   ---   0.00   0.0   ---   15.7   15.8   15.8  1012.8  0.00   0.0   0.009   0.000   18.4    74   13.7   18.6    96    8     99.0    5 
 7/10/26   8:00   15.7   15.7   15.7    88   13.7   0.0   ---   0.00   0.0   ---   15.7   15.8   15.8  1012.7  0.00   0.0   0.009   0.000   18.4    74   13.7   18.6    95    8     97.9    5 
 7/10/26   8:05   15.7   15.7   15.7    88   13.7   0.0   ---   0.00   0.0   ---   15.7   15.8   15.8  1012.7  0.00   0.0   0.009   0.000   18.4    74   13.7   18.6    96    8     99.0    5 
 7/10/26   8:10   15.7   15.7   15.7    88   13.7   0.0   ---   0.00   0.0   ---   15.7   15.8   15.8  1012.7  0.00   0.0   0.009   0.000   18.4    74   13.7   18.6    94    8     96.9    5 
 7/10/26   8:15   15.7   15.7   15.7    88   13.7   0.0   ---   0.00   0.0   ---   15.7   15.8   15.8  1012.5  0.00   0.0   0.009   0.000   18.4    74   13.7   18.6    94    8     96.9    5 
 7/10/26   8:20   15.7   15.7   15.7    88   13.7   0.0   ---   0.00   0.0   ---   15.7   15.8   15.8  1012.4  0.00   0.0   0.009   0.000   18.4    74   13.7   18.6    98    8    100.0    5 
 7/10/26   8:25   15.7   15.7   15.7    88   13.7   0.0   ---   0.00   0.0   ---   15.7   15.8   15.8  1012.5  0.00   0.0   0.009   0.000   18.4    74   13.7   18.6    98    8    100.0    5 
 7/10/26   8:30   15.7   15.8   15.7    89   13.9   0.0   ---   0.00   0.0   ---   15.7   15.9   15.9  1012.5  0.00   0.0   0.009   0.000   18.4    74   13.7   18.6    98    8    100.0    5 
 7/10/26   8:35   15.8   15.8   15.7    89   14.0   0.0   ---   0.00   0.0   ---   15.8   15.9   15.9  1012.6  0.00   0.0   0.009   0.000   18.4    74   13.7   18.6    97    8    100.0    5 
 7/10/26   8:40   15.8   15.8   15.8    89   14.0   0.0   ---   0.00   0.0   ---   15.8   15.9   15.9  1012.7  0.00   0.0   0.009   0.000   18.4    74   13.7   18.6    97    8    100.0    5 
 7/10/26   8:45   15.8   15.8   15.8    89   14.0   0.0   ---   0.00   0.0   ---   15.8   16.0   16.0  1012.5  0.00   0.0   0.009   0.000   18.4    74   13.7   18.6    91    8     93.8    5 
 7/10/26   8:50   15.9   15.9   15.8    89   14.1   0.0   ---   0.00   0.0   ---   15.9   16.1   16.1  1012.3  0.00   0.0   0.008   0.000   18.4    74   13.7   18.6    96    8     99.0    5 
 7/10/26   8:55   15.9   15.9   15.9    89   14.1   0.0   ---   0.00   0.0   ---   15.9   16.1   16.1  1012.2  0.00   0.0   0.008   0.000   18.4    75   13.9   18.6    83    8     85.6    5 
 7/10/26   9:00   16.1   16.1   15.9    89   14.2   0.0   ---   0.00   0.0   ---   16.1   16.3   16.3  1011.9  0.00   0.0   0.008   0.000   18.4    75   13.9   18.6    86    8     88.7    5 
 7/10/26   9:05   16.1   16.1   16.1    89   14.3   0.0   ---   0.00   0.0   ---   16.1   16.3   16.3  1011.9  0.00   0.0   0.008   0.000   18.4    75   13.9   18.6    96    8     99.0    5 
 7/10/26   9:10   16.1   16.2   16.1    89   14.3   0.0   ---   0.00   0.0   ---   16.1   16.3   16.3  1011.9  0.00   0.0   0.008   0.000   18.4    74   13.7   18.6    97    8    100.0    5 
 7/10/26   9:15   16.2   16.2   16.1    89   14.4   0.0   ---   0.00   0.0   ---   16.2   16.4   16.4  1011.8  0.00   0.0   0.008   0.000   18.4    74   13.7   18.6    96    8     99.0    5 
 7/10/26   9:20   16.3   16.3   16.2    89   14.5   0.0   ---   0.00   0.0   ---   16.3   16.5   16.5  1011.9  0.00   0.0   0.007   0.000   18.4    74   13.7   18.6    95    8     97.9    5 
 7/10/26   9:25   16.4   16.4   16.3    89   14.6   0.0   ---   0.00   0.0   ---   16.4   16.6   16.6  1012.2  0.00   0.0   0.007   0.000   18.4    74   13.7   18.6    97    8    100.0    5 
 7/10/26   9:30   16.6   16.6   16.4    88   14.6   0.0   ---   0.00   0.0   ---   16.6   16.8   16.8  1012.2  0.00   0.0   0.006   0.000   18.4    74   13.7   18.6    95    8     97.9    5 
 7/10/26   9:35   16.7   16.7   16.5    88   14.7   0.0   ---   0.00   0.0   ---   16.7   16.9   16.9  1012.1  0.00   0.0   0.006   0.000   18.4    74   13.7   18.6    96    8     99.0    5 
 7/10/26   9:40   16.8   16.8   16.7    88   14.8   0.0   ---   0.00   0.0   ---   16.8   17.1   17.1  1012.1  0.00   0.0   0.005   0.000   18.4    74   13.7   18.6    95    8     97.9    5 
 7/10/26   9:45   16.8   16.8   16.7    87   14.6   0.0   ---   0.00   0.0   ---   16.8   17.0   17.0  1012.0  0.00   0.0   0.005   0.000   18.4    74   13.7   18.6    96    8     99.0    5 
 7/10/26   9:50   16.7   16.8   16.7    87   14.5   0.0   ---   0.00   0.0   ---   16.7   16.9   16.9  1011.9  0.00   0.0   0.006   0.000   18.4    74   13.7   18.6    97    8    100.0    5 
 7/10/26   9:55   16.7   16.7   16.7    87   14.5   0.0   ---   0.00   0.0   ---   16.7   16.9   16.9  1011.9  0.00   0.0   0.006   0.000   18.4    74   13.7   18.6    93    8     95.9    5 
 7/10/26  10:00   16.7   16.7   16.6    87   14.5   0.0   ---   0.00   0.0   ---   16.7   16.9   16.9  1011.8  0.00   0.0   0.006   0.000   18.4    74   13.7   18.6    97    8    100.0    5 
 7/10/26  10:05   16.6   16.7   16.6    86   14.3   0.0   ---   0.00   0.0   ---   16.6   16.8   16.8  1011.5  0.00   0.0   0.006   0.000   18.4    74   13.7   18.6    96    8     99.0    5 
 7/10/26  10:10   16.6   16.6   16.6    87   14.4   0.0   ---   0.00   0.0   ---   16.6   16.8   16.8  1011.4  0.00   0.0   0.006   0.000   18.4    74   13.7   18.6    93    8     95.9    5 
 7/10/26  10:15   16.6   16.6   16.5    87   14.4   0.0   ---   0.00   0.0   ---   16.6   16.8   16.8  1011.3  0.00   0.0   0.006   0.000   18.4    74   13.7   18.6    98    8    100.0    5 
 7/10/26  10:20   16.6   16.6   16.5    87   14.4   0.0   ---   0.00   0.0   ---   16.6   16.8   16.8  1011.2  0.00   0.0   0.006   0.000   18.4    74   13.7   18.6    95    8     97.9    5 
 7/10/26  10:25   16.6   16.6   16.5    87   14.4   0.0   ---   0.00   0.0   ---   16.6   16.8   16.8  1011.1  0.00   0.0   0.006   0.000   18.4    74   13.7   18.6    98    8    100.0    5 
 7/10/26  10:30   16.6   16.7   16.6    87   14.4   0.0   ---   0.00   0.0   ---   16.6   16.8   16.8  1011.2  0.00   0.0   0.006   0.000   18.4    74   13.7   18.6    96    8     99.0    5 
 7/10/26  10:35   16.8   16.8   16.6    87   14.6   0.0   ---   0.00   0.0   ---   16.8   17.0   17.0  1010.9  0.00   0.0   0.005   0.000   18.4    74   13.7   18.6    96    8     99.0    5 
 7/10/26  10:40   17.0   17.0   16.8    86   14.6   0.0   ---   0.00   0.0   ---   17.0   17.3   17.3  1010.9  0.00   0.0   0.005   0.000   18.4    74   13.7   18.6    95    8     97.9    5 
 7/10/26  10:45   17.1   17.1   16.9    86   14.7   0.0   ---   0.00   0.0   ---   17.1   17.4   17.4  1010.8  0.00   0.0   0.004   0.000   18.4    74   13.7   18.6    98    8    100.0    5 
 7/10/26  10:50   17.2   17.2   17.1    86   14.8   0.0   ---   0.00   0.0   ---   17.2   17.4   17.4  1010.9  0.00   0.0   0.004   0.000   18.4    74   13.7   18.6    99    8    100.0    5 
 7/10/26  10:55   17.2   17.2   17.1    86   14.8   0.0   ---   0.00   0.0   ---   17.2   17.4   17.4  1011.0  0.00   0.0   0.004   0.000   18.4    74   13.7   18.6    98    8    100.0    5 
 7/10/26  11:00   17.1   17.2   17.1    85   14.6   0.0   ---   0.00   0.0   ---   17.1   17.4   17.4  1010.9  0.00   0.0   0.004   0.000   18.4    74   13.7   18.6   100    8    100.0    5 
 7/10/26  11:05   17.1   17.1   17.1    85   14.6   0.0   ---   0.00   0.0   ---   17.1   17.4   17.4  1010.8  0.00   0.0   0.004   0.000   18.4    74   13.7   18.6    92    8     94.8    5 
 7/10/26  11:10   17.1   17.1   17.1    85   14.6   0.0   ---   0.00   0.0   ---   17.1   17.4   17.4  1010.8  0.00   0.0   0.004   0.000   18.4    74   13.7   18.6    97    8    100.0    5 
 7/10/26  11:15   17.2   17.2   17.1    85   14.7   0.0   ---   0.00   0.0   ---   17.2   17.5   17.5  1010.4  0.00   0.0   0.004   0.000   18.4    74   13.7   18.6    97    8    100.0    5 
 7/10/26  11:20   17.4   17.4   17.2    85   14.8   0.0   ---   0.00   0.0   ---   17.4   17.7   17.7  1010.4  0.00   0.0   0.003   0.000   18.4    74   13.7   18.6    94    8     96.9    5 
 7/10/26  11:25   17.5   17.5   17.4    84   14.8   0.0   ---   0.00   0.0   ---   17.5   17.8   17.8  1010.7  0.00   0.0   0.003   0.000   18.4    74   13.7   18.6    96    8     99.0    5 
 7/10/26  11:30   17.4   17.5   17.4    84   14.7   0.0   ---   0.00   0.0   ---   17.4   17.7   17.7  1010.7  0.00   0.0   0.003   0.000   18.4    74   13.7   18.6    97    8    100.0    5 
 7/10/26  11:35   17.3   17.4   17.3    84   14.6   0.0   ---   0.00   0.0   ---   17.3   17.6   17.6  1010.8  0.00   0.0   0.003   0.000   18.4    74   13.7   18.6    88    8     90.7    5 
 7/10/26  11:40   17.3   17.3   17.3    84   14.5   0.0   ---   0.00   0.0   ---   17.3   17.6   17.6  1010.9  0.00   0.0   0.004   0.000   18.4    74   13.7   18.6    84    8     86.6    5 
 7/10/26  11:45   17.3   17.3   17.3    84   14.5   0.0   ---   0.00   0.0   ---   17.3   17.6   17.6  1010.6  0.00   0.0   0.004   0.000   18.4    74   13.7   18.6    84    8     86.6    5 
 7/10/26  11:50   17.4   17.4   17.3    85   14.8   0.0   ---   0.00   0.0   ---   17.4   17.7   17.7  1010.6  0.00   0.0   0.003   0.000   18.4    74   13.7   18.6    97    8    100.0    5 
 7/10/26  11:55   17.3   17.4   17.3    85   14.8   0.0   ---   0.00   0.0   ---   17.3   17.6   17.6  1010.4  0.00   0.0   0.003   0.000   18.4    74   13.7   18.6    98    8    100.0    5 
 7/10/26  12:00   17.3   17.3   17.3    85   14.8   0.0   ---   0.00   0.0   ---   17.3   17.6   17.6  1009.8  0.00   0.0   0.003   0.000   18.4    74   13.7   18.6    95    8     97.9    5 
 7/10/26  12:05   17.3   17.3   17.3    85   14.8   0.0   ---   0.00   0.0   ---   17.3   17.6   17.6  1009.5  0.00   0.0   0.003   0.000   18.4    74   13.7   18.6    95    8     97.9    5 
 7/10/26  12:10   17.3   17.4   17.3    85   14.8   0.0   ---   0.00   0.0   ---   17.3   17.6   17.6  1009.6  0.00   0.0   0.003   0.000   18.4    74   13.7   18.6    98    8    100.0    5 
 7/10/26  12:15   17.3   17.4   17.3    85   14.8   0.0   ---   0.00   0.0   ---   17.3   17.6   17.6  1009.5  0.00   0.0   0.003   0.000   18.4    74   13.7   18.6    97    8    100.0    5 
 7/10/26  12:20   17.5   17.5   17.3    85   14.9   0.0   ---   0.00   0.0   ---   17.5   17.8   17.8  1009.2  0.00   0.0   0.003   0.000   18.4    74   13.7   18.6    94    8     96.9    5 
 7/10/26  12:25   17.6   17.6   17.4    85   15.0   0.0   ---   0.00   0.0   ---   17.6   17.9   17.9  1008.8  0.00   0.0   0.003   0.000   18.4    74   13.7   18.6    98    8    100.0    5 
 7/10/26  12:30   17.7   17.7   17.6    85   15.1   0.0   ---   0.00   0.0   ---   17.7   18.0   18.0  1008.6  0.00   0.0   0.002   0.000   18.4    74   13.7   18.6    99    8    100.0    5 
 7/10/26  12:35   17.7   17.7   17.7    84   15.0   0.0   ---   0.00   0.0   ---   17.7   18.1   18.1  1008.1  0.00   0.0   0.002   0.000   18.4    74   13.7   18.6    96    8     99.0    5 
 7/10/26  12:40   17.8   17.8   17.7    84   15.0   0.0   ---   0.00   0.0   ---   17.8   18.1   18.1  1008.2  0.00   0.0   0.002   0.000   18.4    74   13.7   18.6    98    8    100.0    5 
 7/10/26  12:45   17.7   17.8   17.7    84   15.0   0.0   ---   0.00   0.0   ---   17.7   18.1   18.1  1008.3  0.00   0.0   0.002   0.000   18.4    74   13.7   18.6    94    8     96.9    5 
 7/10/26  12:50   17.7   17.7   17.7    85   15.2   0.0   ---   0.00   0.0   ---   17.7   18.1   18.1  1008.3  0.00   0.0   0.002   0.000   18.4    74   13.7   18.6    91    8     93.8    5 
 7/10/26  12:55   17.6   17.7   17.6    85   15.1   0.0   ---   0.00   0.0   ---   17.6   17.9   17.9  1008.2  0.00   0.0   0.003   0.000   18.4    74   13.7   18.6    97    8    100.0    5 
 7/10/26  13:00   17.6   17.7   17.6    85   15.1   0.0   ---   0.00   0.0   ---   17.6   17.9   17.9  1008.3  0.00   0.0   0.003   0.000   18.4    74   13.7   18.6    96    8     99.0    5 
 7/10/26  13:05   17.6   17.7   17.6    85   15.1   0.0   ---   0.00   0.0   ---   17.6   17.9   17.9  1008.3  0.00   0.0   0.003   0.000   18.4    74   13.7   18.6    97    8    100.0    5 
 7/10/26  13:10   17.6   17.6   17.6    85   15.1   0.0   ---   0.00   0.0   ---   17.6   17.9   17.9  1008.4  0.00   0.0   0.003   0.000   18.4    74   13.7   18.6   100    8    100.0    5 
 7/10/26  13:15   17.6   17.6   17.6    85   15.1   0.0   ---   0.00   0.0   ---   17.6   17.9   17.9  1008.5  0.00   0.0   0.003   0.000   18.4    74   13.7   18.6    96    8     99.0    5 
 7/10/26  13:20   17.6   17.6   17.6    86   15.2   0.0   ---   0.00   0.0   ---   17.6   17.9   17.9  1008.6  0.00   0.0   0.003   0.000   18.4    74   13.7   18.6    96    8     99.0    5 
 7/10/26  13:25   17.6   17.6   17.6    86   15.2   0.0   ---   0.00   0.0   ---   17.6   17.9   17.9  1008.5  0.00   0.0   0.003   0.000   18.4    74   13.7   18.6    96    8     99.0    5 
 7/10/26  13:30   17.6   17.6   17.6    86   15.2   0.0   ---   0.00   0.0   ---   17.6   17.9   17.9  1008.3  0.00   0.0   0.003   0.000   18.4    74   13.7   18.6    97    8    100.0    5 
 7/10/26  13:35   17.6   17.6   17.6    86   15.2   0.0   ---   0.00   0.0   ---   17.6   17.9   17.9  1008.3  0.00   0.0   0.003   0.000   18.4    74   13.7   18.6    94    8     96.9    5 
 7/10/26  13:40   17.6   17.6   17.6    86   15.2   0.0   ---   0.00   0.0   ---   17.6   17.9   17.9  1008.4  0.00   0.0   0.003   0.000   18.4    74   13.7   18.6    94    8     96.9    5 
 7/10/26  13:45   17.6   17.6   17.6    86   15.2   0.0   ---   0.00   0.0   ---   17.6   17.9   17.9  1008.6  0.20   0.0   0.003   0.000   18.4    74   13.7   18.6    96    8     99.0    5 
 7/10/26  13:50   17.6   17.6   17.6    87   15.4   0.0   ---   0.00   0.0   ---   17.6   17.9   17.9  1008.9  0.20   2.2   0.003   0.000   18.4    74   13.7   18.6    99    8    100.0    5 
 7/10/26  13:55   17.6   17.6   17.6    87   15.4   0.0   ---   0.00   0.0   ---   17.6   17.9   17.9  1008.7  0.00   2.2   0.003   0.000   18.4    74   13.7   18.6    96    8     99.0    5 
 7/10/26  14:00   17.6   17.6   17.5    87   15.4   0.0   ---   0.00   0.0   ---   17.6   17.9   17.9  1008.8  0.40   3.6   0.003   0.000   18.4    74   13.7   18.6    98    8    100.0    5 
 7/10/26  14:05   17.5   17.6   17.5    88   15.5   0.0   ---   0.00   0.0   ---   17.5   17.9   17.9  1008.7  0.20   3.6   0.003   0.000   18.4    74   13.7   18.6    97    8    100.0    5 
 7/10/26  14:10   17.4   17.5   17.4    88   15.4   0.0   ---   0.00   0.0   ---   17.4   17.8   17.8  1008.7  0.20   2.6   0.003   0.000   18.4    74   13.7   18.6    98    8    100.0    5 
 7/10/26  14:15   17.4   17.5   17.4    88   15.4   0.0   ---   0.00   0.0   ---   17.4   17.8   17.8  1008.7  0.20   2.8   0.003   0.000   18.4    74   13.7   18.6    95    8     97.9    5 
 7/10/26  14:20   17.4   17.4   17.4    89   15.6   0.0   ---   0.00   0.0   ---   17.4   17.8   17.8  1008.7  0.40   6.2   0.003   0.000   18.4    74   13.7   18.6    97    8    100.0    5 
 7/10/26  14:25   17.3   17.4   17.3    89   15.5   0.0   ---   0.00   0.0   ---   17.3   17.7   17.7  1008.7  0.40   6.2   0.003   0.000   18.4    74   13.7   18.6    98    8    100.0    5 
 7/10/26  14:30   17.3   17.4   17.3    89   15.5   0.0   ---   0.00   0.0   ---   17.3   17.7   17.7  1008.7  0.40   5.4   0.003   0.000   18.4    74   13.7   18.6    98    8    100.0    5 
 7/10/26  14:35   17.3   17.3   17.3    89   15.4   0.0   ---   0.00   0.0   ---   17.3   17.7   17.7  1008.7  0.60   7.4   0.004   0.000   18.4    74   13.7   18.6    99    8    100.0    5 
 7/10/26  14:40   17.3   17.3   17.3    89   15.4   0.0   ---   0.00   0.0   ---   17.3   17.7   17.7  1008.9  0.80  12.6   0.004   0.000   18.4    74   13.7   18.6    98    8    100.0    5 
 7/10/26  14:45   17.2   17.3   17.2    90   15.6   0.0   ---   0.00   0.0   ---   17.2   17.6   17.6  1008.3  1.40  32.2   0.004   0.000   18.4    74   13.7   18.6    98    8    100.0    5 
 7/10/26  14:50   17.2   17.2   17.2    90   15.5   0.0   ---   0.00   0.0   ---   17.2   17.6   17.6  1008.0  0.80  32.2   0.004   0.000   18.4    74   13.7   18.6    97    8    100.0    5 
 7/10/26  14:55   17.2   17.2   17.1    90   15.5   0.0   ---   0.00   0.0   ---   17.2   17.6   17.6  1008.2  0.40  12.6   0.004   0.000   18.4    74   13.7   18.6    94    8     96.9    5 
 7/10/26  15:00   17.1   17.2   17.1    90   15.5   0.0   ---   0.00   0.0   ---   17.1   17.5   17.5  1007.8  0.60   6.8   0.004   0.000   18.4    75   13.9   18.6    97    8    100.0    5 
 7/10/26  15:05   17.1   17.2   17.1    90   15.5   0.0   ---   0.00   0.0   ---   17.1   17.5   17.5  1007.7  0.40   6.6   0.004   0.000   18.4    74   13.7   18.6    94    8     96.9    5 
 7/10/26  15:10   17.1   17.2   17.1    90   15.5   0.0   ---   0.00   0.0   ---   17.1   17.5   17.5  1007.7  0.20   5.6   0.004   0.000   18.4    74   13.7   18.6    87    8     89.7    5 
 7/10/26  15:15   17.1   17.1   17.1    90   15.5   0.0   ---   0.00   0.0   ---   17.1   17.5   17.5  1007.8  0.60   7.2   0.004   0.000   18.4    74   13.7   18.6    93    8     95.9    5 
 7/10/26  15:20   17.1   17.1   17.1    90   15.4   0.0   ---   0.00   0.0   ---   17.1   17.4   17.4  1007.7  0.20   7.2   0.004   0.000   18.4    75   13.9   18.6    92    8     94.8    5 
 7/10/26  15:25   17.1   17.1   17.0    90   15.4   0.0   ---   0.00   0.0   ---   17.1   17.4   17.4  1007.4  0.20   3.4   0.004   0.000   18.4    75   13.9   18.6    89    8     91.8    5 
 7/10/26  15:30   17.1   17.1   17.0    91   15.6   0.0   ---   0.00   0.0   ---   17.1   17.4   17.4  1007.0  0.20   2.6   0.004   0.000   18.5    75   14.0   18.7    88    8     90.7    5 
 7/10/26  15:35   17.1   17.1   17.0    91   15.6   0.0   ---   0.00   0.0   ---   17.1   17.4   17.4  1006.4  0.20   2.0   0.004   0.000   18.5    75   14.0   18.7    78    8     80.4    5 
 7/10/26  15:40   17.1   17.1   17.0    91   15.6   0.0   ---   0.00   0.0   ---   17.1   17.4   17.4  1005.8  0.20   2.4   0.004   0.000   18.6    75   14.0   18.8    79    8     81.4    5 
 7/10/26  15:45   17.0   17.1   17.0    91   15.5   0.0   ---   0.00   0.0   ---   17.0   17.3   17.3  1005.3  0.00   2.0   0.005   0.000   18.6    75   14.0   18.8    92    8     94.8    5 
 7/10/26  15:50   17.0   17.1   17.0    91   15.5   0.0   ---   0.00   0.0   ---   17.0   17.3   17.3  1005.8  0.00   1.2   0.005   0.000   18.5    75   14.0   18.7    88    8     90.7    5 
 7/10/26  15:55   17.1   17.1   17.0    91   15.6   0.0   ---   0.00   0.0   ---   17.1   17.4   17.4  1006.2  0.20   1.2   0.004   0.000   18.5    75   14.0   18.7    89    8     91.8    5 
 7/10/26  16:00   17.2   17.2   17.1    91   15.7   0.0   ---   0.00   0.0   ---   17.2   17.6   17.6  1006.4  0.00   1.0   0.004   0.000   18.5    75   14.0   18.7    88    8     90.7    5 
 7/10/26  16:05   17.2   17.3   17.2    92   15.9   0.0   ---   0.00   0.0   ---   17.2   17.6   17.6  1006.4  0.00   1.0   0.004   0.000   18.5    75   14.0   18.7    90    8     92.8    5 
 7/10/26  16:10   17.3   17.3   17.3    92   16.0   0.0   ---   0.00   0.0   ---   17.3   17.8   17.8  1006.5  0.00   0.0   0.003   0.000   18.6    75   14.0   18.8    91    8     93.8    5 
 7/10/26  16:15   17.4   17.4   17.3    92   16.1   0.0   ---   0.00   0.0   ---   17.4   17.9   17.9  1006.5  0.00   0.0   0.003   0.000   18.5    75   14.0   18.7    90    8     92.8    5 
 7/10/26  16:20   17.5   17.5   17.4    92   16.2   0.0   ---   0.00   0.0   ---   17.5   17.9   17.9  1006.6  0.00   0.0   0.003   0.000   18.5    75   14.0   18.7    94    8     96.9    5 
 7/10/26  16:25   17.6   17.6   17.5    92   16.2   0.0   ---   0.00   0.0   ---   17.6   18.0   18.0  1006.5  0.00   0.0   0.003   0.000   18.5    75   14.0   18.7    95    8     97.9    5 
 7/10/26  16:30   17.7   17.7   17.6    92   16.4   0.0   ---   0.00   0.0   ---   17.7   18.2   18.2  1006.4  0.00   0.0   0.002   0.000   18.5    75   14.0   18.7    91    8     93.8    5 
 7/10/26  16:35   17.7   17.7   17.7    92   16.4   0.0   ---   0.00   0.0   ---   17.7   18.2   18.2  1006.1  0.00   0.0   0.002   0.000   18.6    75   14.0   18.8    99    8    100.0    5 
 7/10/26  16:40   17.8   17.8   17.7    92   16.5   0.0   ---   0.00   0.0   ---   17.8   18.3   18.3  1006.0  0.00   0.0   0.002   0.000   18.5    75   14.0   18.7    95    8     97.9    5 
 7/10/26  16:45   17.9   17.9   17.8    92   16.6   0.0   ---   0.00   0.0   ---   17.9   18.4   18.4  1006.1  0.00   0.0   0.002   0.000   18.5    75   14.0   18.7    93    8     95.9    5 
 7/10/26  16:50   18.0   18.0   17.9    92   16.7   0.0   ---   0.00   0.0   ---   18.0   18.6   18.6  1006.2  0.00   0.0   0.001   0.000   18.5    75   14.0   18.7    97    8    100.0    5 
 7/10/26  16:55   18.1   18.1   18.0    92   16.7   0.0   ---   0.00   0.0   ---   18.1   18.6   18.6  1006.4  0.00   0.0   0.001   0.000   18.5    75   14.0   18.7    98    8    100.0    5 
 7/10/26  17:00   18.1   18.1   18.0    92   16.7   0.0   ---   0.00   0.0   ---   18.1   18.6   18.6  1006.5  0.00   0.0   0.001   0.000   18.5    75   14.0   18.7    97    8    100.0    5 
 7/10/26  17:05   18.1   18.1   18.1    92   16.8   0.0   ---   0.00   0.0   ---   18.1   18.7   18.7  1006.6  0.00   0.0   0.001   0.000   18.5    75   14.0   18.7    98    8    100.0    5 
 7/10/26  17:10   18.2   18.2   18.1    92   16.8   0.0   ---   0.00   0.0   ---   18.2   18.7   18.7  1006.7  0.00   0.0   0.001   0.000   18.5    75   14.0   18.7    98    8    100.0    5 
 7/10/26  17:15   18.2   18.2   18.2    92   16.9   0.0   ---   0.00   0.0   ---   18.2   18.8   18.8  1007.0  0.00   0.0   0.000   0.000   18.5    75   14.0   18.7    97    8    100.0    5 
 7/10/26  17:20   18.2   18.2   18.2    92   16.9   0.0   ---   0.00   0.0   ---   18.2   18.8   18.8  1006.9  0.00   0.0   0.000   0.000   18.5    75   14.0   18.7    98    8    100.0    5 
 7/10/26  17:25   18.2   18.3   18.2    92   16.9   0.0   ---   0.00   0.0   ---   18.2   18.8   18.8  1007.3  0.00   0.0   0.000   0.000   18.5    75   14.0   18.7    94    8     96.9    5 
 7/10/26  17:30   18.2   18.3   18.2    92   16.9   0.0   ---   0.00   0.0   ---   18.2   18.8   18.8  1007.4  0.00   0.0   0.000   0.000   18.5    75   14.0   18.7    95    8     97.9    5 
 7/10/26  17:35   18.2   18.2   18.2    92   16.8   0.0   ---   0.00   0.0   ---   18.2   18.7   18.7  1007.6  0.00   0.0   0.001   0.000   18.5    75   14.0   18.7    95    8     97.9    5 
 7/10/26  17:40   18.1   18.2   18.1    92   16.7   0.0   ---   0.00   0.0   ---   18.1   18.6   18.6  1007.8  0.00   0.0   0.001   0.000   18.5    75   14.0   18.7    94    8     96.9    5 
 7/10/26  17:45   17.9   18.1   17.9    92   16.6   0.0   ---   0.00   0.0   ---   17.9   18.4   18.4  1007.9  0.00   0.0   0.001   0.000   18.5    75   14.0   18.7    95    8     97.9    5 
 7/10/26  17:50   17.9   18.0   17.9    91   16.4   0.0   ---   0.00   0.0   ---   17.9   18.4   18.4  1007.9  0.00   0.0   0.002   0.000   18.5    75   14.0   18.7    97    8    100.0    5 
 7/10/26  17:55   17.8   17.9   17.8    91   16.3   0.0   ---   0.00   0.0   ---   17.8   18.2   18.2  1008.0  0.00   0.0   0.002   0.000   18.5    75   14.0   18.7    98    8    100.0    5 
 7/10/26  18:00   17.7   17.8   17.7    91   16.2   0.0   ---   0.00   0.0   ---   17.7   18.2   18.2  1008.1  0.00   0.0   0.002   0.000   18.5    75   14.0   18.7    98    8    100.0    5 
 7/10/26  18:05   17.6   17.7   17.6    91   16.1   0.0   ---   0.00   0.0   ---   17.6   18.0   18.0  1008.2  0.00   0.0   0.003   0.000   18.5    75   14.0   18.7    96    8     99.0    5 
 7/10/26  18:10   17.4   17.6   17.4    91   15.9   0.0   ---   0.00   0.0   ---   17.4   17.8   17.8  1008.3  0.20   0.0   0.003   0.000   18.5    75   14.0   18.7    99    8    100.0    5 
 7/10/26  18:15   17.3   17.4   17.3    91   15.8   0.0   ---   0.00   0.0   ---   17.3   17.7   17.7  1008.6  1.00  29.8   0.004   0.000   18.5    75   14.0   18.7    88    8     90.7    5 
 7/10/26  18:20   17.2   17.3   17.2    91   15.7   0.0   ---   0.00   0.0   ---   17.2   17.6   17.6  1008.6  0.40  10.6   0.004   0.000   18.5    75   14.0   18.7    91    8     93.8    5 
 7/10/26  18:25   17.2   17.2   17.2    91   15.7   0.0   ---   0.00   0.0   ---   17.2   17.6   17.6  1008.7  0.40   5.8   0.004   0.000   18.5    75   14.0   18.7    91    8     93.8    5 
 7/10/26  18:30   17.2   17.2   17.1    91   15.7   0.0   ---   0.00   0.0   ---   17.2   17.6   17.6  1008.7  0.60  13.4   0.004   0.000   18.5    74   13.8   18.7    94    8     96.9    5 
 7/10/26  18:35   17.1   17.1   17.1    91   15.6   0.0   ---   0.00   0.0   ---   17.1   17.4   17.4  1008.7  0.80  12.8   0.004   0.000   18.5    75   14.0   18.7    92    8     94.8    5 
 7/10/26  18:40   17.0   17.1   17.0    91   15.5   0.0   ---   0.00   0.0   ---   17.0   17.3   17.3  1008.8  0.40   9.8   0.005   0.000   18.5    74   13.8   18.7    88    8     90.7    5 
 7/10/26  18:45   16.9   17.0   16.9    91   15.5   0.0   ---   0.00   0.0   ---   16.9   17.3   17.3  1008.9  0.40   7.0   0.005   0.000   18.5    74   13.8   18.7    90    8     92.8    5 
 7/10/26  18:50   16.9   16.9   16.9    91   15.4   0.0   ---   0.00   0.0   ---   16.9   17.2   17.2  1008.8  0.40   5.0   0.005   0.000   18.5    75   14.0   18.7    90    8     92.8    5 
 7/10/26  18:55   16.9   16.9   16.8    92   15.6   0.0   ---   0.00   0.0   ---   16.9   17.2   17.2  1008.7  0.40   6.2   0.005   0.000   18.5    75   14.0   18.7    93    8     95.9    5 
 7/10/26  19:00   16.8   16.9   16.8    92   15.5   0.0   ---   0.00   0.0   ---   16.8   17.2   17.2  1008.7  0.40   7.0   0.005   0.000   18.5    75   14.0   18.7    89    8     91.8    5 
 7/10/26  19:05   16.8   16.8   16.8    92   15.5   0.0   ---   0.00   0.0   ---   16.8   17.2   17.2  1008.8  0.40   7.6   0.005   0.000   18.5    75   14.0   18.7    89    8     91.8    5 
 7/10/26  19:10   16.8   16.8   16.8    91   15.3   0.0   ---   0.00   0.0   ---   16.8   17.1   17.1  1008.6  0.20   5.8   0.005   0.000   18.5    75   14.0   18.7    91    8     93.8    5 
 7/10/26  19:15   16.7   16.8   16.7    91   15.2   0.0   ---   0.00   0.0   ---   16.7   17.1   17.1  1008.6  0.20   2.6   0.006   0.000   18.5    75   14.0   18.7    97    8    100.0    5 
 7/10/26  19:20   16.7   16.7   16.7    91   15.2   0.0   ---   0.00   0.0   ---   16.7   16.9   16.9  1008.7  0.40   6.6   0.006   0.000   18.5    75   14.0   18.7    88    8     90.7    5 
 7/10/26  19:25   16.6   16.7   16.6    91   15.1   0.0   ---   0.00   0.0   ---   16.6   16.9   16.9  1008.8  0.40   7.6   0.006   0.000   18.5    75   14.0   18.7    95    8     97.9    5 
 7/10/26  19:30   16.6   16.6   16.6    91   15.1   0.0   ---   0.00   0.0   ---   16.6   16.9   16.9  1008.9  0.80  12.8   0.006   0.000   18.5    75   14.0   18.7    77    8     79.4    5 
 7/10/26  19:35   16.6   16.6   16.5    92   15.3   0.0   ---   0.00   0.0   ---   16.6   16.9   16.9  1009.0  0.60  12.8   0.006   0.000   18.5    75   14.0   18.7    80    8     82.5    5 
 7/10/26  19:40   16.5   16.6   16.5    92   15.2   0.0   ---   0.00   0.0   ---   16.5   16.8   16.8  1009.0  0.80  11.4   0.006   0.000   18.5    75   14.0   18.7    86    8     88.7    5 
 7/10/26  19:45   16.4   16.5   16.4    92   15.1   0.0   ---   0.00   0.0   ---   16.4   16.7   16.7  1008.9  0.60  11.0   0.007   0.000   18.5    75   14.0   18.7    88    8     90.7    5 
 7/10/26  19:50   16.4   16.4   16.4    92   15.1   0.0   ---   0.00   0.0   ---   16.4   16.7   16.7  1008.9  0.60  10.2   0.007   0.000   18.5    75   14.0   18.7    88    8     90.7    5 
 7/10/26  19:55   16.4   16.4   16.3    92   15.1   0.0   ---   0.00   0.0   ---   16.4   16.7   16.7  1008.8  0.60  11.0   0.007   0.000   18.6    75   14.0   18.8    90    8     92.8    5 
 7/10/26  20:00   16.4   16.4   16.3    92   15.1   0.0   ---   0.00   0.0   ---   16.4   16.7   16.7  1008.7  0.60   5.8   0.007   0.000   18.6    75   14.0   18.8    93    8     95.9    5 
 7/10/26  20:05   16.3   16.3   16.3    92   15.0   0.0   ---   0.00   0.0   ---   16.3   16.6   16.6  1008.5  0.40   5.8   0.007   0.000   18.5    75   14.0   18.7    91    8     93.8    5 
 7/10/26  20:10   16.3   16.3   16.3    92   15.0   0.0   ---   0.00   0.0   ---   16.3   16.6   16.6  1008.7  0.20   4.0   0.007   0.000   18.5    75   14.0   18.7    93    8     95.9    5 
 7/10/26  20:15   16.3   16.3   16.3    92   15.0   0.0   ---   0.00   0.0   ---   16.3   16.6   16.6  1008.8  0.40   3.6   0.007   0.000   18.5    75   14.0   18.7    96    8     99.0    5 
 7/10/26  20:20   16.3   16.3   16.3    92   15.0   0.0   ---   0.00   0.0   ---   16.3   16.6   16.6  1008.8  0.20   3.4   0.007   0.000   18.5    75   14.0   18.7    90    8     92.8    5 
 7/10/26  20:25   16.2   16.3   16.2    92   14.9   0.0   ---   0.00   0.0   ---   16.2   16.5   16.5  1009.1  0.00   2.2   0.007   0.000   18.5    75   14.0   18.7    92    8     94.8    5 
 7/10/26  20:30   16.2   16.3   16.2    92   14.9   0.0   ---   0.00   0.0   ---   16.2   16.5   16.5  1009.3  0.20   2.2   0.007   0.000   18.5    75   14.0   18.7    94    8     96.9    5 
 7/10/26  20:35   16.2   16.3   16.2    92   14.9   0.0   ---   0.00   0.0   ---   16.2   16.5   16.5  1009.4  0.20   1.8   0.007   0.000   18.5    75   14.0   18.7    93    8     95.9    5 
 7/10/26  20:40   16.2   16.3   16.2    92   14.9   0.0   ---   0.00   0.0   ---   16.2   16.5   16.5  1009.5  0.00   1.4   0.007   0.000   18.6    75   14.0   18.8    92    8     94.8    5 
 7/10/26  20:45   16.2   16.3   16.2    92   14.9   0.0   ---   0.00   0.0   ---   16.2   16.5   16.5  1009.6  0.20   2.0   0.007   0.000   18.5    75   14.0   18.7    90    8     92.8    5 
 7/10/26  20:50   16.2   16.3   16.2    92   14.9   0.0   ---   0.00   0.0   ---   16.2   16.5   16.5  1009.4  0.20   2.2   0.007   0.000   18.5    75   14.0   18.7    98    8    100.0    5 
 7/10/26  20:55   16.2   16.2   16.2    92   14.9   0.0   ---   0.00   0.0   ---   16.2   16.5   16.5  1009.2  0.20   2.2   0.007   0.000   18.5    75   14.0   18.7    92    8     94.8    5 
 7/10/26  21:00   16.2   16.3   16.2    92   14.9   0.0   ---   0.00   0.0   ---   16.2   16.5   16.5  1009.1  0.20   2.2   0.007   0.000   18.6    75   14.0   18.8    95    8     97.9    5 
 7/10/26  21:05   16.2   16.3   16.2    92   14.9   0.0   ---   0.00   0.0   ---   16.2   16.5   16.5  1009.0  0.20   2.8   0.007   0.000   18.6    75   14.0   18.8    94    8     96.9    5 
 7/10/26  21:10   16.2   16.3   16.2    92   14.9   0.0   ---   0.00   0.0   ---   16.2   16.5   16.5  1008.8  0.20   2.8   0.007   0.000   18.6    75   14.0   18.8    94    8     96.9    5 
 7/10/26  21:15   16.3   16.3   16.2    92   15.0   0.0   ---   0.00   0.0   ---   16.3   16.6   16.6  1008.7  0.20   2.4   0.007   0.000   18.6    75   14.0   18.8    95    8     97.9    5 
 7/10/26  21:20   16.3   16.3   16.2    92   15.0   0.0   ---   0.00   0.0   ---   16.3   16.6   16.6  1008.4  0.00   1.6   0.007   0.000   18.6    75   14.1   18.8    93    8     95.9    5 
 7/10/26  21:25   16.3   16.3   16.2    92   15.0   0.0   ---   0.00   0.0   ---   16.3   16.6   16.6  1008.4  0.20   1.6   0.007   0.000   18.7    75   14.1   18.9    96    8     99.0    5 
 7/10/26  21:30   16.3   16.3   16.2    92   15.0   0.0   ---   0.00   0.0   ---   16.3   16.6   16.6  1008.3  0.00   1.2   0.007   0.000   18.7    75   14.1   18.9    95    8     97.9    5 
 7/10/26  21:35   16.2   16.3   16.2    92   14.9   0.0   ---   0.00   0.0   ---   16.2   16.5   16.5  1008.3  0.00   0.8   0.007   0.000   18.7    75   14.2   18.9    93    8     95.9    5 
 7/10/26  21:40   16.2   16.3   16.2    92   14.9   0.0   ---   0.00   0.0   ---   16.2   16.5   16.5  1008.2  0.00   0.0   0.007   0.000   18.7    75   14.2   18.9    97    8    100.0    5 
 7/10/26  21:45   16.2   16.3   16.2    92   14.9   0.0   ---   0.00   0.0   ---   16.2   16.5   16.5  1008.1  0.00   0.0   0.007   0.000   18.7    75   14.2   18.9    95    8     97.9    5 
 7/10/26  21:50   16.2   16.2   16.2    92   14.9   0.0   ---   0.00   0.0   ---   16.2   16.5   16.5  1008.1  0.00   0.0   0.007   0.000   18.7    75   14.1   18.9    89    8     91.8    5 
 7/10/26  21:55   16.2   16.2   16.2    92   14.9   0.0   ---   0.00   0.0   ---   16.2   16.5   16.5  1008.0  0.00   0.0   0.007   0.000   18.7    75   14.2   18.9    90    8     92.8    5 
 7/10/26  22:00   16.2   16.2   16.2    92   14.9   0.0   ---   0.00   0.0   ---   16.2   16.4   16.4  1007.7  0.00   0.0   0.008   0.000   18.7    75   14.2   18.9    95    8     97.9    5 
 7/10/26  22:05   16.2   16.2   16.2    92   14.9   0.0   ---   0.00   0.0   ---   16.2   16.4   16.4  1007.4  0.00   0.0   0.008   0.000   18.7    75   14.2   18.9    93    8     95.9    5 
 7/10/26  22:10   16.1   16.2   16.1    92   14.8   0.0   ---   0.00   0.0   ---   16.1   16.3   16.3  1007.0  0.00   0.0   0.008   0.000   18.8    75   14.3   19.1    96    8     99.0    5 
 7/10/26  22:15   16.1   16.2   16.1    92   14.8   0.0   ---   0.00   0.0   ---   16.1   16.3   16.3  1007.1  0.00   0.0   0.008   0.000   18.8    75   14.3   19.1    94    8     96.9    5 
 7/10/26  22:20   16.1   16.1   16.1    92   14.8   0.0   ---   0.00   0.0   ---   16.1   16.3   16.3  1006.9  0.00   0.0   0.008   0.000   18.7    75   14.2   18.9    91    8     93.8    5 
 7/10/26  22:25   16.1   16.1   16.1    92   14.8   0.0   ---   0.00   0.0   ---   16.1   16.3   16.3  1006.8  0.00   0.0   0.008   0.000   18.7    76   14.4   19.0    98    8    100.0    5 
 7/10/26  22:30   16.1   16.1   16.1    92   14.8   0.0   ---   0.00   0.0   ---   16.1   16.3   16.3  1006.6  0.00   0.0   0.008   0.000   18.7    75   14.2   18.9    96    8     99.0    5 
 7/10/26  22:35   16.1   16.2   16.1    92   14.8   0.0   ---   0.00   0.0   ---   16.1   16.3   16.3  1006.5  0.00   0.0   0.008   0.000   18.7    75   14.2   18.9    92    8     94.8    5 
 7/10/26  22:40   16.2   16.2   16.1    92   14.9   0.0   ---   0.00   0.0   ---   16.2   16.5   16.5  1006.8  0.00   0.0   0.007   0.000   18.7    75   14.1   18.9    96    8     99.0    5 
 7/10/26  22:45   16.2   16.2   16.2    93   15.1   0.0   ---   0.00   0.0   ---   16.2   16.5   16.5  1006.8  0.00   0.0   0.007   0.000   18.7    75   14.2   18.9    94    8     96.9    5 
 7/10/26  22:50   16.2   16.2   16.2    93   15.1   0.0   ---   0.00   0.0   ---   16.2   16.5   16.5  1006.9  0.00   0.0   0.007   0.000   18.7    75   14.2   18.9    96    8     99.0    5 
 7/10/26  22:55   16.2   16.2   16.1    92   14.9   0.0   ---   0.00   0.0   ---   16.2   16.4   16.4  1007.0  0.00   0.0   0.008   0.000   18.7    75   14.2   18.9    94    8     96.9    5 
 7/10/26  23:00   16.1   16.2   16.1    92   14.8   0.0   ---   0.00   0.0   ---   16.1   16.3   16.3  1007.0  0.00   0.0   0.008   0.000   18.7    75   14.2   18.9    96    8     99.0    5 
 7/10/26  23:05   16.1   16.2   16.1    92   14.8   0.0   ---   0.00   0.0   ---   16.1   16.3   16.3  1006.9  0.00   0.0   0.008   0.000   18.7    75   14.2   18.9    94    8     96.9    5 
 7/10/26  23:10   16.1   16.1   16.1    92   14.8   0.0   ---   0.00   0.0   ---   16.1   16.3   16.3  1006.9  0.00   0.0   0.008   0.000   18.7    75   14.2   18.9    95    8     97.9    5 
 7/10/26  23:15   16.1   16.1   16.1    92   14.8   0.0   ---   0.00   0.0   ---   16.1   16.3   16.3  1007.1  0.00   0.0   0.008   0.000   18.7    75   14.1   18.9    96    8     99.0    5 
 7/10/26  23:20   16.1   16.1   16.1    92   14.8   0.0   ---   0.00   0.0   ---   16.1   16.3   16.3  1007.0  0.00   0.0   0.008   0.000   18.7    75   14.2   18.9    94    8     96.9    5 
 7/10/26  23:25   16.1   16.1   16.1    92   14.8   0.0   ---   0.00   0.0   ---   16.1   16.3   16.3  1006.9  0.00   0.0   0.008   0.000   18.7    75   14.2   18.9    97    8    100.0    5 
 7/10/26  23:30   16.1   16.1   16.0    92   14.8   0.0   ---   0.00   0.0   ---   16.1   16.3   16.3  1007.2  0.00   0.0   0.008   0.000   18.7    75   14.1   18.9    96    8     99.0    5 
 7/10/26  23:35   16.1   16.1   16.1    92   14.8   0.0   ---   0.00   0.0   ---   16.1   16.3   16.3  1007.4  0.00   0.0   0.008   0.000   18.7    75   14.2   18.9    86    8     88.7    5 
 7/10/26  23:40   16.3   16.3   16.1    93   15.1   0.0   ---   0.00   0.0   ---   16.3   16.6   16.6  1007.3  0.00   0.0   0.007   0.000   18.7    75   14.1   18.9    83    8     85.6    5 
 7/10/26  23:45   16.4   16.4   16.3    93   15.3   0.0   ---   0.00   0.0   ---   16.4   16.7   16.7  1007.1  0.00   0.0   0.007   0.000   18.7    75   14.1   18.9    86    8     88.7    5 
 7/10/26  23:50   16.5   16.5   16.4    93   15.4   0.0   ---   0.00   0.0   ---   16.5   16.8   16.8  1007.1  0.00   0.0   0.006   0.000   18.7    75   14.1   18.9    95    8     97.9    5 
 7/10/26  23:55   16.6   16.6   16.5    93   15.4   0.0   ---   0.00   0.0   ---   16.6   16.9   16.9  1006.9  0.00   0.0   0.006   0.000   18.7    75   14.1   18.9    93    8     95.9    5 
 8/10/26  00:00   16.6   16.6   16.6    93   15.5   0.0   ---   0.00   0.0   ---   16.6   16.9   16.9  1006.9  0.00   0.0   0.006   0.000   18.7    75   14.1   18.9    94    8     96.9    5 
 8/10/26   0:05   16.6   16.6   16.6    93   15.5   0.0   ---   0.00   0.0   ---   16.6   16.9   16.9  1006.9  0.00   0.0   0.006   0.000   18.7    75   14.1   18.9    93    8     95.9    5 
 8/10/26   0:10   16.7   16.7   16.6    93   15.5   0.0   ---   0.00   0.0   ---   16.7   17.0   17.0  1006.9  0.00   0.0   0.006   0.000   18.7    75   14.1   18.9    97    8    100.0    5 
 8/10/26   0:15   16.7   16.7   16.6    93   15.5   0.0   ---   0.00   0.0   ---   16.7   17.0   17.0  1006.7  0.00   0.0   0.006   0.000   18.7    75   14.1   18.9    96    8     99.0    5 
 8/10/26   0:20   16.7   16.7   16.6    93   15.5   0.0   ---   0.00   0.0   ---   16.7   17.0   17.0  1006.4  0.00   0.0   0.006   0.000   18.7    75   14.1   18.9    97    8    100.0    5 
 8/10/26   0:25   16.7   16.7   16.6    93   15.5   0.0   ---   0.00   0.0   ---   16.7   17.0   17.0  1006.4  0.00   0.0   0.006   0.000   18.7    75   14.2   18.9    97    8    100.0    5 
 8/10/26   0:30   16.7   16.7   16.7    93   15.5   0.0   ---   0.00   0.0   ---   16.7   17.0   17.0  1006.4  0.00   0.0   0.006   0.000   18.7    75   14.1   18.9    97    8    100.0    5 
 8/10/26   0:35   16.7   16.7   16.6    93   15.5   0.0   ---   0.00   0.0   ---   16.7   17.0   17.0  1006.2  0.00   0.0   0.006   0.000   18.7    75   14.1   18.9    95    8     97.9    5 
 8/10/26   0:40   16.7   16.7   16.7    93   15.5   0.0   ---   0.00   0.0   ---   16.7   17.0   17.0  1006.4  0.00   0.0   0.006   0.000   18.7    75   14.1   18.9    97    8    100.0    5 
 8/10/26   0:45   16.7   16.7   16.7    93   15.5   0.0   ---   0.00   0.0   ---   16.7   17.0   17.0  1006.5  0.00   0.0   0.006   0.000   18.7    75   14.1   18.9    96    8     99.0    5 
 8/10/26   0:50   16.7   16.7   16.7    93   15.5   0.0   ---   0.00   0.0   ---   16.7   17.0   17.0  1006.2  0.00   0.0   0.006   0.000   18.7    75   14.1   18.9    97    8    100.0    5 
 8/10/26   0:55   16.7   16.7   16.7    93   15.5   0.0   ---   0.00   0.0   ---   16.7   17.0   17.0  1005.9  0.00   0.0   0.006   0.000   18.7    75   14.1   18.9    97    8    100.0    5 
 8/10/26   1:00   16.7   16.7   16.7    93   15.5   0.0   ---   0.00   0.0   ---   16.7   17.0   17.0  1006.1  0.00   0.0   0.006   0.000   18.7    75   14.1   18.9    94    8     96.9    5 
 8/10/26   1:05   16.7   16.7   16.6    93   15.5   0.0   ---   0.00   0.0   ---   16.7   17.0   17.0  1006.4  0.00   0.0   0.006   0.000   18.7    75   14.1   18.9    96    8     99.0    5 
 8/10/26   1:10   16.6   16.7   16.6    93   15.5   0.0   ---   0.00   0.0   ---   16.6   16.9   16.9  1006.7  0.00   0.0   0.006   0.000   18.7    75   14.1   18.9    97    8    100.0    5 
 8/10/26   1:15   16.6   16.6   16.6    93   15.5   0.0   ---   0.00   0.0   ---   16.6   16.9   16.9  1006.7  0.00   0.0   0.006   0.000   18.7    75   14.1   18.9    96    8     99.0    5 
 8/10/26   1:20   16.6   16.6   16.6    93   15.5   0.0   ---   0.00   0.0   ---   16.6   16.9   16.9  1006.8  0.00   0.0   0.006   0.000   18.7    75   14.1   18.9    94    8     96.9    5 
 8/10/26   1:25   16.6   16.6   16.6    93   15.4   0.0   ---   0.00   0.0   ---   16.6   16.9   16.9  1006.8  0.00   0.0   0.006   0.000   18.7    75   14.1   18.9    96    8     99.0    5 
 8/10/26   1:30   16.5   16.6   16.5    93   15.4   0.0   ---   0.00   0.0   ---   16.5   16.8   16.8  1006.8  0.00   0.0   0.006   0.000   18.7    75   14.1   18.9    96    8     99.0    5 
 8/10/26   1:35   16.5   16.6   16.5    93   15.4   0.0   ---   0.00   0.0   ---   16.5   16.8   16.8  1006.8  0.00   0.0   0.006   0.000   18.7    75   14.1   18.9    93    8     95.9    5 
 8/10/26   1:40   16.4   16.5   16.4    92   15.1   0.0   ---   0.00   0.0   ---   16.4   16.7   16.7  1006.8  0.00   0.0   0.007   0.000   18.7    75   14.1   18.9    92    8     94.8    5 
 8/10/26   1:45   16.4   16.4   16.4    92   15.1   0.0   ---   0.00   0.0   ---   16.4   16.7   16.7  1006.8  0.00   0.0   0.007   0.000   18.7    75   14.1   18.9    96    8     99.0    5 
 8/10/26   1:50   16.4   16.4   16.3    92   15.1   0.0   ---   0.00   0.0   ---   16.4   16.7   16.7  1007.0  0.00   0.0   0.007   0.000   18.7    75   14.1   18.9    93    8     95.9    5 
 8/10/26   1:55   16.3   16.4   16.3    93   15.2   0.0   ---   0.00   0.0   ---   16.3   16.6   16.6  1007.0  0.00   0.0   0.007   0.000   18.7    75   14.1   18.9    97    8    100.0    5 
 8/10/26   2:00   16.3   16.3   16.3    93   15.1   0.0   ---   0.00   0.0   ---   16.3   16.6   16.6  1006.9  0.00   0.0   0.007   0.000   18.7    75   14.1   18.9    94    8     96.9    5 
 8/10/26   2:05   16.3   16.3   16.3    93   15.1   0.0   ---   0.00   0.0   ---   16.3   16.6   16.6  1006.9  0.00   0.0   0.007   0.000   18.7    75   14.1   18.9    96    8     99.0    5 
 8/10/26   2:10   16.3   16.3   16.3    93   15.1   0.0   ---   0.00   0.0   ---   16.3   16.6   16.6  1006.7  0.00   0.0   0.007   0.000   18.7    75   14.1   18.9    91    8     93.8    5 
 8/10/26   2:15   16.3   16.3   16.2    93   15.1   0.0   ---   0.00   0.0   ---   16.3   16.6   16.6  1006.6  0.00   0.0   0.007   0.000   18.6    75   14.1   18.8    94    8     96.9    5 
 8/10/26   2:20   16.2   16.3   16.2    93   15.1   0.0   ---   0.00   0.0   ---   16.2   16.5   16.5  1006.3  0.00   0.0   0.007   0.000   18.7    75   14.1   18.9    93    8     95.9    5 
 8/10/26   2:25   16.3   16.3   16.2    93   15.1   0.0   ---   0.00   0.0   ---   16.3   16.6   16.6  1006.2  0.00   0.0   0.007   0.000   18.7    75   14.1   18.9    96    8     99.0    5 
 8/10/26   2:30   16.3   16.3   16.3    93   15.1   0.0   ---   0.00   0.0   ---   16.3   16.6   16.6  1006.3  0.00   0.0   0.007   0.000   18.7    75   14.1   18.9    94    8     96.9    5 
 8/10/26   2:35   16.3   16.3   16.3    93   15.1   0.0   ---   0.00   0.0   ---   16.3   16.6   16.6  1006.2  0.00   0.0   0.007   0.000   18.7    75   14.1   18.9    90    8     92.8    5 
 8/10/26   2:40   16.3   16.3   16.3    93   15.2   0.0   ---   0.00   0.0   ---   16.3   16.6   16.6  1006.2  0.00   0.0   0.007   0.000   18.7    75   14.1   18.9    94    8     96.9    5 
 8/10/26   2:45   16.3   16.3   16.3    93   15.2   0.0   ---   0.00   0.0   ---   16.3   16.6   16.6  1006.2  0.00   0.0   0.007   0.000   18.7    75   14.1   18.9    95    8     97.9    5 
 8/10/26   2:50   16.3   16.3   16.3    93   15.1   0.0   ---   0.00   0.0   ---   16.3   16.6   16.6  1006.3  0.00   0.0   0.007   0.000   18.7    75   14.1   18.9    93    8     95.9    5 
 8/10/26   2:55   16.3   16.3   16.3    93   15.2   0.0   ---   0.00   0.0   ---   16.3   16.6   16.6  1006.1  0.00   0.0   0.007   0.000   18.7    75   14.1   18.9    93    8     95.9    5 
 8/10/26   3:00   16.3   16.3   16.3    93   15.2   0.0   ---   0.00   0.0   ---   16.3   16.6   16.6  1005.9  0.00   0.0   0.007   0.000   18.7    75   14.1   18.9    95    8     97.9    5 
 8/10/26   3:05   16.3   16.3   16.3    93   15.2   0.0   ---   0.00   0.0   ---   16.3   16.6   16.6  1006.1  0.00   0.0   0.007   0.000   18.6    75   14.1   18.8    93    8     95.9    5 
 8/10/26   3:10   16.3   16.3   16.3    93   15.2   0.0   ---   0.00   0.0   ---   16.3   16.6   16.6  1006.2  0.00   0.0   0.007   0.000   18.6    75   14.1   18.8    93    8     95.9    5 
 8/10/26   3:15   16.3   16.3   16.3    93   15.2   0.0   ---   0.00   0.0   ---   16.3   16.6   16.6  1006.3  0.00   0.0   0.007   0.000   18.7    75   14.1   18.9    93    8     95.9    5 
 8/10/26   3:20   16.3   16.3   16.3    93   15.2   0.0   ---   0.00   0.0   ---   16.3   16.6   16.6  1006.1  0.00   0.0   0.007   0.000   18.6    75   14.1   18.8    92    8     94.8    5 
 8/10/26   3:25   16.3   16.4   16.3    93   15.2   0.0   ---   0.00   0.0   ---   16.3   16.6   16.6  1006.0  0.00   0.0   0.007   0.000   18.6    75   14.1   18.8    91    8     93.8    5 
 8/10/26   3:30   16.3   16.4   16.3    93   15.2   0.0   ---   0.00   0.0   ---   16.3   16.6   16.6  1005.9  0.00   0.0   0.007   0.000   18.7    75   14.1   18.9    96    8     99.0    5 
 8/10/26   3:35   16.4   16.4   16.3    93   15.3   0.0   ---   0.00   0.0   ---   16.4   16.7   16.7  1005.8  0.00   0.0   0.007   0.000   18.7    75   14.1   18.9    93    8     95.9    5 
 8/10/26   3:40   16.4   16.4   16.3    93   15.3   0.0   ---   0.00   0.0   ---   16.4   16.7   16.7  1005.5  0.00   0.0   0.007   0.000   18.6    75   14.1   18.8    76    8     78.4    5 
 8/10/26   3:45   16.3   16.4   16.3    93   15.2   0.0   ---   0.00   0.0   ---   16.3   16.6   16.6  1005.4  0.00   0.0   0.007   0.000   18.6    75   14.1   18.8    80    8     82.5    5 
 8/10/26   3:50   16.3   16.4   16.3    93   15.2   0.0   ---   0.00   0.0   ---   16.3   16.6   16.6  1005.3  0.00   0.0   0.007   0.000   18.6    75   14.1   18.8    91    8     93.8    5 
 8/10/26   3:55   16.3   16.4   16.3    93   15.2   0.0   ---   0.00   0.0   ---   16.3   16.6   16.6  1005.4  0.00   0.0   0.007   0.000   18.6    75   14.1   18.8    92    8     94.8    5 
 8/10/26   4:00   16.3   16.3   16.3    93   15.2   0.0   ---   0.00   0.0   ---   16.3   16.6   16.6  1005.7  0.00   0.0   0.007   0.000   18.6    75   14.1   18.8    95    8     97.9    5 
 8/10/26   4:05   16.3   16.3   16.3    93   15.1   0.0   ---   0.00   0.0   ---   16.3   16.6   16.6  1005.8  0.00   0.0   0.007   0.000   18.6    75   14.1   18.8    96    8     99.0    5 
 8/10/26   4:10   16.3   16.3   16.2    93   15.1   0.0   ---   0.00   0.0   ---   16.3   16.6   16.6  1005.9  0.00   0.0   0.007   0.000   18.6    75   14.1   18.8    91    8     93.8    5 
 8/10/26   4:15   16.2   16.3   16.2    93   15.1   0.0   ---   0.00   0.0   ---   16.2   16.5   16.5  1005.8  0.00   0.0   0.007   0.000   18.6    75   14.1   18.8    93    8     95.9    5 
 8/10/26   4:20   16.2   16.2   16.2    93   15.1   0.0   ---   0.00   0.0   ---   16.2   16.5   16.5  1005.8  0.00   0.0   0.007   0.000   18.6    75   14.1   18.8    91    8     93.8    5 
 8/10/26   4:25   16.2   16.2   16.2    93   15.1   0.0   ---   0.00   0.0   ---   16.2   16.5   16.5  1005.9  0.00   0.0   0.007   0.000   18.6    75   14.1   18.8    94    8     96.9    5 
 8/10/26   4:30   16.2   16.2   16.2    93   15.0   0.0   ---   0.00   0.0   ---   16.2   16.4   16.4  1005.9  0.00   0.0   0.008   0.000   18.6    75   14.1   18.8    95    8     97.9    5 
 8/10/26   4:35   16.2   16.2   16.2    93   15.0   0.0   ---   0.00   0.0   ---   16.2   16.4   16.4  1005.8  0.00   0.0   0.008   0.000   18.6    75   14.1   18.8    93    8     95.9    5 
 8/10/26   4:40   16.2   16.2   16.2    93   15.0   0.0   ---   0.00   0.0   ---   16.2   16.4   16.4  1005.8  0.00   0.0   0.008   0.000   18.6    75   14.1   18.8    93    8     95.9    5 
 8/10/26   4:45   16.1   16.2   16.1    93   15.0   0.0   ---   0.00   0.0   ---   16.1   16.4   16.4  1005.9  0.00   0.0   0.008   0.000   18.6    75   14.1   18.8    92    8     94.8    5 
 8/10/26   4:50   16.1   16.1   16.1    93   15.0   0.0   ---   0.00   0.0   ---   16.1   16.4   16.4  1006.1  0.00   0.0   0.008   0.000   18.6    75   14.1   18.8    96    8     99.0    5 
 8/10/26   4:55   16.1   16.1   16.1    93   15.0   0.0   ---   0.00   0.0   ---   16.1   16.4   16.4  1006.3  0.00   0.0   0.008   0.000   18.6    75   14.1   18.8    95    8     97.9    5 
 8/10/26   5:00   16.1   16.1   16.1    93   15.0   0.0   ---   0.00   0.0   ---   16.1   16.4   16.4  1006.2  0.00   0.0   0.008   0.000   18.6    75   14.1   18.8    95    8     97.9    5 
 8/10/26   5:05   16.1   16.1   16.1    93   14.9   0.0   ---   0.00   0.0   ---   16.1   16.3   16.3  1006.3  0.00   0.0   0.008   0.000   18.6    75   14.1   18.8    94    8     96.9    5 
 8/10/26   5:10   16.0   16.1   16.0    93   14.9   0.0   ---   0.00   0.0   ---   16.0   16.2   16.2  1006.3  0.00   0.0   0.008   0.000   18.6    75   14.1   18.8    94    8     96.9    5 
 8/10/26   5:15   16.0   16.1   16.0    93   14.9   0.0   ---   0.00   0.0   ---   16.0   16.2   16.2  1006.2  0.00   0.0   0.008   0.000   18.6    75   14.1   18.8    92    8     94.8    5 
 8/10/26   5:20   16.0   16.1   16.0    93   14.9   0.0   ---   0.00   0.0   ---   16.0   16.2   16.2  1006.3  0.00   0.0   0.008   0.000   18.6    75   14.1   18.8    92    8     94.8    5 
 8/10/26   5:25   16.0   16.0   15.9    93   14.9   0.0   ---   0.00   0.0   ---   16.0   16.2   16.2  1006.1  0.00   0.0   0.008   0.000   18.6    75   14.1   18.8    93    8     95.9    5 
 8/10/26   5:30   15.9   16.0   15.9    93   14.8   0.0   ---   0.00   0.0   ---   15.9   16.2   16.2  1006.1  0.00   0.0   0.008   0.000   18.6    75   14.1   18.8    90    8     92.8    5 
 8/10/26   5:35   15.9   15.9   15.9    93   14.8   0.0   ---   0.00   0.0   ---   15.9   16.1   16.1  1006.2  0.00   0.0   0.008   0.000   18.6    75   14.1   18.8    92    8     94.8    5 
 8/10/26   5:40   15.9   15.9   15.9    93   14.8   0.0   ---   0.00   0.0   ---   15.9   16.1   16.1  1006.2  0.00   0.0   0.008   0.000   18.6    75   14.1   18.8    94    8     96.9    5 
 8/10/26   5:45   15.9   15.9   15.9    93   14.8   0.0   ---   0.00   0.0   ---   15.9   16.1   16.1  1006.2  0.00   0.0   0.008   0.000   18.6    75   14.1   18.8    91    8     93.8    5 
 8/10/26   5:50   15.9   15.9   15.9    93   14.8   0.0   ---   0.00   0.0   ---   15.9   16.1   16.1  1006.1  0.00   0.0   0.008   0.000   18.6    75   14.1   18.8    92    8     94.8    5 
 8/10/26   5:55   15.9   15.9   15.9    93   14.8   0.0   ---   0.00   0.0   ---   15.9   16.1   16.1  1006.0  0.00   0.0   0.008   0.000   18.6    75   14.1   18.8    92    8     94.8    5 
 8/10/26   6:00   15.9   15.9   15.9    93   14.8   0.0   ---   0.00   0.0   ---   15.9   16.1   16.1  1005.9  0.00   0.0   0.008   0.000   18.6    75   14.1   18.8    93    8     95.9    5 
 8/10/26   6:05   15.9   15.9   15.9    93   14.8   0.0   ---   0.00   0.0   ---   15.9   16.1   16.1  1006.1  0.00   0.0   0.008   0.000   18.6    75   14.1   18.8    93    8     95.9    5 
 8/10/26   6:10   15.9   15.9   15.9    93   14.8   0.0   ---   0.00   0.0   ---   15.9   16.1   16.1  1006.1  0.00   0.0   0.008   0.000   18.6    75   14.1   18.8    93    8     95.9    5 
 8/10/26   6:15   15.9   15.9   15.8    93   14.8   0.0   ---   0.00   0.0   ---   15.9   16.1   16.1  1006.2  0.00   0.0   0.008   0.000   18.6    75   14.1   18.8    94    8     96.9    5 
 8/10/26   6:20   15.8   15.9   15.8    93   14.7   0.0   ---   0.00   0.0   ---   15.8   16.1   16.1  1006.3  0.00   0.0   0.009   0.000   18.6    75   14.1   18.8    93    8     95.9    5 
 8/10/26   6:25   15.8   15.8   15.8    93   14.6   0.0   ---   0.00   0.0   ---   15.8   16.0   16.0  1006.4  0.00   0.0   0.009   0.000   18.6    75   14.1   18.8    94    8     96.9    5 
 8/10/26   6:30   15.8   15.8   15.8    93   14.6   0.0   ---   0.00   0.0   ---   15.8   16.0   16.0  1006.3  0.00   0.0   0.009   0.000   18.6    75   14.1   18.8    92    8     94.8    5 
 8/10/26   6:35   15.8   15.8   15.7    93   14.6   0.0   ---   0.00   0.0   ---   15.8   16.0   16.0  1006.2  0.00   0.0   0.009   0.000   18.6    75   14.1   18.8    93    8     95.9    5 
 8/10/26   6:40   15.7   15.8   15.7    93   14.6   0.0   ---   0.00   0.0   ---   15.7   15.9   15.9  1006.5  0.00   0.0   0.009   0.000   18.6    75   14.1   18.8    94    8     96.9    5 
 8/10/26   6:45   15.7   15.8   15.7    93   14.6   0.0   ---   0.00   0.0   ---   15.7   15.9   15.9  1006.7  0.00   0.0   0.009   0.000   18.6    75   14.1   18.8    82    8     84.5    5 
 8/10/26   6:50   15.8   15.8   15.7    93   14.6   0.0   ---   0.00   0.0   ---   15.8   16.0   16.0  1006.9  0.00   0.0   0.009   0.000   18.6    75   14.1   18.8    84    8     86.6    5 
 8/10/26   6:55   15.8   15.8   15.7    93   14.6   0.0   ---   0.00   0.0   ---   15.8   16.0   16.0  1007.1  0.00   0.0   0.009   0.000   18.6    75   14.1   18.8    94    8     96.9    5 
 8/10/26   7:00   15.8   15.8   15.8    93   14.7   0.0   ---   0.00   0.0   ---   15.8   16.1   16.1  1007.2  0.00   0.0   0.009   0.000   18.6    75   14.1   18.8    97    8    100.0    5 
 8/10/26   7:05   15.9   15.9   15.8    93   14.8   0.0   ---   0.00   0.0   ---   15.9   16.1   16.1  1007.1  0.00   0.0   0.008   0.000   18.6    75   14.1   18.8    93    8     95.9    5 
 8/10/26   7:10   15.9   15.9   15.9    93   14.8   0.0   ---   0.00   0.0   ---   15.9   16.2   16.2  1007.3  0.00   0.0   0.008   0.000   18.6    75   14.1   18.8    98    8    100.0    5 
 8/10/26   7:15   16.0   16.0   15.9    93   14.9   0.0   ---   0.00   0.0   ---   16.0   16.2   16.2  1007.3  0.00   0.0   0.008   0.000   18.6    75   14.1   18.8    96    8     99.0    5 
 8/10/26   7:20   16.1   16.1   16.0    93   14.9   0.0   ---   0.00   0.0   ---   16.1   16.3   16.3  1007.4  0.00   0.0   0.008   0.000   18.6    75   14.1   18.8    98    8    100.0    5 
 8/10/26   7:25   16.1   16.1   16.0    93   14.9   0.0   ---   0.00   0.0   ---   16.1   16.3   16.3  1007.6  0.00   0.0   0.008   0.000   18.6    75   14.1   18.8    97    8    100.0    5 
 8/10/26   7:30   16.1   16.1   16.1    93   15.0   0.0   ---   0.00   0.0   ---   16.1   16.4   16.4  1007.8  0.00   0.0   0.008   0.000   18.6    75   14.1   18.8    98    8    100.0    5 
 8/10/26   7:35   16.1   16.1   16.1    93   15.0   0.0   ---   0.00   0.0   ---   16.1   16.4   16.4  1007.9  0.00   0.0   0.008   0.000   18.6    75   14.1   18.8    96    8     99.0    5 
 8/10/26   7:40   16.1   16.2   16.1    93   15.0   0.0   ---   0.00   0.0   ---   16.1   16.4   16.4  1008.1  0.00   0.0   0.008   0.000   18.6    75   14.1   18.8    97    8    100.0    5 
 8/10/26   7:45   16.2   16.2   16.1    93   15.1   0.0   ---   0.00   0.0   ---   16.2   16.5   16.5  1008.0  0.00   0.0   0.007   0.000   18.6    75   14.1   18.8    86    8     88.7    5 
 8/10/26   7:50   16.3   16.3   16.2    93   15.1   0.0   ---   0.00   0.0   ---   16.3   16.6   16.6  1008.2  0.00   0.0   0.007   0.000   18.6    75   14.1   18.8    84    8     86.6    5 
 8/10/26   7:55   16.2   16.2   16.2    93   15.0   0.0   ---   0.00   0.0   ---   16.2   16.4   16.4  1008.3  0.00   0.0   0.008   0.000   18.6    75   14.1   18.8    92    8     94.8    5 
 8/10/26   8:00   16.1   16.2   16.1    93   15.0   0.0   ---   0.00   0.0   ---   16.1   16.4   16.4  1008.3  0.00   0.0   0.008   0.000   18.6    75   14.1   18.8    97    8    100.0    5 
 8/10/26   8:05   16.1   16.2   16.1    93   15.0   0.0   ---   0.00   0.0   ---   16.1   16.4   16.4  1008.2  0.00   0.0   0.008   0.000   18.6    75   14.1   18.8    98    8    100.0    5 
 8/10/26   8:10   16.1   16.2   16.1    93   15.0   0.0   ---   0.00   0.0   ---   16.1   16.4   16.4  1008.2  0.00   0.0   0.008   0.000   18.6    75   14.1   18.8    99    8    100.0    5 
 8/10/26   8:15   16.1   16.2   16.1    93   15.0   0.0   ---   0.00   0.0   ---   16.1   16.4   16.4  1008.1  0.00   0.0   0.008   0.000   18.6    75   14.1   18.8    95    8     97.9    5 
 8/10/26   8:20   16.1   16.1   16.1    93   15.0   0.0   ---   0.00   0.0   ---   16.1   16.4   16.4  1008.2  0.00   0.0   0.008   0.000   18.6    75   14.1   18.8    97    8    100.0    5 
 8/10/26   8:25   16.1   16.1   16.1    93   15.0   0.0   ---   0.00   0.0   ---   16.1   16.4   16.4  1008.2  0.00   0.0   0.008   0.000   18.6    75   14.1   18.8    96    8     99.0    5 
 8/10/26   8:30   16.0   16.1   16.0    93   14.9   0.0   ---   0.00   0.0   ---   16.0   16.2   16.2  1008.3  0.00   0.0   0.008   0.000   18.6    75   14.1   18.8    95    8     97.9    5 
 8/10/26   8:35   15.9   16.0   15.9    93   14.8   0.0   ---   0.00   0.0   ---   15.9   16.2   16.2  1008.4  0.00   0.0   0.008   0.000   18.6    75   14.0   18.8    95    8     97.9    5 
 8/10/26   8:40   15.9   15.9   15.9    93   14.8   0.0   ---   0.00   0.0   ---   15.9   16.2   16.2  1008.5  0.00   0.0   0.008   0.000   18.6    75   14.0   18.8    95    8     97.9    5 
 8/10/26   8:45   15.9   15.9   15.9    93   14.8   0.0   ---   0.00   0.0   ---   15.9   16.2   16.2  1008.6  0.00   0.0   0.008   0.000   18.6    75   14.1   18.8    99    8    100.0    5 
 8/10/26   8:50   15.9   15.9   15.9    93   14.8   0.0   ---   0.00   0.0   ---   15.9   16.1   16.1  1008.7  0.00   0.0   0.008   0.000   18.6    75   14.0   18.8    94    8     96.9    5 
 8/10/26   8:55   15.9   15.9   15.9    93   14.8   0.0   ---   0.00   0.0   ---   15.9   16.1   16.1  1008.8  0.00   0.0   0.008   0.000   18.6    75   14.0   18.8    95    8     97.9    5 
 8/10/26   9:00   15.9   15.9   15.9    93   14.8   0.0   ---   0.00   0.0   ---   15.9   16.1   16.1  1009.0  0.00   0.0   0.008   0.000   18.6    76   14.2   18.8    98    8    100.0    5 
 8/10/26   9:05   16.0   16.0   15.9    93   14.9   0.0   ---   0.00   0.0   ---   16.0   16.2   16.2  1009.1  0.00   0.0   0.008   0.000   18.6    76   14.3   18.9    95    8     97.9    5 
 8/10/26   9:10   15.9   16.0   15.9    93   14.8   0.0   ---   0.00   0.0   ---   15.9   16.2   16.2  1009.1  0.00   0.0   0.008   0.000   18.6    76   14.3   18.9    98    8    100.0    5 
 8/10/26   9:15   16.1   16.1   16.0    93   14.9   0.0   ---   0.00   0.0   ---   16.1   16.3   16.3  1009.1  0.00   0.0   0.008   0.000   18.6    76   14.3   18.9    93    8     95.9    5 
 8/10/26   9:20   16.1   16.1   16.0    93   14.9   0.0   ---   0.00   0.0   ---   16.1   16.3   16.3  1009.0  0.00   0.0   0.008   0.000   18.6    76   14.3   18.9    96    8     99.0    5 
 8/10/26   9:25   15.9   16.1   15.9    93   14.8   0.0   ---   0.00   0.0   ---   15.9   16.2   16.2  1009.0  0.00   0.0   0.008   0.000   18.6    76   14.3   18.9    95    8     97.9    5 
 8/10/26   9:30   16.0   16.0   15.9    93   14.9   0.0   ---   0.00   0.0   ---   16.0   16.2   16.2  1009.0  0.00   0.0   0.008   0.000   18.6    76   14.3   18.9    94    8     96.9    5 
 8/10/26   9:35   16.1   16.1   16.0    93   15.0   0.0   ---   0.00   0.0   ---   16.1   16.4   16.4  1008.9  0.00   0.0   0.008   0.000   18.6    76   14.3   18.9    94    8     96.9    5 
 8/10/26   9:40   16.2   16.2   16.1    93   15.1   0.0   ---   0.00   0.0   ---   16.2   16.5   16.5  1008.9  0.00   0.0   0.007   0.000   18.6    76   14.3   18.9    93    8     95.9    5 
 8/10/26   9:45   16.4   16.4   16.3    93   15.3   0.0   ---   0.00   0.0   ---   16.4   16.7   16.7  1009.0  0.00   0.0   0.007   0.000   18.6    75   14.1   18.8    93    8     95.9    5 
 8/10/26   9:50   16.3   16.4   16.3    93   15.2   0.0   ---   0.00   0.0   ---   16.3   16.6   16.6  1009.1  0.00   0.0   0.007   0.000   18.6    75   14.1   18.8    93    8     95.9    5 
 8/10/26   9:55   16.4   16.4   16.3    93   15.3   0.0   ---   0.00   0.0   ---   16.4   16.7   16.7  1009.0  0.00   0.0   0.007   0.000   18.6    75   14.1   18.8    94    8     96.9    5 
 8/10/26  10:00   16.6   16.6   16.4    93   15.5   0.0   ---   0.00   0.0   ---   16.6   16.9   16.9  1009.0  0.00   0.0   0.006   0.000   18.6    75   14.1   18.8    94    8     96.9    5 
 8/10/26  10:05   16.7   16.7   16.6    93   15.6   0.0   ---   0.00   0.0   ---   16.7   17.1   17.1  1008.9  0.00   0.0   0.006   0.000   18.6    75   14.1   18.8    95    8     97.9    5 
 8/10/26  10:10   16.8   16.8   16.7    93   15.6   0.0   ---   0.00   0.0   ---   16.8   17.1   17.1  1008.9  0.00   0.0   0.005   0.000   18.6    75   14.1   18.8    95    8     97.9    5 
 8/10/26  10:15   16.8   16.8   16.8    93   15.6   0.0   ---   0.00   0.0   ---   16.8   17.1   17.1  1008.7  0.00   0.0   0.005   0.000   18.6    75   14.1   18.8    96    8     99.0    5 
 8/10/26  10:20   16.8   16.8   16.7    92   15.5   0.0   ---   0.00   0.0   ---   16.8   17.1   17.1  1008.8  0.00   0.0   0.005   0.000   18.6    75   14.1   18.8    97    8    100.0    5 
 8/10/26  10:25   16.8   16.8   16.8    92   15.5   0.0   ---   0.00   0.0   ---   16.8   17.2   17.2  1008.8  0.00   0.0   0.005   0.000   18.6    75   14.1   18.8    98    8    100.0    5 
 8/10/26  10:30   16.7   16.8   16.7    92   15.4   0.0   ---   0.00   0.0   ---   16.7   17.1   17.1  1008.7  0.00   0.0   0.006   0.000   18.6    75   14.1   18.8    95    8     97.9    5 
 8/10/26  10:35   16.8   16.8   16.7    92   15.5   0.0   ---   0.00   0.0   ---   16.8   17.2   17.2  1008.8  0.00   0.0   0.005   0.000   18.6    75   14.1   18.8    95    8     97.9    5 
 8/10/26  10:40   16.9   16.9   16.8    91   15.4   0.0   ---   0.00   0.0   ---   16.9   17.2   17.2  1009.0  0.00   0.0   0.005   0.000   18.6    75   14.1   18.8    95    8     97.9    5 
 8/10/26  10:45   17.1   17.1   16.9    91   15.6   0.0   ---   0.00   0.0   ---   17.1   17.5   17.5  1008.9  0.00   0.0   0.004   0.000   18.6    75   14.1   18.8    95    8     97.9    5 
 8/10/26  10:50   17.2   17.2   17.1    90   15.5   0.0   ---   0.00   0.0   ---   17.2   17.6   17.6  1008.7  0.00   0.0   0.004   0.000   18.6    75   14.1   18.8    96    8     99.0    5 
 8/10/26  10:55   17.2   17.2   17.2    90   15.6   0.0   ---   0.00   0.0   ---   17.2   17.6   17.6  1008.7  0.00   0.0   0.004   0.000   18.6    75   14.1   18.8    98    8    100.0    5 
 8/10/26  11:00   17.2   17.3   17.2    90   15.6   0.0   ---   0.00   0.0   ---   17.2   17.6   17.6  1008.7  0.00   0.0   0.004   0.000   18.6    75   14.1   18.8    95    8     97.9    5 
 8/10/26  11:05   17.2   17.3   17.2    89   15.4   0.0   ---   0.00   0.0   ---   17.2   17.6   17.6  1008.7  0.00   0.0   0.004   0.000   18.6    75   14.1   18.8    97    8    100.0    5 
 8/10/26  11:10   17.3   17.3   17.2    89   15.4   0.0   ---   0.00   0.0   ---   17.3   17.7   17.7  1008.7  0.00   0.0   0.004   0.000   18.6    75   14.1   18.8    95    8     97.9    5 
 8/10/26  11:15   17.3   17.4   17.3    89   15.5   0.0   ---   0.00   0.0   ---   17.3   17.7   17.7  1008.7  0.00   0.0   0.003   0.000   18.6    75   14.1   18.8    98    8    100.0    5 
 8/10/26  11:20   17.6   17.6   17.4    88   15.6   0.0   ---   0.00   0.0   ---   17.6   18.0   18.0  1008.6  0.00   0.0   0.003   0.000   18.6    75   14.1   18.8    95    8     97.9    5 
 8/10/26  11:25   17.7   17.7   17.6    87   15.5   0.0   ---   0.00   0.0   ---   17.7   18.1   18.1  1008.8  0.00   0.0   0.002   0.000   18.6    75   14.1   18.8    93    8     95.9    5 
 8/10/26  11:30   17.7   17.8   17.7    86   15.3   0.0   ---   0.00   0.0   ---   17.7   18.1   18.1  1008.8  0.00   0.0   0.002   0.000   18.6    75   14.1   18.8    99    8    100.0    5 
 8/10/26  11:35   17.6   17.7   17.6    87   15.4   0.0   ---   0.00   0.0   ---   17.6   17.9   17.9  1008.8  0.00   0.0   0.003   0.000   18.6    75   14.1   18.8    98    8    100.0    5 
 8/10/26  11:40   17.4   17.6   17.4    87   15.2   0.0   ---   0.00   0.0   ---   17.4   17.7   17.7  1009.0  0.00   0.0   0.003   0.000   18.6    75   14.1   18.8    90    8     92.8    5 
 8/10/26  11:45   17.3   17.4   17.3    88   15.3   0.0   ---   0.00   0.0   ---   17.3   17.6   17.6  1008.9  0.00   0.0   0.004   0.000   18.6    75   14.1   18.8    86    8     88.7    5 
 8/10/26  11:50   17.2   17.3   17.2    88   15.2   0.0   ---   0.00   0.0   ---   17.2   17.6   17.6  1008.9  0.00   0.0   0.004   0.000   18.6    75   14.1   18.8    90    8     92.8    5 
 8/10/26  11:55   17.3   17.4   17.2    90   15.7   0.0   ---   0.00   0.0   ---   17.3   17.7   17.7  1008.9  0.00   0.0   0.003   0.000   18.6    75   14.1   18.8   100    8    100.0    5 
 8/10/26  12:00   17.4   17.4   17.3    89   15.6   0.0   ---   0.00   0.0   ---   17.4   17.8   17.8  1008.8  0.00   0.0   0.003   0.000   18.6    75   14.1   18.8   100    8    100.0    5 
 8/10/26  12:05   17.3   17.4   17.3    87   15.1   0.0   ---   0.00   0.0   ---   17.3   17.6   17.6  1008.9  0.00   0.0   0.004   0.000   18.6    75   14.1   18.8    98    8    100.0    5 
 8/10/26  12:10   17.2   17.3   17.2    87   15.0   0.0   ---   0.00   0.0   ---   17.2   17.5   17.5  1009.1  0.00   0.0   0.004   0.000   18.6    75   14.1   18.8   100    8    100.0    5 
 8/10/26  12:15   17.1   17.2   17.1    87   14.9   0.0   ---   0.00   0.0   ---   17.1   17.4   17.4  1009.2  0.00   0.0   0.004   0.000   18.6    75   14.1   18.8    99    8    100.0    5 
 8/10/26  12:20   17.1   17.1   17.1    87   14.9   0.0   ---   0.00   0.0   ---   17.1   17.4   17.4  1009.3  0.00   0.0   0.004   0.000   18.6    75   14.1   18.8    98    8    100.0    5 
 8/10/26  12:25   17.1   17.1   17.1    87   14.9   0.0   ---   0.00   0.0   ---   17.1   17.4   17.4  1009.2  0.00   0.0   0.004   0.000   18.6    75   14.1   18.8    98    8    100.0    5 
 8/10/26  12:30   17.2   17.3   17.1    87   15.0   0.0   ---   0.00   0.0   ---   17.2   17.6   17.6  1009.2  0.00   0.0   0.004   0.000   18.6    75   14.1   18.8    99    8    100.0    5 
 8/10/26  12:35   17.1   17.2   17.1    86   14.7   0.0   ---   0.00   0.0   ---   17.1   17.4   17.4  1009.2  0.00   0.0   0.004   0.000   18.6    75   14.1   18.8    99    8    100.0    5 
 8/10/26  12:40   17.2   17.2   17.1    86   14.8   0.0   ---   0.00   0.0   ---   17.2   17.4   17.4  1009.3  0.00   0.0   0.004   0.000   18.6    75   14.1   18.8   100    8    100.0    5 
 8/10/26  12:45   17.1   17.1   17.1    85   14.5   0.0   ---   0.00   0.0   ---   17.1   17.3   17.3  1009.3  0.00   0.0   0.004   0.000   18.6    75   14.1   18.8   100    8    100.0    5 
 8/10/26  12:50   17.2   17.2   17.1    85   14.7   0.0   ---   0.00   0.0   ---   17.2   17.5   17.5  1009.2  0.00   0.0   0.004   0.000   18.6    75   14.1   18.8    99    8    100.0    5 
 8/10/26  12:55   17.4   17.4   17.2    86   15.0   0.0   ---   0.00   0.0   ---   17.4   17.7   17.7  1009.2  0.00   0.0   0.003   0.000   18.6    75   14.1   18.8    99    8    100.0    5 
 8/10/26  13:00   17.4   17.4   17.4    84   14.7   0.0   ---   0.00   0.0   ---   17.4   17.7   17.7  1009.4  0.00   0.0   0.003   0.000   18.6    75   14.1   18.8   100    8    100.0    5 
 8/10/26  13:05   17.4   17.4   17.4    84   14.7   0.0   ---   0.00   0.0   ---   17.4   17.7   17.7  1009.3  0.00   0.0   0.003   0.000   18.6    75   14.1   18.8    99    8    100.0    5 
 8/10/26  13:10   17.4   17.4   17.4    84   14.7   0.0   ---   0.00   0.0   ---   17.4   17.7   17.7  1009.3  0.00   0.0   0.003   0.000   18.6    75   14.1   18.8    98    8    100.0    5 
 8/10/26  13:15   17.2   17.4   17.2    84   14.4   0.0   ---   0.00   0.0   ---   17.2   17.4   17.4  1009.3  0.00   0.0   0.004   0.000   18.6    75   14.1   18.8   100    8    100.0    5 
 8/10/26  13:20   17.2   17.2   17.2    85   14.6   0.0   ---   0.00   0.0   ---   17.2   17.4   17.4  1009.5  0.00   0.0   0.004   0.000   18.6    75   14.1   18.8    98    8    100.0    5 
 8/10/26  13:25   17.2   17.2   17.1    86   14.8   0.0   ---   0.00   0.0   ---   17.2   17.4   17.4  1009.5  0.00   0.0   0.004   0.000   18.6    75   14.1   18.8    99    8    100.0    5 
 8/10/26  13:30   17.2   17.2   17.1    86   14.8   0.0   ---   0.00   0.0   ---   17.2   17.4   17.4  1009.5  0.00   0.0   0.004   0.000   18.6    75   14.1   18.8    99    8    100.0    5 
 8/10/26  13:35   17.1   17.2   17.1    86   14.7   0.0   ---   0.00   0.0   ---   17.1   17.3   17.3  1009.4  0.00   0.0   0.004   0.000   18.6    75   14.1   18.8   100    8    100.0    5 
 8/10/26  13:40   17.0   17.1   17.0    86   14.6   0.0   ---   0.00   0.0   ---   17.0   17.3   17.3  1009.4  0.00   0.0   0.005   0.000   18.6    75   14.1   18.8   100    8    100.0    5 
 8/10/26  13:45   16.9   17.0   16.9    86   14.5   0.0   ---   0.00   0.0   ---   16.9   17.1   17.1  1009.6  0.00   0.0   0.005   0.000   18.6    75   14.0   18.8   100    8    100.0    5 
 8/10/26  13:50   16.7   16.9   16.7    86   14.4   0.0   ---   0.00   0.0   ---   16.7   16.9   16.9  1009.6  0.00   0.0   0.006   0.000   18.6    75   14.0   18.8   100    8    100.0    5 
 8/10/26  13:55   16.7   16.8   16.7    87   14.5   0.0   ---   0.00   0.0   ---   16.7   16.9   16.9  1009.6  0.00   0.0   0.006   0.000   18.6    75   14.1   18.8   100    8    100.0    5 
 8/10/26  14:00   16.7   16.8   16.7    87   14.5   0.0   ---   0.00   0.0   ---   16.7   16.9   16.9  1009.6  0.00   0.0   0.006   0.000   18.6    75   14.0   18.8   100    8    100.0    5 
 8/10/26  14:05   16.8   16.9   16.8    85   14.2   0.0   ---   0.00   0.0   ---   16.8   16.9   16.9  1009.5  0.00   0.0   0.005   0.000   18.6    75   14.0   18.8    99    8    100.0    5 
 8/10/26  14:10   16.8   16.8   16.8    85   14.2   0.0   ---   0.00   0.0   ---   16.8   16.9   16.9  1009.4  0.00   0.0   0.005   0.000   18.6    75   14.1   18.8    99    8    100.0    5 
 8/10/26  14:15   16.9   16.9   16.8    85   14.3   0.0   ---   0.00   0.0   ---   16.9   17.1   17.1  1009.3  0.00   0.0   0.005   0.000   18.6    75   14.0   18.8    99    8    100.0    5 
 8/10/26  14:20   16.9   16.9   16.8    84   14.2   0.0   ---   0.00   0.0   ---   16.9   17.2   17.2  1009.4  0.00   0.0   0.005   0.000   18.6    75   14.1   18.8    99    8    100.0    5 
 8/10/26  14:25   17.0   17.0   16.9    82   13.9   0.0   ---   0.00   0.0   ---   17.0   17.2   17.2  1009.5  0.00   0.0   0.005   0.000   18.6    75   14.1   18.8   100    8    100.0    5 
 8/10/26  14:30   16.7   17.0   16.7    83   13.8   0.0   ---   0.00   0.0   ---   16.7   16.9   16.9  1009.5  0.00   0.0   0.006   0.000   18.6    75   14.1   18.8   100    8    100.0    5 
 8/10/26  14:35   16.8   16.8   16.7    85   14.3   0.0   ---   0.00   0.0   ---   16.8   17.1   17.1  1009.6  0.00   0.0   0.005   0.000   18.6    75   14.0   18.8   100    8    100.0    5 
 8/10/26  14:40   16.8   16.9   16.8    83   13.9   0.0   ---   0.00   0.0   ---   16.8   17.0   17.0  1009.6  0.00   0.0   0.005   0.000   18.6    75   14.1   18.8   100    8    100.0    5 
 8/10/26  14:45   16.8   16.9   16.8    84   14.1   0.0   ---   0.00   0.0   ---   16.8   17.0   17.0  1009.7  0.00   0.0   0.005   0.000   18.6    76   14.3   18.9   100    8    100.0    5 
 8/10/26  14:50   16.8   16.8   16.8    83   13.9   0.0   ---   0.00   0.0   ---   16.8   16.9   16.9  1009.6  0.00   0.0   0.005   0.000   18.6    75   14.1   18.8   100    8    100.0    5 
 8/10/26  14:55   16.7   16.8   16.7    83   13.8   0.0   ---   0.00   0.0   ---   16.7   16.8   16.8  1009.8  0.00   0.0   0.006   0.000   18.7    75   14.1   18.9    99    8    100.0    5 
 8/10/26  15:00   16.6   16.7   16.6    83   13.7   0.0   ---   0.00   0.0   ---   16.6   16.7   16.7  1009.9  0.00   0.0   0.006   0.000   18.7    75   14.2   18.9   100    8    100.0    5 
 8/10/26  15:05   16.6   16.7   16.6    83   13.7   0.0   ---   0.00   0.0   ---   16.6   16.7   16.7  1009.8  0.00   0.0   0.006   0.000   18.7    75   14.2   18.9    99    8    100.0    5 
 8/10/26  15:10   16.6   16.6   16.5    84   13.8   0.0   ---   0.00   0.0   ---   16.6   16.7   16.7  1009.9  0.00   0.0   0.006   0.000   18.7    76   14.3   18.9    99    8    100.0    5 
 8/10/26  15:15   16.5   16.6   16.5    84   13.8   0.0   ---   0.00   0.0   ---   16.5   16.6   16.6  1009.8  0.00   0.0   0.006   0.000   18.7    75   14.1   18.9   100    8    100.0    5 
 8/10/26  15:20   16.5   16.6   16.5    84   13.8   0.0   ---   0.00   0.0   ---   16.5   16.6   16.6  1009.9  0.00   0.0   0.006   0.000   18.7    76   14.4   19.0   100    8    100.0    5 
 8/10/26  15:25   16.4   16.5   16.4    84   13.7   0.0   ---   0.00   0.0   ---   16.4   16.6   16.6  1009.7  0.00   0.0   0.007   0.000   18.8    76   14.5   19.1   100    8    100.0    5 
 8/10/26  15:30   16.3   16.4   16.3    84   13.6   0.0   ---   0.00   0.0   ---   16.3   16.4   16.4  1009.8  0.00   0.0   0.007   0.000   18.7    76   14.4   19.0    92    8     94.8    5 
 8/10/26  15:35   16.2   16.3   16.2    84   13.5   0.0   ---   0.00   0.0   ---   16.2   16.3   16.3  1009.9  0.00   0.0   0.007   0.000   18.7    76   14.4   19.0    86    8     88.7    5 
 8/10/26  15:40   16.3   16.3   16.2    84   13.6   0.0   ---   0.00   0.0   ---   16.3   16.4   16.4  1010.1  0.00   0.0   0.007   0.000   18.7    76   14.4   19.0    89    8     91.8    5 
 8/10/26  15:45   16.2   16.3   16.2    83   13.3   0.0   ---   0.00   0.0   ---   16.2   16.3   16.3  1010.2  0.00   0.0   0.007   0.000   18.7    76   14.4   19.0   100    8    100.0    5 
 8/10/26  15:50   16.2   16.2   16.1    84   13.5   0.0   ---   0.00   0.0   ---   16.2   16.3   16.3  1010.4  0.00   0.0   0.008   0.000   18.7    76   14.4   19.0   100    8    100.0    5 
 8/10/26  15:55   16.2   16.2   16.2    84   13.5   0.0   ---   0.00   0.0   ---   16.2   16.3   16.3  1010.3  0.00   0.0   0.007   0.000   18.7    76   14.4   19.0    99    8    100.0    5 
 8/10/26  16:00   16.3   16.3   16.2    84   13.6   0.0   ---   0.00   0.0   ---   16.3   16.4   16.4  1010.4  0.00   0.0   0.007   0.000   18.7    76   14.4   19.0    97    8    100.0    5 
 8/10/26  16:05   16.3   16.4   16.3    83   13.4   0.0   ---   0.00   0.0   ---   16.3   16.4   16.4  1010.5  0.00   0.0   0.007   0.000   18.7    76   14.4   19.0    97    8    100.0    5 
 8/10/26  16:10   16.2   16.4   16.2    83   13.3   0.0   ---   0.00   0.0   ---   16.2   16.3   16.3  1010.5  0.00   0.0   0.007   0.000   18.7    76   14.4   19.0   100    8    100.0    5 
 8/10/26  16:15   16.1   16.2   16.1    84   13.4   0.0   ---   0.00   0.0   ---   16.1   16.2   16.2  1010.6  0.00   0.0   0.008   0.000   18.8    75   14.3   19.1    97    8    100.0    5 
 8/10/26  16:20   16.1   16.1   16.1    85   13.5   0.0   ---   0.00   0.0   ---   16.1   16.2   16.2  1010.7  0.00   0.0   0.008   0.000   18.8    75   14.3   19.1   100    8    100.0    5 
 8/10/26  16:25   15.9   16.1   15.9    85   13.4   0.0   ---   0.00   0.0   ---   15.9   16.0   16.0  1010.7  0.00   0.0   0.008   0.000   18.8    75   14.3   19.1    99    8    100.0    5 
 8/10/26  16:30   15.7   15.9   15.7    86   13.4   0.0   ---   0.00   0.0   ---   15.7   15.8   15.8  1010.8  0.00   0.0   0.009   0.000   18.8    75   14.3   19.1    99    8    100.0    5 
 8/10/26  16:35   15.5   15.7   15.5    85   13.0   0.0   ---   0.00   0.0   ---   15.5   15.6   15.6  1011.0  0.00   0.0   0.010   0.000   18.9    75   14.4   19.2    99    8    100.0    5 
 8/10/26  16:40   15.5   15.6   15.5    87   13.3   0.0   ---   0.00   0.0   ---   15.5   15.6   15.6  1011.1  0.00   0.0   0.010   0.000   18.9    75   14.4   19.2    99    8    100.0    5 
 8/10/26  16:45   15.4   15.5   15.4    86   13.1   0.0   ---   0.00   0.0   ---   15.4   15.4   15.4  1011.1  0.00   0.0   0.010   0.000   18.9    75   14.4   19.2    98    8    100.0    5 
 8/10/26  16:50   15.4   15.4   15.3    87   13.2   0.0   ---   0.00   0.0   ---   15.4   15.5   15.5  1011.3  0.00   0.0   0.010   0.000   18.9    75   14.4   19.2    99    8    100.0    5 
 8/10/26  16:55   15.2   15.4   15.2    86   12.9   0.0   ---   0.00   0.0   ---   15.2   15.3   15.3  1011.4  0.00   0.0   0.011   0.000   18.9    75   14.4   19.2   100    8    100.0    5 
 8/10/26  17:00   15.2   15.2   15.2    86   12.8   0.0   ---   0.00   0.0   ---   15.2   15.2   15.2  1011.6  0.20   0.0   0.011   0.000   18.9    75   14.4   19.2    98    8    100.0    5 
 8/10/26  17:05   15.1   15.2   15.1    87   12.9   0.0   ---   0.00   0.0   ---   15.1   15.1   15.1  1011.6  0.20   3.6   0.011   0.000   19.0    75   14.5   19.3    99    8    100.0    5 
 8/10/26  17:10   14.9   15.1   14.9    87   12.8   0.0   ---   0.00   0.0   ---   14.9   15.0   15.0  1011.7  0.00   1.6   0.012   0.000   19.0    75   14.5   19.3    99    8    100.0    5 
 8/10/26  17:15   14.7   14.9   14.7    87   12.5   0.0   ---   0.00   0.0   ---   14.7   14.7   14.7  1011.7  0.20   1.6   0.013   0.000   18.9    75   14.4   19.2    98    8    100.0    5 
 8/10/26  17:20   14.6   14.7   14.6    88   12.6   0.0   ---   0.00   0.0   ---   14.6   14.6   14.6  1011.7  0.00   1.4   0.013   0.000   18.9    75   14.4   19.2    97    8    100.0    5 
 8/10/26  17:25   14.5   14.6   14.5    89   12.7   0.0   ---   0.00   0.0   ---   14.5   14.6   14.6  1011.7  0.00   0.8   0.013   0.000   18.9    75   14.4   19.2    99    8    100.0    5 
 8/10/26  17:30   14.3   14.5   14.3    88   12.4   0.0   ---   0.00   0.0   ---   14.3   14.3   14.3  1011.8  0.00   0.0   0.014   0.000   18.9    75   14.4   19.2   100    8    100.0    5 
 8/10/26  17:35   14.2   14.3   14.2    89   12.4   0.0   ---   0.00   0.0   ---   14.2   14.2   14.2  1011.9  0.00   0.0   0.014   0.000   18.9    75   14.4   19.2   100    8    100.0    5 
 8/10/26  17:40   14.0   14.2   14.0    89   12.2   0.0   ---   0.00   0.0   ---   14.0   14.1   14.1  1012.2  0.00   0.0   0.015   0.000   18.9    75   14.4   19.2    99    8    100.0    5 
 8/10/26  17:45   13.9   14.1   13.9    89   12.2   0.0   ---   0.00   0.0   ---   13.9   14.0   14.0  1012.1  0.00   0.0   0.015   0.000   18.9    75   14.4   19.2    98    8    100.0    5 
 8/10/26  17:50   13.9   13.9   13.9    89   12.2   0.0   ---   0.00   0.0   ---   13.9   14.0   14.0  1012.2  0.00   0.0   0.015   0.000   18.9    74   14.2   19.1    99    8    100.0    5 
 8/10/26  17:55   13.9   13.9   13.9    89   12.1   0.0   ---   0.00   0.0   ---   13.9   13.9   13.9  1012.3  0.00   0.0   0.015   0.000   18.9    74   14.2   19.2    99    8    100.0    5 
 8/10/26  18:00   13.8   13.9   13.8    89   12.0   0.0   ---   0.00   0.0   ---   13.8   13.8   13.8  1012.4  0.00   0.0   0.016   0.000   18.9    74   14.2   19.1   100    8    100.0    5 
 8/10/26  18:05   13.7   13.8   13.7    89   11.9   0.0   ---   0.00   0.0   ---   13.7   13.7   13.7  1012.5  0.00   0.0   0.016   0.000   18.9    74   14.2   19.1    99    8    100.0    5 
 8/10/26  18:10   13.7   13.7   13.6    89   11.9   0.0   ---   0.00   0.0   ---   13.7   13.7   13.7  1012.7  0.20   0.0   0.016   0.000   18.9    74   14.2   19.1    99    8    100.0    5 
 8/10/26  18:15   13.6   13.7   13.6    89   11.8   0.0   ---   0.00   0.0   ---   13.6   13.6   13.6  1012.7  0.00   0.0   0.017   0.000   18.9    74   14.2   19.1    99    8    100.0    5 
 8/10/26  18:20   13.4   13.6   13.4    89   11.6   0.0   ---   0.00   0.0   ---   13.4   13.4   13.4  1012.8  0.00   0.0   0.017   0.000   18.9    74   14.2   19.1    99    8    100.0    5 
 8/10/26  18:25   13.2   13.4   13.2    89   11.4   0.0   ---   0.00   0.0   ---   13.2   13.3   13.3  1013.0  0.00   0.0   0.018   0.000   18.9    74   14.2   19.1    98    8    100.0    5 
 8/10/26  18:30   13.2   13.2   13.2    90   11.6   0.0   ---   0.00   0.0   ---   13.2   13.2   13.2  1013.1  0.00   0.0   0.018   0.000   18.9    74   14.2   19.1    98    8    100.0    5 
 8/10/26  18:35   13.1   13.2   13.1    89   11.3   0.0   ---   0.00   0.0   ---   13.1   13.2   13.2  1013.3  0.00   0.0   0.018   0.000   18.9    74   14.2   19.1    99    8    100.0    5 
 8/10/26  18:40   12.9   13.1   12.9    89   11.2   0.0   ---   0.00   0.0   ---   12.9   13.0   13.0  1013.5  0.00   0.0   0.019   0.000   18.9    74   14.2   19.1    97    8    100.0    5 
 8/10/26  18:45   12.8   12.9   12.8    89   11.1   0.0   ---   0.00   0.0   ---   12.8   12.9   12.9  1013.3  0.00   0.0   0.019   0.000   18.8    74   14.1   19.1    98    8    100.0    5 
 8/10/26  18:50   12.8   12.9   12.8    89   11.1   0.0   ---   0.00   0.0   ---   12.8   12.9   12.9  1013.4  0.00   0.0   0.019   0.000   18.8    74   14.1   19.1    99    8    100.0    5 
 8/10/26  18:55   12.8   12.8   12.8    90   11.2   0.0   ---   0.00   0.0   ---   12.8   12.9   12.9  1013.6  0.00   0.0   0.019   0.000   18.9    74   14.2   19.1    96    8     99.0    5 
 8/10/26  19:00   12.7   12.8   12.7    90   11.1   0.0   ---   0.00   0.0   ---   12.7   12.8   12.8  1013.7  0.00   0.0   0.019   0.000   18.8    74   14.1   19.1    99    8    100.0    5 
 8/10/26  19:05   12.6   12.8   12.6    89   10.8   0.0   ---   0.00   0.0   ---   12.6   12.7   12.7  1013.9  0.00   0.0   0.020   0.000   18.8    74   14.1   19.1   100    8    100.0    5 
 8/10/26  19:10   12.5   12.6   12.4    89   10.7   0.0   ---   0.00   0.0   ---   12.5   12.6   12.6  1014.1  0.00   0.0   0.020   0.000   18.8    74   14.1   19.1    95    8     97.9    5 
 8/10/26  19:15   12.4   12.5   12.4    89   10.7   0.0   ---   0.00   0.0   ---   12.4   12.5   12.5  1014.3  0.00   0.0   0.020   0.000   18.9    74   14.2   19.1    99    8    100.0    5 
 8/10/26  19:20   12.3   12.4   12.3    89   10.6   0.0   ---   0.00   0.0   ---   12.3   12.4   12.4  1014.2  0.00   0.0   0.021   0.000   18.8    74   14.1   19.1    98    8    100.0    5 
 8/10/26  19:25   12.3   12.3   12.3    89   10.5   0.0   ---   0.00   0.0   ---   12.3   12.3   12.3  1014.2  0.00   0.0   0.021   0.000   18.8    74   14.1   19.1    99    8    100.0    5 
 8/10/26  19:30   12.2   12.3   12.2    89   10.5   0.0   ---   0.00   0.0   ---   12.2   12.3   12.3  1014.3  0.00   0.0   0.021   0.000   18.8    74   14.1   19.1    95    8     97.9    5 
 8/10/26  19:35   12.1   12.2   12.1    90   10.5   0.0   ---   0.00   0.0   ---   12.1   12.2   12.2  1014.2  0.00   0.0   0.022   0.000   18.8    74   14.1   19.1    99    8    100.0    5 
 8/10/26  19:40   12.1   12.1   12.0    90   10.5   0.0   ---   0.00   0.0   ---   12.1   12.1   12.1  1014.3  0.00   0.0   0.022   0.000   18.8    74   14.1   19.1    98    8    100.0    5 
 8/10/26  19:45   11.9   12.0   11.9    90   10.4   0.0   ---   0.00   0.0   ---   11.9   12.0   12.0  1014.5  0.00   0.0   0.022   0.000   18.8    74   14.0   19.0    97    8    100.0    5 
 8/10/26  19:50   11.9   11.9   11.9    90   10.3   0.0   ---   0.00   0.0   ---   11.9   11.9   11.9  1014.7  0.00   0.0   0.022   0.000   18.8    74   14.1   19.1    83    8     85.6    5 
 8/10/26  19:55   11.8   11.9   11.8    90   10.2   0.0   ---   0.00   0.0   ---   11.8   11.9   11.9  1014.6  0.00   0.0   0.023   0.000   18.8    74   14.0   19.0    86    8     88.7    5 
 8/10/26  20:00   11.7   11.8   11.7    90   10.1   0.0   ---   0.00   0.0   ---   11.7   11.8   11.8  1014.6  0.00   0.0   0.023   0.000   18.8    74   14.0   19.0    89    8     91.8    5 
 8/10/26  20:05   11.7   11.8   11.7    90   10.1   0.0   ---   0.00   0.0   ---   11.7   11.8   11.8  1014.7  0.00   0.0   0.023   0.000   18.8    74   14.0   19.0    97    8    100.0    5 
 8/10/26  20:10   11.7   11.7   11.7    90   10.1   0.0   ---   0.00   0.0   ---   11.7   11.7   11.7  1014.7  0.00   0.0   0.023   0.000   18.8    74   14.0   19.0    97    8    100.0    5 
 8/10/26  20:15   11.6   11.7   11.6    90   10.0   0.0   ---   0.00   0.0   ---   11.6   11.7   11.7  1014.8  0.00   0.0   0.023   0.000   18.8    74   14.0   19.0    99    8    100.0    5 
 8/10/26  20:20   11.6   11.7   11.6    90   10.0   0.0   ---   0.00   0.0   ---   11.6   11.7   11.7  1014.8  0.00   0.0   0.023   0.000   18.8    74   14.0   19.0    97    8    100.0    5 
 8/10/26  20:25   11.6   11.7   11.6    90   10.0   0.0   ---   0.00   0.0   ---   11.6   11.7   11.7  1015.0  0.00   0.0   0.023   0.000   18.8    73   13.8   18.9    96    8     99.0    5 
 8/10/26  20:30   11.6   11.6   11.6    90   10.0   0.0   ---   0.00   0.0   ---   11.6   11.6   11.6  1015.0  0.00   0.0   0.024   0.000   18.8    73   13.8   18.9    98    8    100.0    5 
 8/10/26  20:35   11.6   11.6   11.5    90   10.0   0.0   ---   0.00   0.0   ---   11.6   11.6   11.6  1015.1  0.00   0.0   0.024   0.000   18.8    73   13.8   18.9    99    8    100.0    5 
 8/10/26  20:40   11.5   11.6   11.5    90    9.9   0.0   ---   0.00   0.0   ---   11.5   11.6   11.6  1015.3  0.00   0.0   0.024   0.000   18.8    73   13.8   18.9    97    8    100.0    5 
 8/10/26  20:45   11.4   11.5   11.4    90    9.9   0.0   ---   0.00   0.0   ---   11.4   11.5   11.5  1015.3  0.00   0.0   0.024   0.000   18.7    73   13.8   18.9    97    8    100.0    5 
 8/10/26  20:50   11.4   11.4   11.4    90    9.9   0.0   ---   0.00   0.0   ---   11.4   11.5   11.5  1015.6  0.00   0.0   0.024   0.000   18.8    73   13.8   18.9    98    8    100.0    5 
 8/10/26  20:55   11.4   11.4   11.4    90    9.9   0.0   ---   0.00   0.0   ---   11.4   11.5   11.5  1015.8  0.00   0.0   0.024   0.000   18.8    73   13.8   18.9    98    8    100.0    5 
 8/10/26  21:00   11.4   11.4   11.4    90    9.9   0.0   ---   0.00   0.0   ---   11.4   11.5   11.5  1015.9  0.00   0.0   0.024   0.000   18.8    73   13.8   18.9    97    8    100.0    5 
 8/10/26  21:05   11.4   11.5   11.4    90    9.9   0.0   ---   0.00   0.0   ---   11.4   11.5   11.5  1015.9  0.00   0.0   0.024   0.000   18.8    73   13.8   18.9   100    8    100.0    5 
 8/10/26  21:10   11.4   11.5   11.4    90    9.9   0.0   ---   0.00   0.0   ---   11.4   11.5   11.5  1015.9  0.00   0.0   0.024   0.000   18.7    73   13.8   18.9   100    8    100.0    5 
 8/10/26  21:15   11.4   11.4   11.4    89    9.7   0.0   ---   0.00   0.0   ---   11.4   11.5   11.5  1015.7  0.00   0.0   0.024   0.000   18.7    73   13.8   18.9    98    8    100.0    5 
 8/10/26  21:20   11.4   11.4   11.4    90    9.8   0.0   ---   0.00   0.0   ---   11.4   11.5   11.5  1015.8  0.00   0.0   0.024   0.000   18.7    72   13.6   18.9   100    8    100.0    5 
 8/10/26  21:25   11.4   11.4   11.4    90    9.8   0.0   ---   0.00   0.0   ---   11.4   11.5   11.5  1015.9  0.00   0.0   0.024   0.000   18.7    72   13.6   18.9   100    8    100.0    5 
 8/10/26  21:30   11.4   11.4   11.4    89    9.7   0.0   ---   0.00   0.0   ---   11.4   11.5   11.5  1016.0  0.00   0.0   0.024   0.000   18.7    73   13.8   18.9    99    8    100.0    5 
 8/10/26  21:35   11.4   11.4   11.4    89    9.6   0.0   ---   0.00   0.0   ---   11.4   11.4   11.4  1015.9  0.00   0.0   0.024   0.000   18.7    73   13.8   18.9   100    8    100.0    5 
 8/10/26  21:40   11.4   11.4   11.4    90    9.8   0.0   ---   0.00   0.0   ---   11.4   11.5   11.5  1015.9  0.00   0.0   0.024   0.000   18.7    73   13.8   18.9    98    8    100.0    5 
 8/10/26  21:45   11.4   11.4   11.4    89    9.6   0.0   ---   0.00   0.0   ---   11.4   11.4   11.4  1016.0  0.00   0.0   0.024   0.000   18.7    73   13.8   18.9    97    8    100.0    5 
 8/10/26  21:50   11.4   11.4   11.4    89    9.6   0.0   ---   0.00   0.0   ---   11.4   11.4   11.4  1016.0  0.00   0.0   0.024   0.000   18.7    73   13.8   18.9   100    8    100.0    5 
 8/10/26  21:55   11.4   11.4   11.3    90    9.8   0.0   ---   0.00   0.0   ---   11.4   11.5   11.5  1016.0  0.00   0.0   0.024   0.000   18.7    73   13.8   18.9   100    8    100.0    5 
 8/10/26  22:00   11.4   11.4   11.3    90    9.8   0.0   ---   0.00   0.0   ---   11.4   11.5   11.5  1016.1  0.00   0.0   0.024   0.000   18.7    73   13.8   18.9    99    8    100.0    5 
 8/10/26  22:05   11.4   11.4   11.4    90    9.8   0.0   ---   0.00   0.0   ---   11.4   11.5   11.5  1016.2  0.00   0.0   0.024   0.000   18.7    73   13.8   18.9    96    8     99.0    5 
 8/10/26  22:10   11.4   11.4   11.3    90    9.8   0.0   ---   0.00   0.0   ---   11.4   11.5   11.5  1016.2  0.00   0.0   0.024   0.000   18.7    73   13.8   18.9    99    8    100.0    5 
 8/10/26  22:15   11.3   11.4   11.3    90    9.8   0.0   ---   0.00   0.0   ---   11.3   11.4   11.4  1016.2  0.00   0.0   0.024   0.000   18.7    73   13.8   18.9    98    8    100.0    5 
 8/10/26  22:20   11.3   11.4   11.3    90    9.8   0.0   ---   0.00   0.0   ---   11.3   11.4   11.4  1016.2  0.00   0.0   0.024   0.000   18.7    73   13.8   18.9    98    8    100.0    5 
 8/10/26  22:25   11.3   11.4   11.3    90    9.8   0.0   ---   0.00   0.0   ---   11.3   11.4   11.4  1016.2  0.00   0.0   0.024   0.000   18.7    73   13.8   18.9   100    8    100.0    5 
 8/10/26  22:30   11.3   11.3   11.3    90    9.8   0.0   ---   0.00   0.0   ---   11.3   11.4   11.4  1016.3  0.00   0.0   0.024   0.000   18.7    73   13.8   18.9    97    8    100.0    5 
 8/10/26  22:35   11.3   11.4   11.3    90    9.8   0.0   ---   0.00   0.0   ---   11.3   11.4   11.4  1016.1  0.00   0.0   0.024   0.000   18.7    73   13.8   18.9    99    8    100.0    5 
 8/10/26  22:40   11.3   11.3   11.3    90    9.8   0.0   ---   0.00   0.0   ---   11.3   11.4   11.4  1016.1  0.00   0.0   0.024   0.000   18.7    73   13.8   18.9    99    8    100.0    5 
 8/10/26  22:45   11.3   11.3   11.3    90    9.8   0.0   ---   0.00   0.0   ---   11.3   11.4   11.4  1016.0  0.00   0.0   0.024   0.000   18.7    73   13.8   18.9    99    8    100.0    5 
 8/10/26  22:50   11.3   11.3   11.3    90    9.8   0.0   ---   0.00   0.0   ---   11.3   11.4   11.4  1016.0  0.00   0.0   0.024   0.000   18.7    73   13.7   18.8    96    8     99.0    5 
 8/10/26  22:55   11.3   11.3   11.3    90    9.8   0.0   ---   0.00   0.0   ---   11.3   11.4   11.4  1015.9  0.00   0.0   0.024   0.000   18.7    73   13.8   18.9    98    8    100.0    5 
 8/10/26  23:00   11.3   11.3   11.3    90    9.8   0.0   ---   0.00   0.0   ---   11.3   11.4   11.4  1015.8  0.00   0.0   0.024   0.000   18.7    73   13.8   18.9    98    8    100.0    5 
 8/10/26  23:05   11.3   11.3   11.3    90    9.7   0.0   ---   0.00   0.0   ---   11.3   11.4   11.4  1015.7  0.00   0.0   0.024   0.000   18.7    73   13.7   18.8    98    8    100.0    5 
 8/10/26  23:10   11.3   11.3   11.3    90    9.8   0.0   ---   0.00   0.0   ---   11.3   11.4   11.4  1015.6  0.00   0.0   0.024   0.000   18.7    73   13.8   18.9    98    8    100.0    5 
 8/10/26  23:15   11.3   11.3   11.3    90    9.8   0.0   ---   0.00   0.0   ---   11.3   11.4   11.4  1015.6  0.00   0.0   0.024   0.000   18.7    73   13.7   18.8   100    8    100.0    5 
 8/10/26  23:20   11.3   11.3   11.3    90    9.8   0.0   ---   0.00   0.0   ---   11.3   11.4   11.4  1015.6  0.00   0.0   0.024   0.000   18.7    73   13.7   18.8   100    8    100.0    5 
 8/10/26  23:25   11.3   11.3   11.3    90    9.7   0.0   ---   0.00   0.0   ---   11.3   11.4   11.4  1015.5  0.00   0.0   0.024   0.000   18.7    73   13.7   18.8    99    8    100.0    5 
 8/10/26  23:30   11.3   11.3   11.3    90    9.8   0.0   ---   0.00   0.0   ---   11.3   11.4   11.4  1015.6  0.00   0.0   0.024   0.000   18.7    73   13.7   18.8    99    8    100.0    5 
 8/10/26  23:35   11.3   11.3   11.3    90    9.8   0.0   ---   0.00   0.0   ---   11.3   11.4   11.4  1015.6  0.00   0.0   0.024   0.000   18.7    73   13.7   18.8    98    8    100.0    5 
 8/10/26  23:40   11.3   11.3   11.3    90    9.8   0.0   ---   0.00   0.0   ---   11.3   11.4   11.4  1015.5  0.00   0.0   0.024   0.000   18.7    73   13.7   18.8    98    8    100.0    5 
 8/10/26  23:45   11.3   11.3   11.3    90    9.8   0.0   ---   0.00   0.0   ---   11.3   11.4   11.4  1015.5  0.00   0.0   0.024   0.000   18.7    73   13.7   18.8    98    8    100.0    5 
 8/10/26  23:50   11.3   11.3   11.3    91    9.9   0.0   ---   0.00   0.0   ---   11.3   11.4   11.4  1015.8  0.00   0.0   0.024   0.000   18.7    73   13.7   18.8    99    8    100.0    5 
 8/10/26  23:55   11.4   11.4   11.3    91   10.0   0.0   ---   0.00   0.0   ---   11.4   11.5   11.5  1015.9  0.00   0.0   0.024   0.000   18.7    73   13.7   18.8    99    8    100.0    5 
 9/10/26  00:00   11.4   11.4   11.3    91   10.0   0.0   ---   0.00   0.0   ---   11.4   11.5   11.5  1016.0  0.00   0.0   0.024   0.000   18.7    73   13.7   18.8    96    8     99.0    5 
 9/10/26   0:05   11.4   11.4   11.4    91   10.0   0.0   ---   0.00   0.0   ---   11.4   11.6   11.6  1016.1  0.00   0.0   0.024   0.000   18.7    73   13.7   18.8    93    8     95.9    5 
 9/10/26   0:10   11.4   11.5   11.4    91   10.0   0.0   ---   0.00   0.0   ---   11.4   11.6   11.6  1016.2  0.00   0.0   0.024   0.000   18.7    73   13.7   18.8    95    8     97.9    5 
 9/10/26   0:15   11.5   11.5   11.4    91   10.1   0.0   ---   0.00   0.0   ---   11.5   11.6   11.6  1016.2  0.20   0.0   0.024   0.000   18.7    73   13.7   18.8    97    8    100.0    5 
 9/10/26   0:20   11.5   11.5   11.5    91   10.1   0.0   ---   0.00   0.0   ---   11.5   11.6   11.6  1016.2  0.00   0.0   0.024   0.000   18.7    73   13.7   18.8    96    8     99.0    5 
 9/10/26   0:25   11.6   11.6   11.5    91   10.1   0.0   ---   0.00   0.0   ---   11.6   11.7   11.7  1016.3  0.00   0.0   0.024   0.000   18.7    73   13.7   18.8    99    8    100.0    5 
 9/10/26   0:30   11.6   11.6   11.5    91   10.1   0.0   ---   0.00   0.0   ---   11.6   11.7   11.7  1016.5  0.00   0.0   0.024   0.000   18.7    73   13.7   18.8    98    8    100.0    5 
 9/10/26   0:35   11.6   11.6   11.6    91   10.2   0.0   ---   0.00   0.0   ---   11.6   11.7   11.7  1016.4  0.00   0.0   0.023   0.000   18.6    73   13.7   18.8   100    8    100.0    5 
 9/10/26   0:40   11.6   11.6   11.6    91   10.1   0.0   ---   0.00   0.0   ---   11.6   11.7   11.7  1016.5  0.00   0.0   0.024   0.000   18.6    73   13.7   18.8    95    8     97.9    5 
 9/10/26   0:45   11.6   11.6   11.6    91   10.2   0.0   ---   0.00   0.0   ---   11.6   11.7   11.7  1016.6  0.00   0.0   0.023   0.000   18.7    73   13.7   18.8    86    8     88.7    5 
 9/10/26   0:50   11.7   11.7   11.6    91   10.2   0.0   ---   0.00   0.0   ---   11.7   11.7   11.7  1016.7  0.00   0.0   0.023   0.000   18.6    73   13.7   18.8    86    8     88.7    5 
 9/10/26   0:55   11.7   11.7   11.6    91   10.2   0.0   ---   0.00   0.0   ---   11.7   11.7   11.7  1016.7  0.00   0.0   0.023   0.000   18.6    73   13.7   18.8    88    8     90.7    5 
 9/10/26   1:00   11.7   11.7   11.7    91   10.2   0.0   ---   0.00   0.0   ---   11.7   11.7   11.7  1016.6  0.00   0.0   0.023   0.000   18.6    73   13.7   18.8   100    8    100.0    5 
 9/10/26   1:05   11.7   11.7   11.7    91   10.3   0.0   ---   0.00   0.0   ---   11.7   11.8   11.8  1016.7  0.00   0.0   0.023   0.000   18.6    73   13.7   18.8    99    8    100.0    5 
 9/10/26   1:10   11.7   11.7   11.7    91   10.2   0.0   ---   0.00   0.0   ---   11.7   11.7   11.7  1016.6  0.00   0.0   0.023   0.000   18.6    73   13.7   18.8    99    8    100.0    5 
 9/10/26   1:15   11.7   11.7   11.7    91   10.2   0.0   ---   0.00   0.0   ---   11.7   11.7   11.7  1016.6  0.20   0.0   0.023   0.000   18.6    73   13.7   18.8   100    8    100.0    5 
 9/10/26   1:20   11.7   11.7   11.7    91   10.3   0.0   ---   0.00   0.0   ---   11.7   11.8   11.8  1016.6  0.00   0.0   0.023   0.000   18.6    73   13.7   18.8    98    8    100.0    5 
 9/10/26   1:25   11.7   11.7   11.7    91   10.2   0.0   ---   0.00   0.0   ---   11.7   11.7   11.7  1016.8  0.00   0.0   0.023   0.000   18.6    73   13.7   18.8    96    8     99.0    5 
 9/10/26   1:30   11.6   11.7   11.6    91   10.2   0.0   ---   0.00   0.0   ---   11.6   11.7   11.7  1016.9  0.00   0.0   0.023   0.000   18.6    73   13.7   18.8    99    8    100.0    5 
 9/10/26   1:35   11.5   11.6   11.5    91   10.1   0.0   ---   0.00   0.0   ---   11.5   11.6   11.6  1017.0  0.00   0.0   0.024   0.000   18.6    73   13.7   18.8    94    8     96.9    5 
 9/10/26   1:40   11.4   11.5   11.4    91   10.0   0.0   ---   0.00   0.0   ---   11.4   11.6   11.6  1016.9  0.20   0.0   0.024   0.000   18.6    73   13.7   18.8    97    8    100.0    5 
 9/10/26   1:45   11.3   11.4   11.3    91    9.9   0.0   ---   0.00   0.0   ---   11.3   11.4   11.4  1017.0  0.00   0.0   0.024   0.000   18.6    73   13.7   18.8    98    8    100.0    5 
 9/10/26   1:50   11.2   11.3   11.2    91    9.8   0.0   ---   0.00   0.0   ---   11.2   11.3   11.3  1017.3  0.00   0.0   0.025   0.000   18.6    73   13.7   18.8   100    8    100.0    5 
 9/10/26   1:55   11.2   11.2   11.2    91    9.8   0.0   ---   0.00   0.0   ---   11.2   11.3   11.3  1017.3  0.00   0.0   0.025   0.000   18.6    73   13.7   18.8   100    8    100.0    5 
 9/10/26   2:00   11.1   11.2   11.1    91    9.7   0.0   ---   0.00   0.0   ---   11.1   11.2   11.2  1017.2  0.00   0.0   0.025   0.000   18.6    73   13.7   18.8    99    8    100.0    5 
 9/10/26   2:05   11.1   11.2   11.1    91    9.7   0.0   ---   0.00   0.0   ---   11.1   11.2   11.2  1017.3  0.00   0.0   0.025   0.000   18.6    73   13.7   18.8   100    8    100.0    5 
 9/10/26   2:10   11.1   11.1   11.1    91    9.6   0.0   ---   0.00   0.0   ---   11.1   11.2   11.2  1017.3  0.00   0.0   0.025   0.000   18.6    73   13.7   18.8    99    8    100.0    5 
 9/10/26   2:15   11.1   11.1   11.1    91    9.6   0.0   ---   0.00   0.0   ---   11.1   11.2   11.2  1017.3  0.20   0.0   0.025   0.000   18.6    73   13.7   18.8    98    8    100.0    5 
 9/10/26   2:20   11.1   11.1   11.1    91    9.6   0.0   ---   0.00   0.0   ---   11.1   11.2   11.2  1017.3  0.00   0.0   0.025   0.000   18.6    73   13.7   18.8    98    8    100.0    5 
 9/10/26   2:25   11.1   11.1   11.0    91    9.6   0.0   ---   0.00   0.0   ---   11.1   11.2   11.2  1017.2  0.00   0.0   0.025   0.000   18.6    73   13.6   18.7    99    8    100.0    5 
 9/10/26   2:30   11.0   11.1   11.0    91    9.6   0.0   ---   0.00   0.0   ---   11.0   11.1   11.1  1017.2  0.00   0.0   0.025   0.000   18.6    73   13.6   18.7    99    8    100.0    5 
 9/10/26   2:35   11.0   11.0   11.0    91    9.6   0.0   ---   0.00   0.0   ---   11.0   11.1   11.1  1017.1  0.00   0.0   0.025   0.000   18.6    73   13.6   18.7    95    8     97.9    5 
 9/10/26   2:40   11.0   11.0   10.9    91    9.6   0.0   ---   0.00   0.0   ---   11.0   11.1   11.1  1017.2  0.00   0.0   0.025   0.000   18.6    73   13.6   18.7    99    8    100.0    5 
 9/10/26   2:45   11.0   11.0   10.9    91    9.6   0.0   ---   0.00   0.0   ---   11.0   11.1   11.1  1017.1  0.00   0.0   0.025   0.000   18.6    73   13.6   18.7    96    8     99.0    5 
 9/10/26   2:50   11.0   11.0   11.0    91    9.6   0.0   ---   0.00   0.0   ---   11.0   11.1   11.1  1017.0  0.00   0.0   0.025   0.000   18.6    73   13.6   18.7    98    8    100.0    5 
 9/10/26   2:55   11.0   11.1   11.0    91    9.6   0.0   ---   0.00   0.0   ---   11.0   11.1   11.1  1017.0  0.00   0.0   0.025   0.000   18.6    73   13.6   18.7    98    8    100.0    5 
 9/10/26   3:00   11.0   11.0   11.0    91    9.6   0.0   ---   0.00   0.0   ---   11.0   11.1   11.1  1016.9  0.00   0.0   0.025   0.000   18.6    73   13.6   18.7    95    8     97.9    5 
 9/10/26   3:05   11.0   11.0   10.9    91    9.6   0.0   ---   0.00   0.0   ---   11.0   11.1   11.1  1016.8  0.00   0.0   0.025   0.000   18.6    73   13.6   18.7    96    8     99.0    5 
 9/10/26   3:10   11.0   11.0   10.9    91    9.6   0.0   ---   0.00   0.0   ---   11.0   11.1   11.1  1016.7  0.00   0.0   0.025   0.000   18.6    73   13.6   18.7    95    8     97.9    5 
 9/10/26   3:15   10.9   11.0   10.9    91    9.5   0.0   ---   0.00   0.0   ---   10.9   11.1   11.1  1016.8  0.00   0.0   0.026   0.000   18.5    73   13.6   18.6    97    8    100.0    5 
 9/10/26   3:20   10.9   11.0   10.9    91    9.5   0.0   ---   0.00   0.0   ---   10.9   11.1   11.1  1016.8  0.00   0.0   0.026   0.000   18.5    73   13.6   18.6    98    8    100.0    5 
 9/10/26   3:25   10.9   10.9   10.9    91    9.5   0.0   ---   0.00   0.0   ---   10.9   11.1   11.1  1016.7  0.00   0.0   0.026   0.000   18.5    73   13.6   18.6    94    8     96.9    5 
 9/10/26   3:30   10.9   10.9   10.9    91    9.5   0.0   ---   0.00   0.0   ---   10.9   11.0   11.0  1016.7  0.00   0.0   0.026   0.000   18.5    73   13.6   18.6    97    8    100.0    5 
 9/10/26   3:35   10.9   10.9   10.9    91    9.5   0.0   ---   0.00   0.0   ---   10.9   11.0   11.0  1016.7  0.00   0.0   0.026   0.000   18.5    73   13.6   18.6    99    8    100.0    5 
 9/10/26   3:40   10.9   10.9   10.9    92    9.6   0.0   ---   0.00   0.0   ---   10.9   11.1   11.1  1016.7  0.00   0.0   0.026   0.000   18.5    72   13.4   18.6    99    8    100.0    5 
 9/10/26   3:45   10.9   10.9   10.9    92    9.6   0.0   ---   0.00   0.0   ---   10.9   11.1   11.1  1016.6  0.20   0.0   0.026   0.000   18.5    72   13.4   18.6    98    8    100.0    5 
 9/10/26   3:50   10.9   10.9   10.9    92    9.7   0.0   ---   0.00   0.0   ---   10.9   11.1   11.1  1016.6  0.00   0.0   0.026   0.000   18.5    72   13.4   18.6   100    8    100.0    5 
 9/10/26   3:55   10.9   10.9   10.9    92    9.7   0.0   ---   0.00   0.0   ---   10.9   11.1   11.1  1016.6  0.00   0.0   0.026   0.000   18.5    72   13.4   18.6    98    8    100.0    5 
 9/10/26   4:00   10.9   10.9   10.9    92    9.6   0.0   ---   0.00   0.0   ---   10.9   11.1   11.1  1016.6  0.00   0.0   0.026   0.000   18.5    73   13.6   18.6    99    8    100.0    5 
 9/10/26   4:05   10.9   10.9   10.9    92    9.6   0.0   ---   0.00   0.0   ---   10.9   11.1   11.1  1016.7  0.00   0.0   0.026   0.000   18.5    72   13.4   18.6    97    8    100.0    5 
 9/10/26   4:10   10.9   10.9   10.8    92    9.6   0.0   ---   0.00   0.0   ---   10.9   11.1   11.1  1016.7  0.00   0.0   0.026   0.000   18.5    72   13.4   18.6    98    8    100.0    5 
 9/10/26   4:15   10.8   10.9   10.8    92    9.6   0.0   ---   0.00   0.0   ---   10.8   11.0   11.0  1016.7  0.00   0.0   0.026   0.000   18.4    73   13.5   18.6   100    8    100.0    5 
 9/10/26   4:20   10.8   10.9   10.8    92    9.6   0.0   ---   0.00   0.0   ---   10.8   11.0   11.0  1016.7  0.00   0.0   0.026   0.000   18.5    73   13.6   18.6    98    8    100.0    5 
 9/10/26   4:25   10.9   10.9   10.8    92    9.6   0.0   ---   0.00   0.0   ---   10.9   11.1   11.1  1016.8  0.00   0.0   0.026   0.000   18.4    73   13.5   18.6    98    8    100.0    5 
 9/10/26   4:30   10.9   10.9   10.8    92    9.6   0.0   ---   0.00   0.0   ---   10.9   11.1   11.1  1016.9  0.00   0.0   0.026   0.000   18.5    73   13.6   18.6    98    8    100.0    5 
 9/10/26   4:35   10.8   10.9   10.8    91    9.4   0.0   ---   0.00   0.0   ---   10.8   10.9   10.9  1016.9  0.00   0.0   0.026   0.000   18.4    72   13.3   18.6    98    8    100.0    5 
 9/10/26   4:40   10.8   10.9   10.8    91    9.4   0.0   ---   0.00   0.0   ---   10.8   10.9   10.9  1017.0  0.00   0.0   0.026   0.000   18.4    72   13.3   18.6   100    8    100.0    5 
 9/10/26   4:45   10.8   10.8   10.8    91    9.4   0.0   ---   0.00   0.0   ---   10.8   10.9   10.9  1017.0  0.00   0.0   0.026   0.000   18.4    72   13.3   18.6    99    8    100.0    5 
 9/10/26   4:50   10.8   10.9   10.8    91    9.4   0.0   ---   0.00   0.0   ---   10.8   10.9   10.9  1017.1  0.00   0.0   0.026   0.000   18.4    72   13.3   18.6   100    8    100.0    5 
 9/10/26   4:55   10.8   10.9   10.8    92    9.6   0.0   ---   0.00   0.0   ---   10.8   11.0   11.0  1017.2  0.00   0.0   0.026   0.000   18.4    72   13.3   18.6   100    8    100.0    5 
 9/10/26   5:00   10.8   10.9   10.8    91    9.4   0.0   ---   0.00   0.0   ---   10.8   10.9   10.9  1017.4  0.00   0.0   0.026   0.000   18.4    72   13.3   18.6    99    8    100.0    5 
 9/10/26   5:05   10.8   10.9   10.8    91    9.4   0.0   ---   0.00   0.0   ---   10.8   10.9   10.9  1017.5  0.00   0.0   0.026   0.000   18.4    72   13.3   18.6    99    8    100.0    5 
 9/10/26   5:10   10.8   10.8   10.8    92    9.6   0.0   ---   0.00   0.0   ---   10.8   11.0   11.0  1017.6  0.00   0.0   0.026   0.000   18.4    73   13.5   18.6    99    8    100.0    5 
 9/10/26   5:15   10.8   10.8   10.8    92    9.5   0.0   ---   0.00   0.0   ---   10.8   10.9   10.9  1017.7  0.00   0.0   0.026   0.000   18.4    73   13.5   18.6   100    8    100.0    5 
 9/10/26   5:20   10.8   10.8   10.8    92    9.5   0.0   ---   0.00   0.0   ---   10.8   10.9   10.9  1017.7  0.00   0.0   0.026   0.000   18.4    72   13.3   18.6    99    8    100.0    5 
 9/10/26   5:25   10.8   10.8   10.8    92    9.6   0.0   ---   0.00   0.0   ---   10.8   11.0   11.0  1017.9  0.00   0.0   0.026   0.000   18.4    72   13.3   18.6   100    8    100.0    5 
 9/10/26   5:30   10.8   10.8   10.8    92    9.5   0.0   ---   0.00   0.0   ---   10.8   10.9   10.9  1018.2  0.00   0.0   0.026   0.000   18.4    73   13.5   18.6    97    8    100.0    5 
 9/10/26   5:35   10.8   10.8   10.8    92    9.5   0.0   ---   0.00   0.0   ---   10.8   10.9   10.9  1018.2  0.00   0.0   0.026   0.000   18.4    72   13.3   18.6    99    8    100.0    5 
 9/10/26   5:40   10.8   10.8   10.8    92    9.5   0.0   ---   0.00   0.0   ---   10.8   10.9   10.9  1018.3  0.00   0.0   0.026   0.000   18.4    72   13.3   18.6    89    8     91.8    5 
 9/10/26   5:45   10.8   10.8   10.8    92    9.5   0.0   ---   0.00   0.0   ---   10.8   10.9   10.9  1018.4  0.00   0.0   0.026   0.000   18.4    72   13.3   18.6    84    8     86.6    5 
 9/10/26   5:50   10.8   10.8   10.8    92    9.5   0.0   ---   0.00   0.0   ---   10.8   10.9   10.9  1018.5  0.00   0.0   0.026   0.000   18.4    73   13.5   18.6    85    8     87.6    5 
 9/10/26   5:55   10.8   10.8   10.8    92    9.6   0.0   ---   0.00   0.0   ---   10.8   11.0   11.0  1018.6  0.00   0.0   0.026   0.000   18.4    72   13.3   18.6    94    8     96.9    5 
 9/10/26   6:00   10.8   10.8   10.8    92    9.5   0.0   ---   0.00   0.0   ---   10.8   10.9   10.9  1018.6  0.00   0.0   0.026   0.000   18.4    73   13.5   18.6    96    8     99.0    5 
 9/10/26   6:05   10.8   10.8   10.8    92    9.5   0.0   ---   0.00   0.0   ---   10.8   10.9   10.9  1018.5  0.00   0.0   0.026   0.000   18.4    72   13.3   18.6    99    8    100.0    5 
 9/10/26   6:10   10.8   10.8   10.8    92    9.6   0.0   ---   0.00   0.0   ---   10.8   11.0   11.0  1018.6  0.00   0.0   0.026   0.000   18.4    72   13.3   18.6    97    8    100.0    5 
 9/10/26   6:15   10.8   10.8   10.8    92    9.6   0.0   ---   0.00   0.0   ---   10.8   11.0   11.0  1018.7  0.00   0.0   0.026   0.000   18.4    72   13.3   18.6   100    8    100.0    5 
 9/10/26   6:20   10.8   10.8   10.8    92    9.5   0.0   ---   0.00   0.0   ---   10.8   10.9   10.9  1018.8  0.00   0.0   0.026   0.000   18.4    72   13.3   18.6    99    8    100.0    5 
 9/10/26   6:25   10.8   10.8   10.8    92    9.5   0.0   ---   0.00   0.0   ---   10.8   10.9   10.9  1018.8  0.00   0.0   0.026   0.000   18.4    72   13.3   18.6   100    8    100.0    5 
 9/10/26   6:30   10.7   10.8   10.7    92    9.5   0.0   ---   0.00   0.0   ---   10.7   10.9   10.9  1018.9  0.00   0.0   0.026   0.000   18.4    72   13.2   18.4    95    8     97.9    5 
 9/10/26   6:35   10.8   10.8   10.7    92    9.5   0.0   ---   0.00   0.0   ---   10.8   10.9   10.9  1018.8  0.00   0.0   0.026   0.000   18.4    72   13.2   18.4   100    8    100.0    5 
 9/10/26   6:40   10.8   10.8   10.7    92    9.5   0.0   ---   0.00   0.0   ---   10.8   10.9   10.9  1018.7  0.20   0.0   0.026   0.000   18.4    72   13.2   18.4   100    8    100.0    5 
 9/10/26   6:45   10.8   10.8   10.7    92    9.5   0.0   ---   0.00   0.0   ---   10.8   10.9   10.9  1018.8  0.00   0.0   0.026   0.000   18.4    72   13.2   18.4    93    8     95.9    5 
 9/10/26   6:50   10.8   10.8   10.7    92    9.5   0.0   ---   0.00   0.0   ---   10.8   10.9   10.9  1018.8  0.00   0.0   0.026   0.000   18.4    72   13.2   18.4    97    8    100.0    5 
 9/10/26   6:55   10.8   10.8   10.8    92    9.5   0.0   ---   0.00   0.0   ---   10.8   10.9   10.9  1018.7  0.00   0.0   0.026   0.000   18.3    72   13.2   18.4    96    8     99.0    5 
 9/10/26   7:00   10.8   10.8   10.7    92    9.5   0.0   ---   0.00   0.0   ---   10.8   10.9   10.9  1018.6  0.00   0.0   0.026   0.000   18.3    72   13.2   18.4    99    8    100.0    5 
 9/10/26   7:05   10.8   10.8   10.8    92    9.6   0.0   ---   0.00   0.0   ---   10.8   11.0   11.0  1018.6  0.00   0.0   0.026   0.000   18.3    72   13.2   18.4   100    8    100.0    5 
 9/10/26   7:10   10.8   10.8   10.8    92    9.6   0.0   ---   0.00   0.0   ---   10.8   11.0   11.0  1018.7  0.00   0.0   0.026   0.000   18.3    72   13.2   18.4    93    8     95.9    5 
 9/10/26   7:15   10.8   10.8   10.8    92    9.6   0.0   ---   0.00   0.0   ---   10.8   11.0   11.0  1018.8  0.00   0.0   0.026   0.000   18.3    72   13.2   18.4    98    8    100.0    5 
 9/10/26   7:20   10.8   10.9   10.8    92    9.6   0.0   ---   0.00   0.0   ---   10.8   11.0   11.0  1018.7  0.00   0.0   0.026   0.000   18.3    72   13.2   18.4    99    8    100.0    5 
 9/10/26   7:25   10.9   10.9   10.9    92    9.7   0.0   ---   0.00   0.0   ---   10.9   11.1   11.1  1018.5  0.00   0.0   0.026   0.000   18.3    72   13.2   18.4   100    8    100.0    5 
 9/10/26   7:30   10.9   11.0   10.9    92    9.7   0.0   ---   0.00   0.0   ---   10.9   11.1   11.1  1018.4  0.00   0.0   0.026   0.000   18.3    72   13.2   18.4   100    8    100.0    5 
 9/10/26   7:35   10.9   11.0   10.9    92    9.7   0.0   ---   0.00   0.0   ---   10.9   11.1   11.1  1018.4  0.00   0.0   0.026   0.000   18.3    72   13.2   18.4    98    8    100.0    5 
 9/10/26   7:40   10.9   11.0   10.9    92    9.7   0.0   ---   0.00   0.0   ---   10.9   11.1   11.1  1018.4  0.00   0.0   0.026   0.000   18.3    72   13.2   18.4    99    8    100.0    5 
 9/10/26   7:45   10.9   10.9   10.9    92    9.7   0.0   ---   0.00   0.0   ---   10.9   11.1   11.1  1018.5  0.00   0.0   0.026   0.000   18.3    72   13.1   18.3    99    8    100.0    5 
 9/10/26   7:50   11.1   11.1   10.9    92    9.8   0.0   ---   0.00   0.0   ---   11.1   11.2   11.2  1018.7  0.00   0.0   0.025   0.000   18.3    72   13.1   18.3    98    8    100.0    5 
 9/10/26   7:55   11.1   11.1   11.1    92    9.9   0.0   ---   0.00   0.0   ---   11.1   11.2   11.2  1018.6  0.00   0.0   0.025   0.000   18.3    72   13.1   18.3    98    8    100.0    5 
 9/10/26   8:00   11.2   11.2   11.1    92    9.9   0.0   ---   0.00   0.0   ---   11.2   11.3   11.3  1018.5  0.00   0.0   0.025   0.000   18.3    72   13.1   18.3    98    8    100.0    5 
 9/10/26   8:05   11.2   11.3   11.1    92   10.0   0.0   ---   0.00   0.0   ---   11.2   11.3   11.3  1018.5  0.00   0.0   0.025   0.000   18.3    72   13.1   18.3    97    8    100.0    5 
 9/10/26   8:10   11.2   11.2   11.2    92   10.0   0.0   ---   0.00   0.0   ---   11.2   11.3   11.3  1018.6  0.00   0.0   0.025   0.000   18.3    72   13.1   18.3    99    8    100.0    5 
 9/10/26   8:15   11.2   11.3   11.2    92   10.0   0.0   ---   0.00   0.0   ---   11.2   11.3   11.3  1018.5  0.00   0.0   0.025   0.000   18.3    72   13.1   18.3    98    8    100.0    5 
 9/10/26   8:20   11.3   11.3   11.2    92   10.0   0.0   ---   0.00   0.0   ---   11.3   11.4   11.4  1018.5  0.00   0.0   0.024   0.000   18.3    72   13.1   18.3    99    8    100.0    5 
 9/10/26   8:25   11.4   11.4   11.3    92   10.2   0.0   ---   0.00   0.0   ---   11.4   11.6   11.6  1018.7  0.00   0.0   0.024   0.000   18.3    72   13.1   18.3   100    8    100.0    5 
 9/10/26   8:30   11.4   11.4   11.4    92   10.2   0.0   ---   0.00   0.0   ---   11.4   11.6   11.6  1018.8  0.00   0.0   0.024   0.000   18.2    72   13.1   18.3    98    8    100.0    5 
 9/10/26   8:35   11.5   11.5   11.4    92   10.2   0.0   ---   0.00   0.0   ---   11.5   11.6   11.6  1018.7  0.00   0.0   0.024   0.000   18.2    72   13.1   18.3   100    8    100.0    5 
 9/10/26   8:40   11.5   11.5   11.4    92   10.2   0.0   ---   0.00   0.0   ---   11.5   11.6   11.6  1018.6  0.00   0.0   0.024   0.000   18.2    72   13.1   18.3   100    8    100.0    5 
 9/10/26   8:45   11.5   11.5   11.4    91   10.1   0.0   ---   0.00   0.0   ---   11.5   11.6   11.6  1018.7  0.00   0.0   0.024   0.000   18.2    72   13.1   18.3    99    8    100.0    5 
 9/10/26   8:50   11.6   11.6   11.5    91   10.1   0.0   ---   0.00   0.0   ---   11.6   11.7   11.7  1018.9  0.00   0.0   0.024   0.000   18.2    73   13.3   18.3    98    8    100.0    5 
 9/10/26   8:55   11.6   11.6   11.5    92   10.4   0.0   ---   0.00   0.0   ---   11.6   11.7   11.7  1018.8  0.00   0.0   0.023   0.000   18.2    72   13.1   18.3    97    8    100.0    5 
 9/10/26   9:00   11.7   11.7   11.6    92   10.4   0.0   ---   0.00   0.0   ---   11.7   11.8   11.8  1019.0  0.00   0.0   0.023   0.000   18.1    72   13.0   18.1    99    8    100.0    5 
 9/10/26   9:05   11.7   11.7   11.6    92   10.5   0.0   ---   0.00   0.0   ---   11.7   11.8   11.8  1019.0  0.00   0.0   0.023   0.000   18.1    72   12.9   18.1    98    8    100.0    5 
 9/10/26   9:10   11.8   11.8   11.7    92   10.5   0.0   ---   0.00   0.0   ---   11.8   11.9   11.9  1019.1  0.00   0.0   0.023   0.000   18.1    72   12.9   18.1    97    8    100.0    5 
 9/10/26   9:15   11.9   11.9   11.8    92   10.6   0.0   ---   0.00   0.0   ---   11.9   12.0   12.0  1019.3  0.00   0.0   0.022   0.000   18.1    72   12.9   18.1    97    8    100.0    5 
 9/10/26   9:20   11.8   11.9   11.8    91   10.4   0.0   ---   0.00   0.0   ---   11.8   11.9   11.9  1019.4  0.00   0.0   0.023   0.000   18.1    72   12.9   18.1    98    8    100.0    5 
 9/10/26   9:25   11.8   11.8   11.8    91   10.4   0.0   ---   0.00   0.0   ---   11.8   11.9   11.9  1019.5  0.00   0.0   0.023   0.000   18.1    73   13.2   18.2    96    8     99.0    5 
 9/10/26   9:30   11.9   11.9   11.8    91   10.5   0.0   ---   0.00   0.0   ---   11.9   11.9   11.9  1019.6  0.00   0.0   0.022   0.000   18.1    73   13.2   18.2    96    8     99.0    5 
 9/10/26   9:35   12.2   12.2   11.9    92   11.0   0.0   ---   0.00   0.0   ---   12.2   12.3   12.3  1019.6  0.00   0.0   0.021   0.000   18.1    73   13.2   18.2    98    8    100.0    5 
 9/10/26   9:40   12.4   12.4   12.3    92   11.2   0.0   ---   0.00   0.0   ---   12.4   12.5   12.5  1019.5  0.00   0.0   0.020   0.000   18.1    73   13.2   18.2    98    8    100.0    5 
 9/10/26   9:45   12.4   12.6   12.4    92   11.1   0.0   ---   0.00   0.0   ---   12.4   12.4   12.4  1019.7  0.00   0.0   0.021   0.000   18.1    73   13.2   18.2    98    8    100.0    5 
 9/10/26   9:50   12.3   12.4   12.3    91   10.9   0.0   ---   0.00   0.0   ---   12.3   12.4   12.4  1019.8  0.00   0.0   0.021   0.000   18.1    73   13.2   18.2    97    8    100.0    5 
 9/10/26   9:55   12.3   12.3   12.3    91   10.9   0.0   ---   0.00   0.0   ---   12.3   12.4   12.4  1020.1  0.00   0.0   0.021   0.000   18.1    73   13.2   18.2    96    8     99.0    5 
 9/10/26  10:00   12.4   12.4   12.3    91   11.0   0.0   ---   0.00   0.0   ---   12.4   12.4   12.4  1020.3  0.00   0.0   0.021   0.000   18.1    73   13.2   18.2    99    8    100.0    5 
 9/10/26  10:05   12.8   12.8   12.4    92   11.6   0.0   ---   0.00   0.0   ---   12.8   12.9   12.9  1020.2  0.00   0.0   0.019   0.000   18.1    73   13.2   18.2    98    8    100.0    5 
 9/10/26  10:10   12.6   12.8   12.6    90   11.0   0.0   ---   0.00   0.0   ---   12.6   12.7   12.7  1019.9  0.20   0.0   0.020   0.000   18.1    73   13.2   18.2    96    8     99.0    5 
 9/10/26  10:15   12.6   12.7   12.6    90   11.0   0.0   ---   0.00   0.0   ---   12.6   12.6   12.6  1019.9  0.00   0.0   0.020   0.000   18.1    73   13.2   18.2    98    8    100.0    5 
 9/10/26  10:20   12.6   12.6   12.5    91   11.2   0.0   ---   0.00   0.0   ---   12.6   12.7   12.7  1019.9  0.00   0.0   0.020   0.000   18.1    73   13.2   18.2    98    8    100.0    5 
 9/10/26  10:25   12.8   12.8   12.6    90   11.2   0.0   ---   0.00   0.0   ---   12.8   12.8   12.8  1019.9  0.00   0.0   0.019   0.000   18.1    73   13.2   18.2    95    8     97.9    5 
 9/10/26  10:30   12.8   12.9   12.7    90   11.2   0.0   ---   0.00   0.0   ---   12.8   12.9   12.9  1019.8  0.00   0.0   0.019   0.000   18.1    73   13.2   18.2    85    8     87.6    5 
 9/10/26  10:35   12.8   12.8   12.7    89   11.0   0.0   ---   0.00   0.0   ---   12.8   12.8   12.8  1019.5  0.00   0.0   0.019   0.000   18.1    73   13.2   18.2    84    8     86.6    5 
 9/10/26  10:40   12.8   12.9   12.8    88   10.8   0.0   ---   0.00   0.0   ---   12.8   12.8   12.8  1019.5  0.00   0.0   0.019   0.000   18.1    73   13.2   18.2    90    8     92.8    5 
 9/10/26  10:45   12.9   12.9   12.8    88   10.9   0.0   ---   0.00   0.0   ---   12.9   12.9   12.9  1019.5  0.00   0.0   0.019   0.000   18.1    73   13.2   18.2    97    8    100.0    5 
 9/10/26  10:50   12.9   12.9   12.9    86   10.7   0.0   ---   0.00   0.0   ---   12.9   12.9   12.9  1019.5  0.00   0.0   0.019   0.000   18.1    73   13.2   18.2    98    8    100.0    5 
 9/10/26  10:55   12.9   12.9   12.9    87   10.8   0.0   ---   0.00   0.0   ---   12.9   12.9   12.9  1019.6  0.00   0.0   0.019   0.000   18.1    73   13.2   18.2    97    8    100.0    5 
 9/10/26  11:00   13.0   13.0   12.9    88   11.1   0.0   ---   0.00   0.0   ---   13.0   13.0   13.0  1019.8  0.00   0.0   0.019   0.000   18.1    73   13.2   18.2    97    8    100.0    5 
 9/10/26  11:05   13.1   13.1   13.0    87   10.9   0.0   ---   0.00   0.0   ---   13.1   13.1   13.1  1019.9  0.00   0.0   0.018   0.000   18.1    73   13.2   18.2    95    8     97.9    5 
 9/10/26  11:10   13.1   13.1   13.0    87   10.9   0.0   ---   0.00   0.0   ---   13.1   13.1   13.1  1020.1  0.00   0.0   0.018   0.000   18.1    73   13.2   18.2    98    8    100.0    5 
 9/10/26  11:15   13.1   13.1   13.1    87   11.0   0.0   ---   0.00   0.0   ---   13.1   13.1   13.1  1020.4  0.00   0.0   0.018   0.000   18.1    73   13.2   18.2    99    8    100.0    5 
 9/10/26  11:20   13.1   13.1   13.1    87   10.9   0.0   ---   0.00   0.0   ---   13.1   13.1   13.1  1020.5  0.00   0.0   0.018   0.000   18.1    73   13.2   18.2    96    8     99.0    5 
 9/10/26  11:25   13.0   13.1   13.0    87   10.9   0.0   ---   0.00   0.0   ---   13.0   13.0   13.0  1020.7  0.00   0.0   0.019   0.000   18.1    73   13.2   18.2    99    8    100.0    5 
 9/10/26  11:30   13.0   13.1   13.0    88   11.1   0.0   ---   0.00   0.0   ---   13.0   13.0   13.0  1020.5  0.00   0.0   0.019   0.000   18.1    73   13.2   18.2    98    8    100.0    5 
 9/10/26  11:35   12.9   13.1   12.9    88   11.0   0.0   ---   0.00   0.0   ---   12.9   12.9   12.9  1020.5  0.00   0.0   0.019   0.000   18.1    73   13.2   18.2    98    8    100.0    5 
 9/10/26  11:40   13.0   13.0   12.9    89   11.2   0.0   ---   0.00   0.0   ---   13.0   13.1   13.1  1020.5  0.00   0.0   0.019   0.000   18.1    73   13.2   18.2    98    8    100.0    5 
 9/10/26  11:45   12.9   13.0   12.9    88   11.0   0.0   ---   0.00   0.0   ---   12.9   12.9   12.9  1020.5  0.00   0.0   0.019   0.000   18.1    73   13.2   18.2    97    8    100.0    5 
 9/10/26  11:50   12.9   12.9   12.9    88   11.0   0.0   ---   0.00   0.0   ---   12.9   12.9   12.9  1020.3  0.00   0.0   0.019   0.000   18.1    73   13.1   18.1    96    8     99.0    5 
 9/10/26  11:55   13.1   13.1   12.9    89   11.3   0.0   ---   0.00   0.0   ---   13.1   13.2   13.2  1020.0  0.00   0.0   0.018   0.000   18.1    73   13.1   18.1    98    8    100.0    5 
 9/10/26  12:00   13.2   13.3   13.1    89   11.4   0.0   ---   0.00   0.0   ---   13.2   13.3   13.3  1020.0  0.00   0.0   0.018   0.000   18.1    73   13.1   18.1    99    8    100.0    5 
 9/10/26  12:05   13.4   13.4   13.3    89   11.6   0.0   ---   0.00   0.0   ---   13.4   13.4   13.4  1020.0  0.00   0.0   0.017   0.000   18.1    73   13.1   18.1    97    8    100.0    5 
 9/10/26  12:10   13.4   13.4   13.3    88   11.4   0.0   ---   0.00   0.0   ---   13.4   13.4   13.4  1019.9  0.00   0.0   0.017   0.000   18.1    73   13.1   18.1    98    8    100.0    5 
 9/10/26  12:15   13.6   13.7   13.4    88   11.7   0.0   ---   0.00   0.0   ---   13.6   13.6   13.6  1019.9  0.00   0.0   0.016   0.000   18.1    73   13.1   18.1    98    8    100.0    5 
 9/10/26  12:20   13.6   13.7   13.6    87   11.5   0.0   ---   0.00   0.0   ---   13.6   13.6   13.6  1019.8  0.00   0.0   0.016   0.000   18.1    73   13.1   18.1    98    8    100.0    5 
 9/10/26  12:25   13.7   13.7   13.6    88   11.7   0.0   ---   0.00   0.0   ---   13.7   13.7   13.7  1019.7  0.00   0.0   0.016   0.000   18.1    73   13.1   18.1    97    8    100.0    5 
 9/10/26  12:30   13.9   13.9   13.7    89   12.2   0.0   ---   0.00   0.0   ---   13.9   14.0   14.0  1019.6  0.00   0.0   0.015   0.000   18.1    73   13.1   18.1    97    8    100.0    5 
 9/10/26  12:35   13.9   14.0   13.9    86   11.6   0.0   ---   0.00   0.0   ---   13.9   13.9   13.9  1019.6  0.00   0.0   0.015   0.000   18.1    73   13.1   18.1    99    8    100.0    5 
 9/10/26  12:40   14.0   14.0   13.9    85   11.5   0.0   ---   0.00   0.0   ---   14.0   13.9   13.9  1019.6  0.00   0.0   0.015   0.000   18.1    73   13.1   18.1    97    8    100.0    5 
 9/10/26  12:45   14.1   14.1   14.0    84   11.4   0.0   ---   0.00   0.0   ---   14.1   14.1   14.1  1019.6  0.00   0.0   0.015   0.000   18.1    73   13.1   18.1    96    8     99.0    5 
 9/10/26  12:50   14.2   14.2   14.1    84   11.6   0.0   ---   0.00   0.0   ---   14.2   14.2   14.2  1019.7  0.00   0.0   0.014   0.000   18.1    73   13.1   18.1    96    8     99.0    5 
 9/10/26  12:55   14.2   14.2   14.1    84   11.5   0.0   ---   0.00   0.0   ---   14.2   14.1   14.1  1019.6  0.00   0.0   0.014   0.000   18.1    73   13.1   18.1    97    8    100.0    5 
 9/10/26  13:00   14.3   14.3   14.1    85   11.8   0.0   ---   0.00   0.0   ---   14.3   14.2   14.2  1019.4  0.00   0.0   0.014   0.000   18.1    73   13.1   18.1    97    8    100.0    5 
 9/10/26  13:05   14.4   14.4   14.3    83   11.6   0.0   ---   0.00   0.0   ---   14.4   14.4   14.4  1019.4  0.00   0.0   0.014   0.000   18.1    73   13.1   18.1    98    8    100.0    5 
 9/10/26  13:10   14.3   14.4   14.3    82   11.3   0.0   ---   0.00   0.0   ---   14.3   14.2   14.2  1019.3  0.00   0.0   0.014   0.000   18.1    73   13.1   18.1    99    8    100.0    5 
 9/10/26  13:15   14.4   14.4   14.3    83   11.5   0.0   ---   0.00   0.0   ---   14.4   14.3   14.3  1019.1  0.00   0.0   0.014   0.000   18.1    73   13.1   18.1    97    8    100.0    5 
 9/10/26  13:20   14.4   14.4   14.3    83   11.5   0.0   ---   0.00   0.0   ---   14.4   14.3   14.3  1019.3  0.00   0.0   0.014   0.000   18.0    73   13.1   18.1    97    8    100.0    5 
 9/10/26  13:25   14.4   14.4   14.3    83   11.6   0.0   ---   0.00   0.0   ---   14.4   14.4   14.4  1019.1  0.00   0.0   0.014   0.000   18.0    73   13.1   18.1    97    8    100.0    5 
 9/10/26  13:30   14.8   14.8   14.4    81   11.6   0.0   ---   0.00   0.0   ---   14.8   14.7   14.7  1018.9  0.00   0.0   0.012   0.000   18.0    73   13.1   18.1    95    8     97.9    5 
 9/10/26  13:35   14.8   14.8   14.8    81   11.5   0.0   ---   0.00   0.0   ---   14.8   14.7   14.7  1018.8  0.00   0.0   0.012   0.000   18.0    73   13.1   18.1    97    8    100.0    5 
 9/10/26  13:40   14.6   14.8   14.6    81   11.4   0.0   ---   0.00   0.0   ---   14.6   14.5   14.5  1018.8  0.00   0.0   0.013   0.000   18.0    73   13.1   18.1   100    8    100.0    5 
 9/10/26  13:45   14.8   14.8   14.6    81   11.6   0.0   ---   0.00   0.0   ---   14.8   14.7   14.7  1019.1  0.00   0.0   0.012   0.000   18.0    73   13.1   18.1    99    8    100.0    5 
 9/10/26  13:50   14.9   14.9   14.8    80   11.5   0.0   ---   0.00   0.0   ---   14.9   14.8   14.8  1019.1  0.00   0.0   0.012   0.000   18.1    72   12.9   18.1    98    8    100.0    5 
 9/10/26  13:55   14.8   14.9   14.8    79   11.2   0.0   ---   0.00   0.0   ---   14.8   14.7   14.7  1019.2  0.00   0.0   0.012   0.000   18.1    72   13.0   18.1    99    8    100.0    5 
 9/10/26  14:00   14.8   14.9   14.8    80   11.4   0.0   ---   0.00   0.0   ---   14.8   14.7   14.7  1019.3  0.00   0.0   0.012   0.000   18.1    72   13.0   18.1    99    8    100.0    5 
 9/10/26  14:05   15.1   15.1   14.8    82   12.1   0.0   ---   0.00   0.0   ---   15.1   15.1   15.1  1019.4  0.00   0.0   0.011   0.000   18.1    72   13.0   18.1    98    8    100.0    5 
 9/10/26  14:10   15.3   15.3   15.1    79   11.7   0.0   ---   0.00   0.0   ---   15.3   15.2   15.2  1019.4  0.00   0.0   0.011   0.000   18.1    72   13.0   18.1    98    8    100.0    5 
 9/10/26  14:15   15.3   15.4   15.3    78   11.5   0.0   ---   0.00   0.0   ---   15.3   15.2   15.2  1019.5  0.00   0.0   0.010   0.000   18.2    72   13.0   18.2    98    8    100.0    5 
 9/10/26  14:20   15.3   15.3   15.3    77   11.3   0.0   ---   0.00   0.0   ---   15.3   15.1   15.1  1019.3  0.00   0.0   0.011   0.000   18.2    72   13.0   18.2    97    8    100.0    5 
 9/10/26  14:25   15.1   15.3   15.1    78   11.3   0.0   ---   0.00   0.0   ---   15.1   14.9   14.9  1019.4  0.00   0.0   0.011   0.000   18.2    72   13.0   18.2    97    8    100.0    5 
 9/10/26  14:30   15.0   15.1   15.0    77   11.0   0.0   ---   0.00   0.0   ---   15.0   14.8   14.8  1019.3  0.00   0.0   0.012   0.000   18.2    72   13.0   18.2   100    8    100.0    5 
 9/10/26  14:35   14.9   15.0   14.9    78   11.1   0.0   ---   0.00   0.0   ---   14.9   14.8   14.8  1019.3  0.00   0.0   0.012   0.000   18.2    72   13.0   18.2    98    8    100.0    5 
 9/10/26  14:40   15.0   15.0   14.9    78   11.2   0.0   ---   0.00   0.0   ---   15.0   14.8   14.8  1019.1  0.00   0.0   0.012   0.000   18.2    72   13.0   18.2    85    8     87.6    5 
 9/10/26  14:45   14.9   15.0   14.9    79   11.3   0.0   ---   0.00   0.0   ---   14.9   14.8   14.8  1019.2  0.00   0.0   0.012   0.000   18.2    72   13.0   18.2    83    8     85.6    5 
 9/10/26  14:50   14.8   14.9   14.8    79   11.2   0.0   ---   0.00   0.0   ---   14.8   14.7   14.7  1019.3  0.00   0.0   0.012   0.000   18.2    71   12.8   18.2    92    8     94.8    5 
 9/10/26  14:55   14.8   14.8   14.8    79   11.2   0.0   ---   0.00   0.0   ---   14.8   14.7   14.7  1019.2  0.00   0.0   0.012   0.000   18.2    72   13.0   18.2   100    8    100.0    5 
 9/10/26  15:00   14.7   14.8   14.7    78   10.9   0.0   ---   0.00   0.0   ---   14.7   14.6   14.6  1019.2  0.00   0.0   0.013   0.000   18.2    72   13.0   18.2    98    8    100.0    5 
 9/10/26  15:05   14.7   14.7   14.7    79   11.1   0.0   ---   0.00   0.0   ---   14.7   14.6   14.6  1019.1  0.00   0.0   0.013   0.000   18.1    72   13.0   18.1    97    8    100.0    5 
 9/10/26  15:10   14.7   14.7   14.7    77   10.7   0.0   ---   0.00   0.0   ---   14.7   14.5   14.5  1019.1  0.00   0.0   0.013   0.000   18.1    72   13.0   18.1    98    8    100.0    5 
 9/10/26  15:15   14.7   14.7   14.6    78   10.9   0.0   ---   0.00   0.0   ---   14.7   14.5   14.5  1019.1  0.00   0.0   0.013   0.000   18.1    72   12.9   18.1    97    8    100.0    5 
 9/10/26  15:20   14.6   14.6   14.6    80   11.2   0.0   ---   0.00   0.0   ---   14.6   14.5   14.5  1019.1  0.00   0.0   0.013   0.000   18.1    72   12.9   18.1    99    8    100.0    5 
 9/10/26  15:25   14.6   14.6   14.6    80   11.1   0.0   ---   0.00   0.0   ---   14.6   14.4   14.4  1019.2  0.00   0.0   0.013   0.000   18.1    72   12.9   18.1    99    8    100.0    5 
 9/10/26  15:30   14.4   14.6   14.4    79   10.8   0.0   ---   0.00   0.0   ---   14.4   14.3   14.3  1019.3  0.00   0.0   0.014   0.000   18.1    72   13.0   18.1    98    8    100.0    5 
 9/10/26  15:35   14.4   14.4   14.4    80   11.0   0.0   ---   0.00   0.0   ---   14.4   14.3   14.3  1019.4  0.00   0.0   0.014   0.000   18.1    72   13.0   18.1    99    8    100.0    5 
 9/10/26  15:40   14.4   14.4   14.4    80   11.0   0.0   ---   0.00   0.0   ---   14.4   14.3   14.3  1019.4  0.00   0.0   0.014   0.000   18.1    72   13.0   18.1    99    8    100.0    5 
 9/10/26  15:45   14.5   14.5   14.4    79   10.9   0.0   ---   0.00   0.0   ---   14.5   14.3   14.3  1019.4  0.00   0.0   0.013   0.000   18.1    72   13.0   18.1    98    8    100.0    5 
 9/10/26  15:50   14.6   14.6   14.5    79   11.0   0.0   ---   0.00   0.0   ---   14.6   14.4   14.4  1019.5  0.00   0.0   0.013   0.000   18.1    72   13.0   18.1    99    8    100.0    5 
 9/10/26  15:55   14.5   14.6   14.5    78   10.7   0.0   ---   0.00   0.0   ---   14.5   14.3   14.3  1019.6  0.00   0.0   0.013   0.000   18.1    72   13.0   18.1    98    8    100.0    5 
 9/10/26  16:00   14.6   14.6   14.5    78   10.8   0.0   ---   0.00   0.0   ---   14.6   14.4   14.4  1019.6  0.00   0.0   0.013   0.000   18.2    71   12.8   18.2    97    8    100.0    5 
 9/10/26  16:05   14.6   14.6   14.5    78   10.8   0.0   ---   0.00   0.0   ---   14.6   14.4   14.4  1019.5  0.00   0.0   0.013   0.000   18.2    72   13.0   18.2    95    8     97.9    5 
 9/10/26  16:10   14.6   14.6   14.5    79   11.0   0.0   ---   0.00   0.0   ---   14.6   14.4   14.4  1019.5  0.00   0.0   0.013   0.000   18.1    72   13.0   18.1    98    8    100.0    5 
 9/10/26  16:15   14.5   14.6   14.5    78   10.7   0.0   ---   0.00   0.0   ---   14.5   14.3   14.3  1019.6  0.00   0.0   0.013   0.000   18.1    72   13.0   18.1    99    8    100.0    5 
 9/10/26  16:20   14.4   14.6   14.4    78   10.7   0.0   ---   0.00   0.0   ---   14.4   14.3   14.3  1019.9  0.00   0.0   0.014   0.000   18.1    72   13.0   18.1    96    8     99.0    5 
 9/10/26  16:25   14.4   14.4   14.4    79   10.8   0.0   ---   0.00   0.0   ---   14.4   14.3   14.3  1020.0  0.00   0.0   0.014   0.000   18.1    72   13.0   18.1    99    8    100.0    5 
 9/10/26  16:30   14.4   14.4   14.4    81   11.2   0.0   ---   0.00   0.0   ---   14.4   14.3   14.3  1020.2  0.00   0.0   0.014   0.000   18.1    73   13.2   18.2    98    8    100.0    5 
 9/10/26  16:35   14.4   14.4   14.4    80   11.0   0.0   ---   0.00   0.0   ---   14.4   14.3   14.3  1020.2  0.00   0.0   0.014   0.000   18.1    73   13.2   18.2    96    8     99.0    5 
 9/10/26  16:40   14.4   14.4   14.4    80   11.0   0.0   ---   0.00   0.0   ---   14.4   14.3   14.3  1020.1  0.00   0.0   0.014   0.000   18.1    73   13.1   18.1    97    8    100.0    5 
 9/10/26  16:45   14.4   14.4   14.4    81   11.2   0.0   ---   0.00   0.0   ---   14.4   14.3   14.3  1020.1  0.00   0.0   0.014   0.000   18.1    73   13.1   18.1    98    8    100.0    5 
 9/10/26  16:50   14.3   14.4   14.3    81   11.1   0.0   ---   0.00   0.0   ---   14.3   14.2   14.2  1020.0  0.00   0.0   0.014   0.000   18.1    73   13.1   18.1    94    8     96.9    5 
 9/10/26  16:55   14.4   14.4   14.3    81   11.2   0.0   ---   0.00   0.0   ---   14.4   14.3   14.3  1019.6  0.00   0.0   0.014   0.000   18.1    73   13.1   18.1   100    8    100.0    5 
 9/10/26  17:00   14.4   14.4   14.3    81   11.2   0.0   ---   0.00   0.0   ---   14.4   14.3   14.3  1019.5  0.00   0.0   0.014   0.000   18.1    73   13.1   18.1    98    8    100.0    5 
 9/10/26  17:05   14.4   14.4   14.4    81   11.2   0.0   ---   0.00   0.0   ---   14.4   14.3   14.3  1019.2  0.00   0.0   0.014   0.000   18.1    73   13.1   18.1    98    8    100.0    5 
 9/10/26  17:10   14.3   14.4   14.3    81   11.1   0.0   ---   0.00   0.0   ---   14.3   14.2   14.2  1019.1  0.00   0.0   0.014   0.000   18.1    73   13.1   18.1    97    8    100.0    5 
 9/10/26  17:15   14.2   14.3   14.2    81   11.0   0.0   ---   0.00   0.0   ---   14.2   14.1   14.1  1018.9  0.00   0.0   0.014   0.000   18.1    73   13.1   18.1    97    8    100.0    5 
 9/10/26  17:20   14.1   14.2   14.1    81   10.9   0.0   ---   0.00   0.0   ---   14.1   14.0   14.0  1018.8  0.00   0.0   0.015   0.000   18.0    73   13.1   18.1    98    8    100.0    5 
 9/10/26  17:25   14.1   14.2   14.1    81   10.9   0.0   ---   0.00   0.0   ---   14.1   14.0   14.0  1018.5  0.00   0.0   0.015   0.000   18.0    73   13.1   18.1    98    8    100.0    5 
 9/10/26  17:30   14.0   14.1   14.0    81   10.8   0.0   ---   0.00   0.0   ---   14.0   13.9   13.9  1018.9  0.00   0.0   0.015   0.000   18.1    73   13.1   18.1    97    8    100.0    5 
 9/10/26  17:35   13.9   14.0   13.9    82   10.9   0.0   ---   0.00   0.0   ---   13.9   13.8   13.8  1019.4  0.00   0.0   0.015   0.000   18.1    73   13.1   18.1    97    8    100.0    5 
 9/10/26  17:40   13.9   13.9   13.9    81   10.7   0.0   ---   0.00   0.0   ---   13.9   13.7   13.7  1019.5  0.00   0.0   0.015   0.000   18.1    73   13.1   18.1    95    8     97.9    5 
 9/10/26  17:45   13.8   13.9   13.8    82   10.8   0.0   ---   0.00   0.0   ---   13.8   13.7   13.7  1019.5  0.00   0.0   0.016   0.000   18.1    73   13.1   18.1    98    8    100.0    5 
 9/10/26  17:50   13.8   13.8   13.8    82   10.8   0.0   ---   0.00   0.0   ---   13.8   13.7   13.7  1019.5  0.00   0.0   0.016   0.000   18.1    73   13.1   18.1    98    8    100.0    5 
 9/10/26  17:55   13.7   13.8   13.7    82   10.7   0.0   ---   0.00   0.0   ---   13.7   13.6   13.6  1019.6  0.00   0.0   0.016   0.000   18.1    73   13.1   18.1    98    8    100.0    5 
 9/10/26  18:00   13.7   13.7   13.7    82   10.6   0.0   ---   0.00   0.0   ---   13.7   13.6   13.6  1019.9  0.00   0.0   0.016   0.000   18.1    73   13.1   18.1    97    8    100.0    5 
 9/10/26  18:05   13.7   13.7   13.6    82   10.6   0.0   ---   0.00   0.0   ---   13.7   13.6   13.6  1020.2  0.00   0.0   0.016   0.000   18.1    73   13.1   18.1    97    8    100.0    5 
 9/10/26  18:10   13.6   13.7   13.6    81   10.4   0.0   ---   0.00   0.0   ---   13.6   13.4   13.4  1020.5  0.00   0.0   0.017   0.000   18.1    73   13.1   18.1    98    8    100.0    5 
 9/10/26  18:15   13.6   13.6   13.6    82   10.5   0.0   ---   0.00   0.0   ---   13.6   13.4   13.4  1020.5  0.00   0.0   0.017   0.000   18.1    73   13.1   18.1    97    8    100.0    5 
 9/10/26  18:20   13.5   13.6   13.5    82   10.5   0.0   ---   0.00   0.0   ---   13.5   13.4   13.4  1020.7  0.00   0.0   0.017   0.000   18.1    73   13.1   18.1    99    8    100.0    5 
 9/10/26  18:25   13.5   13.5   13.4    82   10.5   0.0   ---   0.00   0.0   ---   13.5   13.4   13.4  1020.8  0.00   0.0   0.017   0.000   18.1    73   13.1   18.1    99    8    100.0    5 
 9/10/26  18:30   13.4   13.5   13.4    82   10.4   0.0   ---   0.00   0.0   ---   13.4   13.3   13.3  1020.9  0.00   0.0   0.017   0.000   18.1    73   13.1   18.1    98    8    100.0    5 
 9/10/26  18:35   13.4   13.5   13.4    82   10.4   0.0   ---   0.00   0.0   ---   13.4   13.3   13.3  1020.9  0.00   0.0   0.017   0.000   18.1    73   13.1   18.1   100    8    100.0    5 
 9/10/26  18:40   13.4   13.4   13.4    82   10.4   0.0   ---   0.00   0.0   ---   13.4   13.3   13.3  1021.0  0.00   0.0   0.017   0.000   18.1    73   13.1   18.1    95    8     97.9    5 
 9/10/26  18:45   13.4   13.4   13.4    82   10.4   0.0   ---   0.00   0.0   ---   13.4   13.3   13.3  1021.0  0.00   0.0   0.017   0.000   18.1    73   13.1   18.1    97    8    100.0    5 
 9/10/26  18:50   13.3   13.4   13.3    82   10.3   0.0   ---   0.00   0.0   ---   13.3   13.2   13.2  1021.0  0.00   0.0   0.017   0.000   18.1    73   13.1   18.1    86    8     88.7    5 
 9/10/26  18:55   13.3   13.4   13.3    82   10.3   0.0   ---   0.00   0.0   ---   13.3   13.2   13.2  1020.9  0.00   0.0   0.017   0.000   18.1    73   13.1   18.1    79    8     81.4    5 
 9/10/26  19:00   13.2   13.3   13.2    82   10.2   0.0   ---   0.00   0.0   ---   13.2   13.1   13.1  1020.9  0.00   0.0   0.018   0.000   18.1    73   13.1   18.1    88    8     90.7    5 
 9/10/26  19:05   13.2   13.2   13.2    82   10.2   0.0   ---   0.00   0.0   ---   13.2   13.1   13.1  1020.9  0.00   0.0   0.018   0.000   18.1    73   13.1   18.1   100    8    100.0    5 
 9/10/26  19:10   13.1   13.2   13.1    82   10.1   0.0   ---   0.00   0.0   ---   13.1   13.0   13.0  1020.7  0.00   0.0   0.018   0.000   18.0    72   12.9   18.0   100    8    100.0    5 
 9/10/26  19:15   13.1   13.1   13.1    82   10.1   0.0   ---   0.00   0.0   ---   13.1   12.9   12.9  1020.8  0.00   0.0   0.018   0.000   18.0    73   13.1   18.1    98    8    100.0    5 
 9/10/26  19:20   13.1   13.1   13.1    83   10.2   0.0   ---   0.00   0.0   ---   13.1   12.9   12.9  1021.0  0.00   0.0   0.018   0.000   18.0    73   13.1   18.1    96    8     99.0    5 
 9/10/26  19:25   13.1   13.1   13.0    83   10.2   0.0   ---   0.00   0.0   ---   13.1   12.9   12.9  1020.9  0.00   0.0   0.018   0.000   18.0    73   13.1   18.1    96    8     99.0    5 
 9/10/26  19:30   13.0   13.0   12.9    83   10.2   0.0   ---   0.00   0.0   ---   13.0   12.9   12.9  1020.8  0.00   0.0   0.019   0.000   18.0    73   13.1   18.1    95    8     97.9    5 
 9/10/26  19:35   12.9   13.0   12.9    83   10.1   0.0   ---   0.00   0.0   ---   12.9   12.8   12.8  1020.9  0.00   0.0   0.019   0.000   18.0    73   13.1   18.1    98    8    100.0    5 
 9/10/26  19:40   12.9   12.9   12.9    83   10.1   0.0   ---   0.00   0.0   ---   12.9   12.8   12.8  1020.9  0.00   0.0   0.019   0.000   18.0    73   13.1   18.1    97    8    100.0    5 
 9/10/26  19:45   12.9   12.9   12.8    83   10.1   0.0   ---   0.00   0.0   ---   12.9   12.8   12.8  1020.9  0.00   0.0   0.019   0.000   18.0    73   13.1   18.1    97    8    100.0    5 
 9/10/26  19:50   12.8   12.9   12.8    83   10.0   0.0   ---   0.00   0.0   ---   12.8   12.7   12.7  1021.0  0.00   0.0   0.019   0.000   17.9    73   13.0   17.9    97    8    100.0    5 
 9/10/26  19:55   12.8   12.8   12.8    84   10.2   0.0   ---   0.00   0.0   ---   12.8   12.8   12.8  1021.1  0.00   0.0   0.019   0.000   17.9    73   13.0   17.9    98    8    100.0    5 
 9/10/26  20:00   12.8   12.8   12.8    84   10.1   0.0   ---   0.00   0.0   ---   12.8   12.7   12.7  1021.2  0.00   0.0   0.019   0.000   17.9    73   13.0   17.9    95    8     97.9    5 
 9/10/26  20:05   12.8   12.8   12.8    84   10.1   0.0   ---   0.00   0.0   ---   12.8   12.7   12.7  1021.3  0.00   0.0   0.019   0.000   17.9    73   13.0   17.9    99    8    100.0    5 
 9/10/26  20:10   12.8   12.8   12.8    84   10.1   0.0   ---   0.00   0.0   ---   12.8   12.7   12.7  1021.5  0.00   0.0   0.019   0.000   17.9    73   13.0   17.9   100    8    100.0    5 
 9/10/26  20:15   12.8   12.8   12.7    84   10.1   0.0   ---   0.00   0.0   ---   12.8   12.7   12.7  1021.6  0.00   0.0   0.019   0.000   17.9    73   13.0   17.9    95    8     97.9    5 
 9/10/26  20:20   12.7   12.8   12.7    84   10.1   0.0   ---   0.00   0.0   ---   12.7   12.7   12.7  1021.7  0.00   0.0   0.019   0.000   17.9    73   13.0   17.9    96    8     99.0    5 
 9/10/26  20:25   12.7   12.8   12.7    84   10.1   0.0   ---   0.00   0.0   ---   12.7   12.7   12.7  1021.7  0.00   0.0   0.019   0.000   17.9    73   13.0   17.9    96    8     99.0    5 
 9/10/26  20:30   12.7   12.7   12.7    84   10.1   0.0   ---   0.00   0.0   ---   12.7   12.7   12.7  1021.8  0.00   0.0   0.019   0.000   17.9    73   13.0   17.9    97    8    100.0    5 
 9/10/26  20:35   12.7   12.7   12.7    84   10.0   0.0   ---   0.00   0.0   ---   12.7   12.6   12.6  1021.7  0.00   0.0   0.020   0.000   17.9    73   13.0   17.9    97    8    100.0    5 
 9/10/26  20:40   12.7   12.7   12.7    85   10.2   0.0   ---   0.00   0.0   ---   12.7   12.6   12.6  1021.6  0.00   0.0   0.020   0.000   17.9    73   13.0   17.9    99    8    100.0    5 
 9/10/26  20:45   12.6   12.7   12.6    85   10.2   0.0   ---   0.00   0.0   ---   12.6   12.6   12.6  1021.6  0.00   0.0   0.020   0.000   17.9    72   12.8   17.9   100    8    100.0    5 
 9/10/26  20:50   12.6   12.6   12.6    85   10.2   0.0   ---   0.00   0.0   ---   12.6   12.6   12.6  1021.7  0.00   0.0   0.020   0.000   17.9    72   12.8   17.9    99    8    100.0    5 
 9/10/26  20:55   12.6   12.6   12.6    85   10.1   0.0   ---   0.00   0.0   ---   12.6   12.5   12.5  1021.7  0.00   0.0   0.020   0.000   17.9    72   12.8   17.9    99    8    100.0    5 
 9/10/26  21:00   12.6   12.6   12.6    85   10.1   0.0   ---   0.00   0.0   ---   12.6   12.5   12.5  1021.8  0.00   0.0   0.020   0.000   17.8    72   12.7   17.8    97    8    100.0    5 
 9/10/26  21:05   12.6   12.6   12.6    84   10.0   0.0   ---   0.00   0.0   ---   12.6   12.6   12.6  1021.8  0.00   0.0   0.020   0.000   17.8    72   12.7   17.8    95    8     97.9    5 
 9/10/26  21:10   12.6   12.6   12.6    84    9.9   0.0   ---   0.00   0.0   ---   12.6   12.5   12.5  1021.9  0.00   0.0   0.020   0.000   17.8    72   12.7   17.8    95    8     97.9    5 
 9/10/26  21:15   12.6   12.6   12.6    84   10.0   0.0   ---   0.00   0.0   ---   12.6   12.6   12.6  1021.9  0.00   0.0   0.020   0.000   17.8    72   12.7   17.8    97    8    100.0    5 
 9/10/26  21:20   12.6   12.6   12.6    85   10.1   0.0   ---   0.00   0.0   ---   12.6   12.5   12.5  1021.9  0.20   0.0   0.020   0.000   17.8    72   12.7   17.7    97    8    100.0    5 
 9/10/26  21:25   12.5   12.6   12.5    86   10.2   0.0   ---   0.00   0.0   ---   12.5   12.4   12.4  1022.1  0.00   0.0   0.020   0.000   17.8    72   12.7   17.7    95    8     97.9    5 
 9/10/26  21:30   12.4   12.5   12.4    86   10.2   0.0   ---   0.00   0.0   ---   12.4   12.4   12.4  1022.2  0.00   0.0   0.020   0.000   17.8    73   12.9   17.8    98    8    100.0    5 
 9/10/26  21:35   12.4   12.4   12.4    87   10.3   0.0   ---   0.00   0.0   ---   12.4   12.4   12.4  1022.3  0.20   0.8   0.021   0.000   17.8    73   12.9   17.8    97    8    100.0    5 
 9/10/26  21:40   12.3   12.4   12.3    87   10.2   0.0   ---   0.00   0.0   ---   12.3   12.3   12.3  1022.4  0.00   0.8   0.021   0.000   17.8    73   12.9   17.8    98    8    100.0    5 
 9/10/26  21:45   12.3   12.3   12.3    88   10.3   0.0   ---   0.00   0.0   ---   12.3   12.3   12.3  1022.4  0.00   0.8   0.021   0.000   17.9    73   13.0   17.9    97    8    100.0    5 
 9/10/26  21:50   12.2   12.3   12.2    88   10.3   0.0   ---   0.00   0.0   ---   12.2   12.2   12.2  1022.5  0.00   0.0   0.021   0.000   17.9    73   13.0   17.9    98    8    100.0    5 
 9/10/26  21:55   12.2   12.2   12.2    88   10.2   0.0   ---   0.00   0.0   ---   12.2   12.2   12.2  1022.5  0.20   0.0   0.021   0.000   17.9    73   13.0   17.9    99    8    100.0    5 
 9/10/26  22:00   12.2   12.2   12.1    88   10.2   0.0   ---   0.00   0.0   ---   12.2   12.2   12.2  1022.5  0.20   2.0   0.021   0.000   17.9    73   13.0   17.9   100    8    100.0    5 
 9/10/26  22:05   12.1   12.2   12.1    89   10.4   0.0   ---   0.00   0.0   ---   12.1   12.2   12.2  1022.5  0.00   2.0   0.022   0.000   17.9    73   13.0   17.9    98    8    100.0    5 
 9/10/26  22:10   12.1   12.1   12.1    89   10.3   0.0   ---   0.00   0.0   ---   12.1   12.1   12.1  1022.4  0.00   1.2   0.022   0.000   17.8    73   12.9   17.8    99    8    100.0    5 
 9/10/26  22:15   12.0   12.1   12.0    89   10.2   0.0   ---   0.00   0.0   ---   12.0   12.1   12.1  1022.5  0.20   1.2   0.022   0.000   17.8    73   12.9   17.8    96    8     99.0    5 
 9/10/26  22:20   12.0   12.0   12.0    89   10.2   0.0   ---   0.00   0.0   ---   12.0   12.1   12.1  1022.4  0.00   1.0   0.022   0.000   17.8    73   12.9   17.8    96    8     99.0    5 
 9/10/26  22:25   11.9   12.0   11.9    89   10.2   0.0   ---   0.00   0.0   ---   11.9   12.0   12.0  1022.4  0.00   0.8   0.022   0.000   17.8    73   12.9   17.8    97    8    100.0    5 
 9/10/26  22:30   11.9   11.9   11.9    89   10.2   0.0   ---   0.00   0.0   ---   11.9   12.0   12.0  1022.3  0.00   0.0   0.022   0.000   17.8    73   12.9   17.8    96    8     99.0    5 
 9/10/26  22:35   11.9   11.9   11.9    89   10.1   0.0   ---   0.00   0.0   ---   11.9   11.9   11.9  1022.3  0.00   0.0   0.022   0.000   17.9    73   13.0   17.9    98    8    100.0    5 
 9/10/26  22:40   11.9   11.9   11.8    90   10.3   0.0   ---   0.00   0.0   ---   11.9   11.9   11.9  1022.2  0.00   0.0   0.022   0.000   17.9    73   13.0   17.9    99    8    100.0    5 
 9/10/26  22:45   11.9   11.9   11.8    90   10.3   0.0   ---   0.00   0.0   ---   11.9   11.9   11.9  1022.0  0.00   0.0   0.022   0.000   17.8    73   12.9   17.8    98    8    100.0    5 
 9/10/26  22:50   11.9   11.9   11.8    90   10.3   0.0   ---   0.00   0.0   ---   11.9   11.9   11.9  1021.7  0.00   0.0   0.022   0.000   17.8    73   12.9   17.8    97    8    100.0    5 
 9/10/26  22:55   11.8   11.8   11.8    90   10.2   0.0   ---   0.00   0.0   ---   11.8   11.9   11.9  1022.0  0.00   0.0   0.023   0.000   17.8    73   12.9   17.8    98    8    100.0    5 
 9/10/26  23:00   11.8   11.8   11.8    90   10.2   0.0   ---   0.00   0.0   ---   11.8   11.9   11.9  1022.0  0.00   0.0   0.023   0.000   17.8    73   12.9   17.8    97    8    100.0    5 
 9/10/26  23:05   11.8   11.8   11.8    90   10.2   0.0   ---   0.00   0.0   ---   11.8   11.8   11.8  1021.9  0.00   0.0   0.023   0.000   17.8    73   12.9   17.8    98    8    100.0    5 
 9/10/26  23:10   11.7   11.8   11.7    90   10.1   0.0   ---   0.00   0.0   ---   11.7   11.8   11.8  1021.9  0.00   0.0   0.023   0.000   17.8    73   12.9   17.8    98    8    100.0    5 
 9/10/26  23:15   11.7   11.7   11.7    90   10.1   0.0   ---   0.00   0.0   ---   11.7   11.8   11.8  1022.0  0.00   0.0   0.023   0.000   17.8    73   12.9   17.8    99    8    100.0    5 
 9/10/26  23:20   11.7   11.7   11.7    90   10.1   0.0   ---   0.00   0.0   ---   11.7   11.7   11.7  1022.0  0.00   0.0   0.023   0.000   17.8    73   12.9   17.8    97    8    100.0    5 
 9/10/26  23:25   11.6   11.7   11.6    90   10.0   0.0   ---   0.00   0.0   ---   11.6   11.7   11.7  1021.9  0.00   0.0   0.023   0.000   17.8    73   12.9   17.8    86    8     88.7    5 
